Product ID,Product Name (Korean),Product Name (English),Part Number,Price (KRW),Price (EUR with 50% markup),Manufacturer,Category,Category (English),Image Filenames
7679,[중고] PARKER VERIFLO IR4003S2K3PX4B 45800606-4,[Used] PARKER VERIFLO IR4003S2K3PX4B 45800606-4,IR4003S2K3PX4B,110000,100.48,PARKER,Gas valve/regulator/pressure gauge,,7679_1.jpg; 7679_1.jpg; 7679_3.jpg; 7679_1.jpg; 7679_1.jpg; 7679_6.jpg; 7679_7.jpg; 7679_8.jpg; 7679_9.jpg; 7679_10.jpg; 7679_11.jpg; 7679_12.jpg; 7679_13.jpg; 7679_14.jpg; 7679_15.jpg; 7679_16.jpg; 7679_17.jpg; 7679_18.jpg; 7679_19.jpg; 7679_20.jpg; 7679_1.jpg; 7679_3.jpg; 7679_23.jpg
5148,"[중고] XYZ-Axis Stage (60 x 60) X,Y,X Stroke 10mm MELLES GRIOT",[Used] XYZ-Axis Stage (60 x 60),10mm,165000,150.73,,Precision stage,,5148_1.jpg; 5148_1.jpg; 5148_3.jpg; 5148_1.jpg; 5148_1.jpg; 5148_6.jpg; 5148_7.jpg; 5148_8.jpg; 5148_9.jpg; 5148_10.jpg; 5148_11.jpg; 5148_1.jpg; 5148_3.jpg; 7298_11.jpg
6990,"[중고] SPG SPIH042S-010K (10:1), 서보모터용 감속기, 50,100W","[Used] SPG SPIH042S-010K (10:1), reducer for servo motor, 50,100W",SPIH042S-010K,88000,80.39,,Reducer/Index/Coupling,,6990_1.jpg; 6990_1.jpg; 6990_3.jpg; 6990_1.jpg; 6990_5.jpg; 6990_1.jpg; 6990_7.jpg; 6990_8.jpg; 6990_9.jpg; 6990_10.jpg; 6990_11.jpg; 6990_12.jpg; 6990_1.jpg; 6990_3.jpg; 6990_15.jpg
5609,[중고] SICK CLV622-1000 CDB620-001,[Used] SICK CLV622-1000 CDB620-001,CLV622-1000,220000,200.97,,Sensors / various cables,,5609_1.jpg; 5609_1.jpg; 5609_3.jpg; 5609_1.jpg; 5609_5.jpg; 5609_6.jpg; 5609_1.jpg; 5609_8.jpg; 5609_9.jpg; 5609_10.jpg; 5609_11.jpg; 5609_12.jpg; 5609_13.jpg; 5609_14.jpg; 5609_15.jpg; 5609_16.jpg; 5609_17.jpg; 5609_18.jpg; 5609_19.jpg; 5609_20.jpg; 5609_21.jpg; 5609_22.jpg; 5609_3.jpg; 5609_24.jpg
7298,[중고] Infinity Scientific A-ZOOM Wafer Probe 검사기 Stage Micro Scope Optcal 광학 프로브,[Used] Infinity Scientific A-ZOOM Wafer Probe Inspection Stage Micro Scope Optcal Optical Probe,,1210000,1105.34,,semiconductor equipment,,7298_1.jpg; 7298_1.jpg; 7298_3.jpg; 7298_1.jpg; 7298_5.jpg; 7298_6.jpg; 7298_7.jpg; 7298_1.jpg; 7298_3.jpg; 7298_10.jpg; 7298_11.jpg
7649,[중고] APEX AB/F 042-S2-P2 (10:1) 서보모터 감속기,[Used] APEX AB/F 042-S2-P2 (10:1) servo motor reducer,042-S2-P2,99000,90.44,,Reducer/Index/Coupling,,7649_1.jpg; 7649_1.jpg; 7649_3.jpg; 7649_1.jpg; 7649_1.jpg; 7649_6.jpg; 7649_7.jpg; 7649_8.jpg; 7649_9.jpg; 7649_10.jpg; 7649_11.jpg; 7649_12.jpg; 7649_13.jpg; 7649_14.jpg; 7649_15.jpg; 7649_16.jpg; 7649_17.jpg; 7649_18.jpg; 7649_19.jpg; 7649_1.jpg; 7649_3.jpg; 7649_22.jpg; 7298_10.jpg; 7298_11.jpg
7942,[중고] SMC XLD-40/ XLD-40-M9NA/ XLD-40HO/ XLD-40-X1043/ XLD-40L/ XLD-40-X586/ XLD-40K/ XLD-40-M9BA/ XLD-40-M9PA  Angle valve 앵글밸브,[Used] SMC XLD-40/ XLD-40-M9NA/ XLD-40HO/ XLD-40-X1043/ XLD-40L/ angle valve,XLD-40/,110000,100.48,,vacuum valve,,7942_1.jpg; 7942_1.jpg; 7942_3.jpg; 7942_1.jpg; 7942_1.jpg; 7942_6.jpg; 7942_7.jpg; 7942_8.jpg; 7942_9.jpg; 7942_10.jpg; 7942_11.jpg; 7942_12.jpg; 7942_13.jpg; 7942_14.jpg; 7942_15.jpg; 7942_16.jpg; 7942_17.jpg; 7942_18.jpg; 7942_19.jpg; 7942_20.jpg; 7942_21.jpg; 7942_1.jpg; 7942_3.jpg; 7942_24.jpg; 7649_22.jpg; 7298_10.jpg; 7298_11.jpg
7664,[중고] MKP VIC-D240 N2 200SLPM,[Used] MKP VIC-D240 N2 200SLPM,VIC-D240,220000,200.97,,MFC/MFM,,7664_1.jpg; 7664_1.jpg; 7664_3.jpg; 7664_1.jpg; 7664_1.jpg; 7664_6.jpg; 7664_7.jpg; 7664_8.jpg; 7664_9.jpg; 7664_10.jpg; 7664_11.jpg; 7664_12.jpg; 7664_13.jpg; 7664_14.jpg; 7664_15.jpg; 7664_16.jpg; 7664_17.jpg; 7664_18.jpg; 7664_19.jpg; 7664_20.jpg; 7664_21.jpg; 7664_22.jpg; 7664_13.jpg; 7664_24.jpg; 7664_1.jpg; 7664_3.jpg; 7151_16.jpg; 7942_24.jpg; 7649_22.jpg; 7298_10.jpg; 7298_11.jpg
7561,[중고] MKS Loadlock Transducer 901P-11030,[Used] MKS Loadlock Transducer 901P-11030,901P-11030,165000,150.73,MKS,vacuum gauge,,7561_1.jpg; 7561_1.jpg; 7561_3.jpg; 7561_1.jpg; 7561_1.jpg; 7561_6.jpg; 7561_7.jpg; 7561_8.jpg; 7561_9.jpg; 7561_10.jpg; 7561_11.jpg; 7561_12.jpg; 7561_13.jpg; 7561_14.jpg; 7561_15.jpg; 7561_16.jpg; 7561_17.jpg; 7561_18.jpg; 7561_19.jpg; 7561_20.jpg; 7561_1.jpg; 7561_3.jpg; 7561_23.jpg; 7151_16.jpg; 7942_24.jpg; 7649_22.jpg; 7298_10.jpg; 7298_11.jpg
7151,[중고] 블로워 1.5KW (2마력) SBT-600HT-H213 SHOWA DENKI 링블로워 브로워 Blower 600*700*880,[Used] Blower 1.5KW (2 horsepower) SBT-600HT-H213 SHOWA DENKI Ring Blower Blower 600*700*880,1.5KW,330000,301.45,,Blower,,7151_1.jpg; 7151_1.jpg; 7151_3.jpg; 7151_1.jpg; 7151_1.jpg; 7151_6.jpg; 7151_7.jpg; 7151_8.jpg; 7151_9.jpg; 7151_10.jpg; 7151_11.jpg; 7151_12.jpg; 7151_1.jpg; 7151_3.jpg; 7151_15.jpg; 7151_16.jpg; 7942_24.jpg; 7649_22.jpg; 7298_10.jpg; 7298_11.jpg
7850,[중고] FESTO 솔레노이드밸브 MHA1-PR12-3-D1-SV SA33301KR 솔밸브,[Used] FESTO solenoid valve MHA1-PR12-3-D1-SV SA33301KR Solenoid valve,MHA1-PR12-3-D1-SV,66000,60.29,,Pneumatic parts (PNEUMATIC),,7850_1.jpg; 7850_2.jpg; 7850_1.jpg; 7850_4.jpg; 7850_5.jpg; 7850_6.jpg; 7850_7.jpg; 7850_8.jpg; 7850_9.jpg; 7850_10.jpg
7714,[중고] RORZE RV201-F05-009-1 LOAD PORT  FOUP OPENER 300mm wafer 12inch,[Used] RORZE RV201-F05-009-1 LOAD PORT FOUP OPENER 300mm wafer 12inch,RV201-F05-009-1,2200000,2009.7,RORZE,LOAD PORT,,7714_1.jpg; 7714_1.jpg; 7714_3.jpg; 7714_1.jpg; 7714_1.jpg; 7714_6.jpg; 7714_7.jpg; 7714_8.jpg; 7714_9.jpg; 7714_10.jpg; 7714_11.jpg; 7714_12.jpg; 7714_13.jpg
7842,[중고] VAT 03112-LA24-BLC1 322143/0011 Slit valve,[Used] VAT 03112-LA24-BLC1 322143/0011 Slit valve,03112-LA24-BLC1,550000,502.42,VAT,vacuum valve,,7842_1.jpg; 7842_1.jpg; 7842_3.jpg; 7842_1.jpg; 7842_1.jpg; 7842_6.jpg; 7842_7.jpg; 7842_8.jpg; 7151_15.jpg; 7151_16.jpg; 7942_24.jpg; 7649_22.jpg; 7298_10.jpg; 7298_11.jpg
7803,[중고] VAT 29034-KA21-AER1 valve 앵글밸브,[Used] VAT 29034-KA21-AER1 valve angle valve,29034-KA21-AER1,110000,100.48,VAT,vacuum valve,,7803_1.jpg; 7803_1.jpg; 7803_3.jpg; 7803_1.jpg; 7803_1.jpg; 7803_6.jpg; 7803_7.jpg; 7803_8.jpg; 7803_9.jpg; 7803_10.jpg; 7803_11.jpg; 7803_1.jpg; 7803_3.jpg; 7803_14.jpg; 7803_15.jpg; 7803_16.jpg; 7151_15.jpg; 7151_16.jpg; 7942_24.jpg; 7649_22.jpg; 7298_10.jpg; 7298_11.jpg
7812,[중고] AERA PI-98 FCPI980CBFXDIAA FCPI981CBFXDIAA Ar He N2 NF3 O2 MFC,[Used] AERA PI-98 FCPI980CBFXDIAA FCPI981CBFXDIAA Ar He N2 NF3 O2 MFC,PI-98,110000,100.48,,MFC/MFM,,7812_1.jpg; 7812_1.jpg; 7812_3.jpg; 7812_4.jpg; 7812_5.jpg; 7812_1.jpg; 7812_7.jpg; 7812_8.jpg; 7803_14.jpg; 7803_15.jpg; 7803_16.jpg; 7151_15.jpg; 7151_16.jpg; 7942_24.jpg; 7649_22.jpg; 7298_10.jpg; 7298_11.jpg
7834,[중고] HSR25 형 (길이335mm/블럭2개) LM가이드 엘엠가이드 LM GUIDE THK IKO NSK 자동화부품 정밀부품 조각기 3D프린터 제작부품 삼익THK 베어링,[Used] HSR25 type (length 335mm/2 blocks) LM Guide LM Guide LM GUIDE THK IKO NSK Automation Parts Precision Parts Engraver 3D Printer Manufacturing Parts Samik THK Bearing,HSR25,49500,45.22,THK,LM GUIDE / BUSHING,,7834_1.jpg; 7834_1.jpg; 7834_3.jpg; 7834_4.jpg; 7834_5.jpg; 7834_6.jpg; 7834_7.jpg; 7834_8.jpg; 7834_9.jpg; 7834_10.jpg; 7834_11.jpg; 7834_12.jpg; 7834_13.jpg; 7834_14.jpg; 7834_15.jpg; 7834_16.jpg; 7834_17.jpg; 7834_18.jpg; 7834_1.jpg; 7834_3.jpg; 7834_21.jpg; 7812_8.jpg; 7803_14.jpg; 7803_15.jpg; 7803_16.jpg; 7151_15.jpg; 7151_16.jpg; 7942_24.jpg; 7649_22.jpg; 7298_10.jpg
7853,[중고] CKD N3S010P *5 N4S010P*1,[Used] CKD N3S010P *5 N4S010P*1,N3S010P,55000,50.24,,Pneumatic parts (PNEUMATIC),,7853_1.jpg; 7853_1.jpg; 7853_3.jpg; 7853_1.jpg; 7853_5.jpg; 7853_6.jpg; 7853_1.jpg; 7853_8.jpg; 7853_9.jpg; 7853_10.jpg; 7853_11.jpg; 7853_12.jpg; 7853_13.jpg; 7853_14.jpg; 7853_15.jpg; 7853_16.jpg; 7853_17.jpg; 7853_18.jpg; 7853_19.jpg; 7853_20.jpg; 7853_21.jpg; 7853_22.jpg; 7853_23.jpg; 7853_24.jpg; 7853_25.jpg; 7853_26.jpg; 7853_27.jpg; 7853_28.jpg; 7853_29.jpg; 7853_30.jpg; 7853_31.jpg; 7853_32.jpg; 7853_33.jpg; 7853_34.jpg; 7853_35.jpg; 7853_36.jpg; 7853_37.jpg; 7853_38.jpg; 7853_39.jpg; 7853_40.jpg; 7853_41.jpg; 7853_42.jpg; 7853_43.jpg; 7853_44.jpg; 7850_9.jpg; 7853_1.jpg; 7853_3.jpg; 7440_30.jpg; 7812_8.jpg; 7803_14.jpg; 7803_15.jpg; 7803_16.jpg; 7151_15.jpg; 7151_16.jpg; 7942_24.jpg; 7649_22.jpg; 7298_10.jpg
7440,[중고] XU-RVM4120 (VACUUM ROBOT),[Used] XU-RVM4120 (VACUUM ROBOT),XU-RVM4120,4400000,4019.4,,semiconductor equipment,,7440_1.jpg; 7440_1.jpg; 7440_3.jpg; 7440_1.jpg; 7440_5.jpg; 7440_6.jpg; 7440_7.jpg; 7440_8.jpg; 7440_9.jpg; 7440_10.jpg; 7440_11.jpg; 7440_12.jpg; 7440_13.jpg; 7440_14.jpg; 7440_15.jpg; 7440_16.jpg; 7440_17.jpg; 7440_18.jpg; 7440_19.jpg; 7440_20.jpg; 7440_21.jpg; 7440_22.jpg; 7440_23.jpg; 7440_24.jpg; 7440_25.jpg; 7440_26.jpg; 7440_1.jpg; 7440_3.jpg; 7440_29.jpg; 7440_30.jpg; 7812_8.jpg; 7803_14.jpg; 7803_15.jpg; 7803_16.jpg; 7151_15.jpg; 7151_16.jpg; 7942_24.jpg; 7649_22.jpg
8029,[중고] 삼성FARA 5축 ATM Robot WTR-AD3000/HOO SRCP제어기 SRC+ ATM로봇 주행축 Dual Arm로봇 반도체 웨이퍼 핸들링 Wafer Handling 로보트 300mm 200mm,[Used] Samsung FARA 5-Axis ATM Robot WTR-AD3000/HOO SRCP Controller SRC+ ATM Robot Travel Axis Dual Arm Robot Semiconductor Wafer Handling Wafer Handling Robot 300mm 200mm,WTR-AD3000/HOO,4400000,4019.4,,"Wafer transfer robot, aligner",,8029_1.jpg; 8029_1.jpg; 8029_3.jpg; 8029_1.jpg; 8029_1.jpg; 8029_6.jpg; 8029_7.jpg; 8029_8.jpg; 8029_9.jpg; 8029_10.jpg; 8029_11.jpg; 7440_22.jpg; 8029_13.jpg; 8029_14.jpg; 8029_15.jpg; 8029_16.jpg; 8029_17.jpg; 8029_18.jpg; 8029_19.jpg; 8029_20.jpg; 8029_21.jpg; 7440_29.jpg; 8029_23.jpg; 8029_24.jpg; 8029_25.jpg; 8029_1.jpg; 8029_3.jpg; 8029_28.jpg; 7440_29.jpg; 7440_30.jpg; 7812_8.jpg; 7803_14.jpg; 7803_15.jpg; 7803_16.jpg; 7151_15.jpg; 7151_16.jpg; 7942_24.jpg
7483,[중고] MURR D-71570,[Used] MURR D-71570,D-71570,33000,30.15,,Electrical parts and other,,7483_1.jpg; 7483_1.jpg; 7483_3.jpg; 7483_1.jpg; 7483_1.jpg; 7483_6.jpg; 7483_7.jpg; 7483_8.jpg; 7483_9.jpg; 7483_10.jpg; 7483_11.jpg; 7483_12.jpg; 7483_13.jpg; 7483_14.jpg; 7483_15.jpg; 7483_16.jpg; 7483_17.jpg; 7483_18.jpg; 7483_19.jpg; 7483_20.jpg; 7483_21.jpg; 7483_1.jpg; 7483_3.jpg; 7483_24.jpg; 8029_28.jpg; 7440_29.jpg; 7440_30.jpg; 7812_8.jpg; 7803_14.jpg; 7803_15.jpg; 7803_16.jpg; 7151_15.jpg; 7151_16.jpg
7215,"[중고] 1축 엑츄에이터 리드50mm 스트로크 1,050mm 자작/DIY CNC부품, 3D프린터 제작","[Used] 1-axis actuator lead 50mm stroke 1,050mm do-it-yourself/DIY CNC parts, 3D printer production",리드50mm,220000,200.97,,Cartesian robot/actuator,,7215_1.jpg; 7215_1.jpg; 7215_3.jpg; 7215_1.jpg; 7215_1.jpg; 7215_6.jpg; 7215_7.jpg; 7215_8.jpg; 7215_9.jpg; 7215_10.jpg; 7215_11.jpg; 7215_12.jpg; 7215_13.jpg; 7215_14.jpg; 7215_15.jpg; 7215_16.jpg; 7215_17.jpg; 7215_18.jpg; 7215_19.jpg; 7215_20.jpg; 7215_21.jpg; 7215_22.jpg; 7215_23.jpg; 7215_24.jpg; 7215_25.jpg; 7215_26.jpg; 7215_27.jpg; 7215_3.jpg; 7634_23.jpg; 7483_24.jpg; 8029_28.jpg; 7440_29.jpg; 7440_30.jpg; 7812_8.jpg; 7803_14.jpg; 7803_15.jpg; 7803_16.jpg; 7151_15.jpg
7634,[중고] Weintek MT6071iE,[Used] Weintek MT6071iE,MT6071iE,165000,150.73,,touch screen,,7634_1.jpg; 7634_1.jpg; 7634_3.jpg; 7634_1.jpg; 7634_1.jpg; 7634_6.jpg; 7634_7.jpg; 7634_8.jpg; 7634_9.jpg; 7634_10.jpg; 7634_11.jpg; 7634_12.jpg; 7634_13.jpg; 7634_14.jpg; 7634_15.jpg; 7634_16.jpg; 7634_17.jpg; 7634_18.jpg; 7634_19.jpg; 7634_1.jpg; 7634_3.jpg; 7634_22.jpg; 7634_23.jpg; 7483_24.jpg; 8029_28.jpg; 7440_29.jpg; 7440_30.jpg; 7812_8.jpg; 7803_14.jpg; 7803_15.jpg; 7803_16.jpg
7474,[중고] OMRON E5ZN-SDL 디지털 인디케이터 인디케이터 indicator,[Used] OMRON E5ZN-SDL digital indicator indicator indicator,E5ZN-SDL,44000,40.19,OMRON,Temperature controller/indicator,,7474_1.jpg; 7474_1.jpg; 7474_3.jpg; 7474_1.jpg; 7474_1.jpg; 7474_6.jpg; 7474_7.jpg; 7474_8.jpg; 7474_9.jpg; 7474_10.jpg; 7474_11.jpg; 7474_12.jpg; 7474_13.jpg; 7474_14.jpg; 7474_15.jpg; 7474_16.jpg; 7474_17.jpg; 7474_18.jpg; 7474_19.jpg; 7474_20.jpg; 7474_21.jpg; 7474_1.jpg; 7474_3.jpg; 7474_24.jpg; 7634_22.jpg; 7634_23.jpg; 7483_24.jpg; 8029_28.jpg; 7440_29.jpg; 7440_30.jpg; 7812_8.jpg; 7803_14.jpg; 7803_15.jpg
6012,[중고] THK (166/60mm) 볼스크류 볼나사 Ballscrew TM스크류 베어링 삼익THK 자동화부품 조각기 3D프린터 제작부품 자작 DIY,[Used] THK (166/60mm) Ball Screw Ball Screw Ballscrew TM Screw Bearing Samik THK Automation Parts Engraver 3D Printer Manufacturing Parts DIY,166/60mm,44000,40.19,THK,Ball screw/spline (SPLINE),,6012_1.jpg; 6012_1.jpg; 6012_3.jpg; 6012_1.jpg; 6012_1.jpg; 6012_6.jpg; 6012_7.jpg; 6012_8.jpg; 6012_9.jpg; 6012_10.jpg; 6012_11.jpg; 6012_12.jpg; 6012_13.jpg; 6012_14.jpg; 6012_15.jpg; 6012_16.jpg; 6012_17.jpg; 6012_18.jpg; 6012_19.jpg; 6012_20.jpg; 6012_1.jpg; 6012_3.jpg; 6012_23.jpg; 7474_24.jpg; 7634_22.jpg; 7634_23.jpg; 7483_24.jpg; 8029_28.jpg; 7440_29.jpg; 7440_30.jpg; 7812_8.jpg; 7803_14.jpg
3944,[중고] X-Axis Stage (25 x 25) SURUGA SEIKI,[Used] X-Axis Stage (25 x 25) SURUGA SEIKI,,44000,40.19,,Precision stage,,3944_1.jpg; 3944_1.jpg; 3944_3.jpg; 3944_1.jpg; 3944_5.jpg; 3944_6.jpg; 3944_7.jpg; 3944_8.jpg; 3944_9.jpg; 3944_10.jpg; 3944_11.jpg; 3944_12.jpg; 3944_13.jpg; 3944_14.jpg; 3944_1.jpg; 3944_3.jpg; 3944_17.jpg; 6012_23.jpg; 7474_24.jpg; 7634_22.jpg; 7634_23.jpg; 7483_24.jpg; 8029_28.jpg; 7440_29.jpg; 7440_30.jpg; 7812_8.jpg
7675,[중고] FX2N-16EYR-ES/UL,[Used] FX2N-16EYR-ES/UL,FX2N-16EYR-ES/UL,85000,77.65,,PLC,,7675_1.jpg; 7675_1.jpg; 7675_3.jpg; 7675_1.jpg; 7675_1.jpg; 7675_6.jpg; 7675_7.jpg; 7675_8.jpg; 7675_9.jpg; 7675_10.jpg; 7675_11.jpg; 7675_12.jpg; 7675_13.jpg; 7675_14.jpg; 7675_15.jpg; 7675_16.jpg; 7675_17.jpg; 7675_18.jpg; 7675_19.jpg; 7675_20.jpg; 7675_1.jpg; 7675_3.jpg; 7675_23.jpg; 3944_17.jpg; 6012_23.jpg; 7474_24.jpg; 7634_22.jpg; 7634_23.jpg; 7483_24.jpg; 8029_28.jpg; 7440_29.jpg; 7440_30.jpg
5078,[중고] RORZE RV201-F05-009-1 LOAD PORT  FOUP OPENER 300mm wafer 12inch,[Used] RORZE RV201-F05-009-1 LOAD PORT FOUP OPENER 300mm wafer 12inch,RV201-F05-009-1,2200000,2009.7,RORZE,LOAD PORT,,5078_1.jpg; 5078_1.jpg; 5078_3.jpg; 5078_1.jpg; 5078_5.jpg; 7714_9.jpg; 7714_10.jpg; 7714_12.jpg; 7803_15.jpg; 7714_11.jpg; 5078_1.jpg; 5078_3.jpg; 7714_13.jpg; 7675_23.jpg; 3944_17.jpg; 6012_23.jpg; 7474_24.jpg; 7634_22.jpg; 7634_23.jpg; 7483_24.jpg; 8029_28.jpg; 7440_29.jpg
7617,"[미사용] SEJINiGB, 서보모터용 감속기, QH040SA-160-S-EP-A130PP","[Unused] SEJINiGB, reducer for servomotor, QH040SA-160-S-EP-A130PP",QH040SA-160-S-EP-A130PP,660000,602.91,,Reducer/Index/Coupling,,7617_1.jpg; 7617_1.jpg; 7617_3.jpg; 7617_1.jpg; 6990_5.jpg; 7617_1.jpg; 7617_7.jpg; 7617_8.jpg; 7617_9.jpg; 7617_10.jpg; 7617_11.jpg; 7617_12.jpg; 7617_13.jpg; 7617_14.jpg; 7617_15.jpg; 7617_16.jpg; 7617_17.jpg; 7617_18.jpg; 7617_19.jpg; 7617_20.jpg; 7617_21.jpg; 7617_22.jpg; 7617_1.jpg; 7617_3.jpg; 7142_19.jpg; 7142_20.jpg; 7675_23.jpg; 3944_17.jpg; 6012_23.jpg; 7474_24.jpg; 7634_22.jpg; 7634_23.jpg; 7483_24.jpg; 8029_28.jpg
7968,[중고] SGMPS-08ACA2C 야스카와 서보 서보모터 AC서보모터 YASKAWA 시그마 자동화부품 조각기 3D프린터 부품 산업용 자동화설비,[Used] SGMPS-08ACA2C YASKAWA Servo Servo Motor AC Servo Motor YASKAWA Sigma Automation Parts Engraver 3D Printer Parts Industrial Automation Equipment,SGMPS-08ACA2C,275000,251.21,YASKAWA,Servo motor/servo driver,,7968_1.jpg; 7968_1.jpg; 7968_3.jpg; 7968_1.jpg; 7968_1.jpg; 7968_6.jpg; 7968_7.jpg; 7968_8.jpg; 7968_9.jpg; 7968_10.jpg; 7968_11.jpg; 7968_12.jpg; 7968_13.jpg; 7968_14.jpg; 7968_15.jpg; 7968_16.jpg; 7968_17.jpg; 7968_18.jpg; 7968_19.jpg; 7968_20.jpg; 7968_21.jpg; 7968_22.jpg; 7968_1.jpg; 7968_3.jpg; 7142_18.jpg; 7142_19.jpg; 7142_20.jpg; 7675_23.jpg; 3944_17.jpg; 6012_23.jpg; 7474_24.jpg; 7634_22.jpg; 7634_23.jpg; 7483_24.jpg
7953,[중고] PARKER VERIFLO SQ42E01002PFS8MM,[Used] PARKER VERIFLO SQ42E01002PFS8MM,SQ42E01002PFS8MM,110000,100.48,PARKER,Gas valve/regulator/pressure gauge,,7953_1.jpg; 7953_1.jpg; 7953_3.jpg; 7953_1.jpg; 7953_1.jpg; 7953_6.jpg; 7679_8.jpg; 7679_23.jpg; 7953_9.jpg; 7953_10.jpg; 7679_18.jpg; 7953_12.jpg; 7679_14.jpg; 7953_14.jpg; 7679_17.jpg; 7679_10.jpg; 7679_19.jpg; 7679_20.jpg; 7953_19.jpg; 7679_7.jpg; 7953_1.jpg; 7953_3.jpg; 7679_11.jpg; 7142_19.jpg; 7142_20.jpg; 7675_23.jpg; 3944_17.jpg; 6012_23.jpg; 7474_24.jpg; 7634_22.jpg; 7634_23.jpg; 7483_24.jpg
7142,[중고] HRW17 (길이120mm/블럭2개) LM가이드 엘엠가이드 LM GUIDE THK IKO NSK 자동화부품 정밀부품 조각기 3D프린터 제작부품 삼익THK 베어링,[Used] HRW17 (Length 120mm/2 blocks) LM Guide LM Guide LM GUIDE THK IKO NSK Automation Parts Precision Parts Engraver 3D Printer Manufacturing Parts Samik THK Bearing,HRW17,33000,30.15,THK,LM GUIDE / BUSHING,,7142_1.jpg; 7142_1.jpg; 7142_3.jpg; 7142_1.jpg; 7142_1.jpg; 7142_6.jpg; 7142_7.jpg; 7142_8.jpg; 7142_9.jpg; 7142_10.jpg; 7142_11.jpg; 7142_12.jpg; 7142_13.jpg; 7142_14.jpg; 7142_1.jpg; 7142_3.jpg; 7142_17.jpg; 7142_18.jpg; 7142_19.jpg; 7142_20.jpg; 7675_23.jpg; 3944_17.jpg; 6012_23.jpg; 7474_24.jpg; 7634_22.jpg; 7634_23.jpg
7627,"[중고] SESAME PGL42-20-P1 (20:1), 서보모터용 감속기, 50,100W","[Used] SESAME PGL42-20-P1 (20:1), reducer for servo motor, 50,100W",PGL42-20-P1,88000,80.39,,Reducer/Index/Coupling,,7627_1.jpg; 7627_1.jpg; 7627_3.jpg; 7627_1.jpg; 6990_5.jpg; 7627_1.jpg; 7627_7.jpg; 7617_20.jpg; 7617_15.jpg; 7627_10.jpg; 7617_17.jpg; 7617_21.jpg; 7627_13.jpg; 7627_14.jpg; 7627_15.jpg; 7617_9.jpg; 7627_17.jpg; 7627_18.jpg; 7627_19.jpg; 7617_19.jpg; 7627_21.jpg; 7627_1.jpg; 7627_3.jpg; 5897_17.jpg; 7142_17.jpg; 7142_18.jpg; 7142_19.jpg; 7142_20.jpg; 7675_23.jpg; 3944_17.jpg; 6012_23.jpg; 7474_24.jpg; 7634_22.jpg
5729,[증고] MA-HHK Tazmo Aligner,[Review] MA-HHK Tazmo Aligner,,1760000,1607.76,,semiconductor equipment,,5729_1.jpg; 5729_1.jpg; 5729_3.jpg; 5729_1.jpg; 5729_1.jpg; 5729_6.jpg; 5729_7.jpg; 5729_8.jpg; 5729_9.jpg; 5729_10.jpg; 5729_11.jpg; 5729_12.jpg; 5729_13.jpg; 5729_14.jpg; 5729_15.jpg; 5729_16.jpg; 5729_17.jpg; 5729_18.jpg; 5729_19.jpg; 7440_23.jpg; 5729_21.jpg; 5729_1.jpg; 5729_3.jpg; 7440_20.jpg; 7142_17.jpg; 7142_18.jpg; 7142_19.jpg; 7142_20.jpg; 7675_23.jpg; 3944_17.jpg; 6012_23.jpg; 7474_24.jpg; 7634_22.jpg
7907,[중고] THV-1PZ030-8*HN-9 RKC,[Used] THV-1PZ030-8*HN-9 RKC,THV-1PZ030-8*HN-9,165000,150.73,,Electrical parts and other,,7907_1.jpg; 7907_1.jpg; 7907_3.jpg; 7907_1.jpg; 7907_1.jpg; 7907_6.jpg; 7907_7.jpg; 7907_8.jpg; 7907_9.jpg; 7907_10.jpg; 7907_11.jpg; 7907_12.jpg; 7907_13.jpg; 7907_1.jpg; 7907_3.jpg; 7907_16.jpg; 5897_17.jpg; 7142_17.jpg; 7142_18.jpg; 7142_19.jpg; 7142_20.jpg; 7675_23.jpg; 3944_17.jpg; 6012_23.jpg; 7474_24.jpg
5897,[중고] HRW17 (블럭1개) LM가이드 엘엠가이드 LM GUIDE THK IKO NSK 자동화부품 정밀부품 조각기 3D프린터 제작부품 삼익THK 베어링,[Used] HRW17 (1 block) LM Guide LM Guide LM GUIDE THK IKO NSK Automation Parts Precision Parts Engraver 3D Printer Manufacturing Parts Samik THK Bearing,HRW17,16500,15.07,THK,LM GUIDE / BUSHING,,5897_1.jpg; 5897_1.jpg; 5897_3.jpg; 5897_1.jpg; 5897_1.jpg; 5897_6.jpg; 7142_14.jpg; 7142_17.jpg; 7142_8.jpg; 7142_9.jpg; 7142_13.jpg; 7142_11.jpg; 7142_12.jpg; 5897_1.jpg; 5897_3.jpg; 7142_10.jpg; 5897_17.jpg; 7142_17.jpg; 7142_18.jpg; 7142_19.jpg; 7142_20.jpg; 7675_23.jpg; 3944_17.jpg; 6012_23.jpg; 7474_24.jpg
8010,[중고]COSEL PAA75F-15 (15V 5A) 파워써플라이 파워서플라이 POWER SUPPLY SMPS(15V),[Used] COSEL PAA75F-15 (15V 5A) Power supply Power supply POWER SUPPLY SMPS(15V),PAA75F-15,22000,20.1,,Power supply SMPS,,8010_1.jpg; 8010_1.jpg; 8010_3.jpg; 8010_1.jpg; 8010_1.jpg; 8010_6.jpg; 8010_7.jpg; 8010_8.jpg; 8010_9.jpg; 8010_10.jpg; 8010_11.jpg; 8010_12.jpg; 8010_13.jpg; 8010_14.jpg; 8010_15.jpg; 8010_16.jpg; 8010_17.jpg; 8010_18.jpg; 8010_19.jpg; 8010_20.jpg; 8010_1.jpg; 8010_3.jpg; 3068_20.jpg; 7907_16.jpg; 5897_17.jpg; 7142_17.jpg; 7142_18.jpg; 7142_19.jpg; 7142_20.jpg; 7675_23.jpg; 3944_17.jpg; 6012_23.jpg
7932,[중고] 3080028-02 GP2301H-SC41-24V PRO-FACE,[Used] 3080028-02 GP2301H-SC41-24V PRO-FACE,GP2301H-SC41-24V,440000,401.94,,"Wafer transfer robot, aligner",,7932_1.jpg; 7932_1.jpg; 7932_3.jpg; 7932_1.jpg; 7932_1.jpg; 7932_6.jpg; 7932_7.jpg; 7932_8.jpg; 7932_9.jpg; 7932_10.jpg; 7932_11.jpg; 7932_12.jpg; 7932_13.jpg; 7932_14.jpg; 7932_15.jpg; 7932_16.jpg; 7932_17.jpg; 7932_18.jpg; 7932_19.jpg; 7932_20.jpg; 7932_21.jpg; 7932_1.jpg; 7932_3.jpg; 7932_24.jpg; 7907_16.jpg; 5897_17.jpg; 7142_17.jpg; 7142_18.jpg; 7142_19.jpg; 7142_20.jpg; 7675_23.jpg; 3944_17.jpg; 6012_23.jpg
3068,[중고] X-Axis Stage (40 x 40),[Used] X-Axis Stage (40 x 40),,44000,40.19,,Precision stage,,3068_1.jpg; 3068_1.jpg; 3068_3.jpg; 3068_1.jpg; 3068_1.jpg; 3068_6.jpg; 3068_7.jpg; 3944_7.jpg; 3944_17.jpg; 3944_6.jpg; 3944_11.jpg; 3944_13.jpg; 3944_14.jpg; 3944_12.jpg; 3944_8.jpg; 3944_9.jpg; 3068_1.jpg; 3068_3.jpg; 3944_10.jpg; 3068_20.jpg; 7907_16.jpg; 5897_17.jpg; 7142_17.jpg; 7142_18.jpg; 7142_19.jpg; 7142_20.jpg; 7675_23.jpg; 3944_17.jpg
7875,[중고] TYPE 103H548-0410,[Used] TYPE 103H548-0410,103H548-0410,11000,10.05,,Stepping motor/driver/BLDC,,7875_1.jpg; 7875_1.jpg; 7875_3.jpg; 7875_1.jpg; 7875_1.jpg; 7875_6.jpg; 7875_7.jpg; 7875_8.jpg; 7875_9.jpg; 7875_10.jpg; 7875_11.jpg; 7875_12.jpg; 7875_13.jpg; 7875_14.jpg; 7875_15.jpg; 7875_16.jpg; 7875_17.jpg; 7875_18.jpg; 7875_19.jpg; 7875_1.jpg; 7875_3.jpg; 7875_22.jpg; 3944_10.jpg; 3068_20.jpg; 7907_16.jpg; 5897_17.jpg; 7142_17.jpg; 7142_18.jpg; 7142_19.jpg; 7142_20.jpg; 7675_23.jpg
8067,[중고] PF2A751-04-27 FOLW SWITCH  공압실린더 SMC,[Used] PF2A751-04-27 FOLW SWITCH Pneumatic Cylinder SMC,PF2A751-04-27,33000,30.15,,Pneumatic parts (PNEUMATIC),,8067_1.jpg; 8067_1.jpg; 8067_3.jpg; 8067_1.jpg; 8067_1.jpg; 8067_6.jpg; 8067_7.jpg; 8067_8.jpg; 8067_9.jpg; 8067_10.jpg; 8067_11.jpg; 8067_12.jpg; 8067_13.jpg; 8067_14.jpg; 8067_15.jpg; 8067_16.jpg; 8067_17.jpg; 8067_18.jpg; 8067_19.jpg; 8067_20.jpg; 8067_1.jpg; 8067_3.jpg; 5966_12.jpg; 7875_22.jpg; 3944_10.jpg; 3068_20.jpg; 7907_16.jpg; 5897_17.jpg; 7142_17.jpg; 7142_18.jpg; 7142_19.jpg; 7142_20.jpg
7772,[중고] VTEX ROLLCAM Slit Valve 200mm,[Used] VTEX ROLLCAM Slit Valve 200mm,200mm,550000,502.42,,vacuum valve,,7772_1.jpg; 7772_1.jpg; 7772_3.jpg; 7772_1.jpg; 7772_1.jpg; 7772_6.jpg; 7772_7.jpg; 7772_8.jpg; 7772_9.jpg; 7772_10.jpg; 7772_11.jpg; 7772_12.jpg; 7772_1.jpg; 7772_3.jpg; 7772_15.jpg; 5966_12.jpg; 7875_22.jpg; 3944_10.jpg; 3068_20.jpg; 7907_16.jpg; 5897_17.jpg; 7142_17.jpg; 7142_18.jpg; 7142_19.jpg
5966,[중고] SM9N090GB-ES12 SYM기어드모터 감속기 기어헤드 인덕션모터 AC모터 AC기어드모터,[Used] SM9N090GB-ES12 SYM geared motor reducer gear head induction motor AC motor AC geared motor,SM9N090GB-ES12,33000,30.15,,AC motor/geared motor/DC motor,,5966_1.jpg; 5966_1.jpg; 5966_3.jpg; 5966_1.jpg; 5966_1.jpg; 5966_6.jpg; 5966_7.jpg; 5966_8.jpg; 5966_1.jpg; 5966_3.jpg; 5966_11.jpg; 5966_12.jpg; 7875_22.jpg; 3944_10.jpg; 3068_20.jpg; 7907_16.jpg; 5897_17.jpg; 7142_17.jpg; 7142_18.jpg; 7142_19.jpg
7465,[중고] MKS Baratron Pressure Transducer 722A13TGA2FA 722A12TGA2FA 722A13TCD2FA 722A21TCD2FA 722A01TCD2FK 722A02TBA2FK 722A-23739 722A12TCD2FA 722A13TCE2FA 722A11TCE2FA,[Used] MKS Baratron Pressure Transducer 722A13TGA2FA 722A12TGA2FA 722A13TCD2FA 722A21TCD2FA 722A01TCD2FK 722A02TBA2FK 722A-23739 722A12TCD2FA 722A13TCE2FA 722A11TCE2FA,722A13TGA2FA,330000,301.45,MKS,vacuum gauge,,7465_1.jpg; 7465_1.jpg; 7465_3.jpg; 7465_1.jpg; 7465_1.jpg; 7465_6.jpg; 7561_9.jpg; 7465_8.jpg; 7465_9.jpg; 7465_10.jpg; 7465_11.jpg; 7561_14.jpg; 7465_13.jpg; 7465_14.jpg; 7561_11.jpg; 7561_7.jpg; 7465_17.jpg; 7561_23.jpg; 7561_16.jpg; 7465_20.jpg; 7465_1.jpg; 7465_3.jpg; 7561_15.jpg; 5966_11.jpg; 5966_12.jpg; 7875_22.jpg; 3944_10.jpg; 3068_20.jpg; 7907_16.jpg; 5897_17.jpg; 7142_17.jpg; 7142_18.jpg
7839,[중고] PARKER SQMICRO302PFSMM SQMICRO302PFSMF,[Used] PARKER SQMICRO302PFSMM SQMICRO302PFSMF,SQMICRO302PFSMM,220000,200.97,PARKER,Gas valve/regulator/pressure gauge,,7839_1.jpg; 7839_1.jpg; 7839_3.jpg; 7839_1.jpg; 7839_1.jpg; 7839_6.jpg; 7953_9.jpg; 7839_8.jpg; 7839_9.jpg; 7679_9.jpg; 7839_11.jpg; 7679_7.jpg; 7839_13.jpg; 7839_14.jpg; 7679_20.jpg; 7679_14.jpg; 7839_17.jpg; 7839_18.jpg; 7679_12.jpg; 7679_15.jpg; 7839_1.jpg; 7839_3.jpg; 7839_23.jpg; 7561_15.jpg; 5966_11.jpg; 5966_12.jpg; 7875_22.jpg; 3944_10.jpg; 3068_20.jpg; 7907_16.jpg; 5897_17.jpg; 7142_17.jpg
5972,[중고] S9I180GB SPG기어드모터 감속기 기어헤드 인덕션모터 AC모터 AC기어드모터,[Used] S9I180GB SPG geared motor reducer gear head induction motor AC motor AC geared motor,S9I180GB,44000,40.19,,AC motor/geared motor/DC motor,,5972_1.jpg; 5972_1.jpg; 5972_3.jpg; 5972_1.jpg; 5972_1.jpg; 5972_6.jpg; 5972_7.jpg; 5972_8.jpg; 5972_9.jpg; 5972_10.jpg; 5972_11.jpg; 5972_12.jpg; 5972_13.jpg; 5972_14.jpg; 5972_15.jpg; 5972_16.jpg; 5972_17.jpg; 5972_18.jpg; 5972_19.jpg; 5972_20.jpg; 5972_1.jpg; 5972_3.jpg; 5972_23.jpg; 7839_23.jpg; 7561_15.jpg; 5966_11.jpg; 5966_12.jpg; 7875_22.jpg; 3944_10.jpg; 3068_20.jpg; 7907_16.jpg; 5897_17.jpg
6594,"[중고] DAIHEN RMN-30D,30D1 MATCH","[Used] DAIHEN RMN-30D,30D1 MATCH","RMN-30D,30D1",2200000,2009.7,,RF/DC/MATCH,,6594_1.jpg; 6594_1.jpg; 6594_3.jpg; 6594_1.jpg; 6594_1.jpg; 6594_6.jpg; 6594_7.jpg; 6594_8.jpg; 6594_9.jpg; 6594_10.jpg; 6594_11.jpg; 6594_12.jpg; 6594_13.jpg; 6594_14.jpg; 6594_15.jpg; 6594_16.jpg; 6594_17.jpg; 6594_18.jpg; 6594_19.jpg; 6594_20.jpg; 6594_21.jpg; 6594_1.jpg; 6594_3.jpg; 6594_24.jpg; 7839_23.jpg; 7561_15.jpg; 5966_11.jpg; 5966_12.jpg; 7875_22.jpg; 3944_10.jpg; 3068_20.jpg; 7907_16.jpg; 5897_17.jpg
7956,[중고]13- MXS16-20AS,[Used]13- MXS16-20AS,MXS16-20AS,55000,50.24,,Pneumatic parts (PNEUMATIC),,7956_1.jpg; 7956_1.jpg; 7956_3.jpg; 7956_1.jpg; 7956_1.jpg; 7956_6.jpg; 7956_7.jpg; 7956_8.jpg; 7956_9.jpg; 7956_10.jpg; 7956_11.jpg; 7956_12.jpg; 7956_13.jpg; 7956_14.jpg; 7956_15.jpg; 7956_16.jpg; 7956_17.jpg; 7956_18.jpg; 7956_19.jpg; 7956_20.jpg; 7956_21.jpg; 7956_1.jpg; 7956_3.jpg; 7956_24.jpg; 6594_24.jpg; 7839_23.jpg; 7561_15.jpg; 5966_11.jpg; 5966_12.jpg; 7875_22.jpg; 3944_10.jpg; 3068_20.jpg; 7907_16.jpg
5383,[미사용] XTG920K,[미사용] XTG920K,XTG920K,35000,31.97,,AC motor/geared motor/DC motor,,5383_1.jpg; 5383_1.jpg; 5383_3.jpg; 5383_1.jpg; 5383_1.jpg; 5383_6.jpg; 5383_7.jpg; 5383_8.jpg; 5972_12.jpg; 5383_10.jpg; 5383_11.jpg; 5972_15.jpg
7692,[중고] Schneider Telemecanique ABL8RPS24100 (24~28.8VDC 10~8.33A) 파워써플라이 파워서플라이 POWER SUPPLY SMPS,[중고] Schneider Telemecanique ABL8RPS24100 (24~28.8VDC 10~8.33A) 파워써플라이 파워서플라이 POWER SUPPLY SMPS,ABL8RPS24100,110000,100.48,,Power supply SMPS,,7692_1.jpg; 7692_1.jpg; 7692_3.jpg; 7692_1.jpg; 7692_1.jpg
7923,[중고] SB-701-XE4013 DAIHEN,[Used] SB-701-XE4013 DAIHEN,SB-701-XE4013,275000,251.21,,"Wafer transfer robot, aligner",,7923_1.jpg; 7923_1.jpg; 7923_3.jpg; 7923_1.jpg; 7923_1.jpg; 7923_6.jpg; 7923_7.jpg; 7923_8.jpg; 7923_9.jpg; 7923_10.jpg; 7932_13.jpg; 7923_12.jpg; 7932_9.jpg; 7932_8.jpg; 7923_15.jpg; 7923_16.jpg; 7923_17.jpg; 7932_11.jpg; 7932_14.jpg; 7932_24.jpg; 7932_15.jpg; 7923_1.jpg; 7923_3.jpg; 7932_20.jpg; 6632_25.jpg; 6632_26.jpg; 7956_24.jpg; 6594_24.jpg; 7839_23.jpg; 7561_15.jpg; 5966_11.jpg; 5966_12.jpg; 7875_22.jpg
6632,[중고] FA-2000 가스 케비넷 (1%PH3/H2) GAS CABINET WONIK IPS,[Used] FA-2000 gas cabinet (1%PH3/H2) GAS CABINET WONIK IPS,FA-2000,2200000,2009.7,,gas cabinet,,6632_1.jpg; 6632_1.jpg; 6632_3.jpg; 6632_1.jpg; 6632_1.jpg; 6632_6.jpg; 6632_7.jpg; 6632_8.jpg; 7440_29.jpg; 6632_10.jpg; 6632_11.jpg; 6631_12.jpg; 6632_13.jpg; 5729_13.jpg; 7298_7.jpg; 6632_16.jpg; 8029_15.jpg; 6631_10.jpg; 6631_18.jpg; 8029_23.jpg; 7440_20.jpg; 6632_1.jpg; 6632_3.jpg; 6632_24.jpg; 6632_25.jpg; 6632_26.jpg; 7956_24.jpg; 6594_24.jpg; 7839_23.jpg; 7561_15.jpg; 5966_11.jpg; 5966_12.jpg; 7875_22.jpg
6631,[중고] RORZE RR717L1521-376-V11-1 CURR-6022-0 웨이퍼 핸들링 로봇 ATM ROBOT,[Used] RORZE RR717L1521-376-V11-1 CURR-6022-0 wafer handling robot ATM ROBOT,RR717L1521-376-V11-1,12100000,11053.35,RORZE,gas cabinet,,6631_1.jpg; 6631_1.jpg; 6631_3.jpg; 6631_1.jpg; 6631_5.jpg; 6631_1.jpg; 6631_7.jpg; 6631_8.jpg; 6631_9.jpg; 6631_10.jpg; 8029_19.jpg; 6631_12.jpg; 6631_13.jpg; 6631_14.jpg; 8029_21.jpg; 7298_6.jpg; 6632_11.jpg; 6631_18.jpg; 6631_19.jpg; 6631_20.jpg; 6631_21.jpg; 6631_22.jpg; 6631_23.jpg; 6631_1.jpg; 6631_3.jpg; 6631_26.jpg; 6632_25.jpg; 6632_26.jpg; 7956_24.jpg; 6594_24.jpg; 7839_23.jpg; 7561_15.jpg; 5966_11.jpg; 5966_12.jpg; 7875_22.jpg
5131,[중고] TOSHIBA 3CCD JK-TU53H CCD CAMERA 카메라,[Used] TOSHIBA 3CCD JK-TU53H CCD CAMERA Camera,3CCD,110000,100.48,,Industrial Cameras/Lens/Lighting,,5131_1.jpg; 5131_1.jpg; 5131_3.jpg; 5131_1.jpg; 5131_5.jpg; 5131_6.jpg; 5131_7.jpg; 5131_8.jpg; 5131_9.jpg; 5131_10.jpg; 5131_11.jpg; 5131_12.jpg; 5131_13.jpg; 5131_14.jpg; 5131_15.jpg; 5131_16.jpg; 5131_17.jpg; 5131_18.jpg; 5131_19.jpg; 5131_1.jpg; 5131_3.jpg; 5131_22.jpg; 6632_25.jpg; 6632_26.jpg; 7956_24.jpg; 6594_24.jpg; 7839_23.jpg; 7561_15.jpg; 5966_11.jpg; 5966_12.jpg; 7875_22.jpg
7783,[중고]TDK-LAMBDA SWS75-15 (15V 5A) 파워써플라이 파워서플라이 POWER SUPPLY SMPS,[Used]TDK-LAMBDA SWS75-15 (15V 5A) Power supply Power supply POWER SUPPLY SMPS,SWS75-15,11000,10.05,,Power supply SMPS,,7783_1.jpg; 7783_1.jpg; 7783_3.jpg; 7783_1.jpg; 7783_1.jpg; 7783_6.jpg; 7783_7.jpg; 7783_8.jpg; 8010_11.jpg; 8010_8.jpg; 8010_17.jpg; 8010_16.jpg; 7783_13.jpg; 8010_13.jpg; 7783_15.jpg; 8010_15.jpg; 8010_12.jpg; 8010_19.jpg; 7783_19.jpg; 8010_14.jpg; 7783_1.jpg; 7783_3.jpg; 7783_23.jpg; 6631_26.jpg; 6632_25.jpg; 6632_26.jpg; 7956_24.jpg; 6594_24.jpg; 7839_23.jpg; 7561_15.jpg; 5966_11.jpg; 5966_12.jpg
5694,[중고] MA901 8FK09-VV-4*ABN-N5/N/Y 온도콘트롤러 온도컨트롤러 디지털 인디케이터 인디케이터 indicator,[Used] MA901 8FK09-VV-4*ABN-N5/N/Y temperature controller temperature controller digital indicator indicator indicator,MA901,110000,100.48,,Temperature controller/indicator,,5694_1.jpg; 5694_1.jpg; 5694_3.jpg; 5694_1.jpg; 5694_1.jpg; 5694_6.jpg; 5694_7.jpg; 5694_8.jpg; 5694_9.jpg; 7474_8.jpg; 7474_14.jpg; 7474_11.jpg; 5694_13.jpg; 5694_14.jpg; 5694_15.jpg; 5694_16.jpg; 5694_17.jpg; 5694_18.jpg; 5694_19.jpg; 5694_20.jpg; 5694_1.jpg; 5694_3.jpg; 5694_23.jpg; 6631_26.jpg; 6632_25.jpg; 6632_26.jpg; 7956_24.jpg; 6594_24.jpg; 7839_23.jpg; 7561_15.jpg; 5966_11.jpg; 5966_12.jpg
7854,[중고] FESTO CPV10-GE-MP-8,[Used] FESTO CPV10-GE-MP-8,CPV10-GE-MP-8,99000,90.44,,Pneumatic parts (PNEUMATIC),,7854_1.jpg; 7854_2.jpg; 7854_3.jpg; 7854_4.jpg; 7853_43.jpg; 7854_6.jpg; 7853_38.jpg; 7854_8.jpg; 7854_9.jpg; 7854_10.jpg; 7850_8.jpg; 7853_41.jpg; 7854_13.jpg; 7854_14.jpg; 7854_15.jpg; 7854_16.jpg; 7854_17.jpg; 7854_18.jpg; 7854_1.jpg; 7854_20.jpg; 7607_19.jpg; 5694_23.jpg; 6631_26.jpg; 6632_25.jpg; 6632_26.jpg; 7956_24.jpg; 6594_24.jpg; 7839_23.jpg; 7561_15.jpg; 5966_11.jpg
7607,[중고] TEM TECH LAB HYPFU-420M-S1/6700 HYPFU-420M-S2/6700-3 HYPFU-ND420M-S2/NPS6700,[Used] TEM TECH LAB HYPFU-420M-S1/6700 HYPFU-420M-S2/6700-3 HYPFU-ND420M-S2/NPS6700,HYPFU-420M-S1/6700,55000,50.24,,Gas valve/regulator/pressure gauge,,7607_1.jpg; 7607_1.jpg; 7607_3.jpg; 7607_1.jpg; 7607_1.jpg; 7607_6.jpg; 7607_7.jpg; 7607_8.jpg; 7607_9.jpg; 7607_10.jpg; 7607_11.jpg; 7607_12.jpg; 7607_13.jpg; 7607_14.jpg; 7607_15.jpg; 7607_1.jpg; 7607_3.jpg; 7607_18.jpg; 7607_19.jpg; 5694_23.jpg; 6631_26.jpg; 6632_25.jpg; 6632_26.jpg; 7956_24.jpg; 6594_24.jpg; 7839_23.jpg; 7561_15.jpg
7918,[중고] Acromag 822A-0200,[Used] Acromag 822A-0200,822A-0200,44000,40.19,,communication module,,7918_1.jpg; 7918_1.jpg; 7918_3.jpg; 7918_1.jpg; 7918_1.jpg; 7918_6.jpg; 7918_7.jpg; 7918_8.jpg; 7918_9.jpg; 7918_10.jpg; 7918_11.jpg; 7918_12.jpg; 7918_13.jpg; 7918_14.jpg; 7918_15.jpg; 7918_16.jpg; 7918_17.jpg; 7918_18.jpg; 7918_19.jpg; 7918_20.jpg; 5694_23.jpg; 6631_26.jpg; 6632_25.jpg; 6632_26.jpg; 7956_24.jpg; 6594_24.jpg; 7839_23.jpg
7159,[중고] CHILLER ORION RKS1500F-VW,[Used] CHILLER ORION RKS1500F-VW,RKS1500F-VW,2200000,2009.7,,CHILLER,,7159_1.jpg; 7159_1.jpg; 7159_3.jpg; 7159_1.jpg; 7159_1.jpg; 7159_6.jpg; 7159_7.jpg; 7159_8.jpg; 7159_9.jpg; 7159_10.jpg; 7159_1.jpg; 7159_3.jpg; 7159_13.jpg; 7607_18.jpg; 7607_19.jpg; 5694_23.jpg; 6631_26.jpg; 6632_25.jpg; 6632_26.jpg; 7956_24.jpg; 6594_24.jpg; 7839_23.jpg
7323,[중고] Mitutoyo No.148-504 미츠토요 마이크로미터 헤드,[Used] Mitutoyo No.148-504 Mitutoyo Micrometer Head,No.148-504,16500,15.07,,Indicator/Gauge/Measuring Tool,,7323_1.jpg; 7323_1.jpg; 7323_3.jpg; 7323_1.jpg; 7323_1.jpg; 7323_6.jpg; 7323_7.jpg; 7323_8.jpg; 7323_9.jpg; 7323_10.jpg; 7323_11.jpg; 7323_1.jpg; 7323_3.jpg; 7323_14.jpg; 7159_13.jpg; 7607_18.jpg; 7607_19.jpg; 5694_23.jpg; 6631_26.jpg; 6632_25.jpg; 6632_26.jpg; 7956_24.jpg; 6594_24.jpg
6512,[중고] ULVAC MBX-1305A RF MATCHING BOX,[Used] ULVAC MBX-1305A RF MATCHING BOX,MBX-1305A,2200000,2009.7,,RF/DC/MATCH,,6512_1.jpg; 6512_1.jpg; 6512_3.jpg; 6512_1.jpg; 6512_5.jpg; 6512_1.jpg; 6512_7.jpg; 6512_8.jpg; 6594_16.jpg; 6594_21.jpg; 6594_8.jpg; 6594_18.jpg; 6594_24.jpg; 6512_14.jpg; 6512_15.jpg; 6512_16.jpg; 6594_12.jpg; 6512_18.jpg; 6594_17.jpg; 6594_15.jpg; 6594_9.jpg; 6512_22.jpg; 6512_1.jpg; 6512_3.jpg; 6594_10.jpg; 7323_14.jpg; 7159_13.jpg; 7607_18.jpg; 7607_19.jpg; 5694_23.jpg; 6631_26.jpg; 6632_25.jpg; 6632_26.jpg; 7956_24.jpg
8054,[중고] kawasaki Robot 3NT520B-A026 30D60F-A219 Wafer handling Robot SCARA Aligner 3NS004S-C005,[Used] kawasaki Robot 3NT520B-A026 30D60F-A219 Wafer handling Robot SCARA Aligner 3NS004S-C005,3NT520B-A026,14300000,13063.05,,"Wafer transfer robot, aligner",,8054_1.jpg; 8054_1.jpg; 8054_3.jpg; 8054_1.jpg; 8054_1.jpg; 8054_6.jpg; 8054_7.jpg; 8054_8.jpg; 8054_9.jpg; 8054_10.jpg; 8054_11.jpg; 5729_19.jpg; 8054_13.jpg; 6631_23.jpg; 8054_15.jpg; 8054_16.jpg; 8029_17.jpg; 7440_13.jpg; 8054_19.jpg; 6631_20.jpg; 8054_21.jpg; 6631_18.jpg; 5729_12.jpg; 8054_24.jpg; 8054_1.jpg; 8054_3.jpg; 7440_21.jpg; 6594_10.jpg; 7323_14.jpg; 7159_13.jpg; 7607_18.jpg; 7607_19.jpg; 5694_23.jpg; 6631_26.jpg; 6632_25.jpg; 6632_26.jpg
7071,[중고] PGX120-H-3 (3:1) 감속기 REDUCER 서보모터감속기 서보감속기 유성감속기,[Used] PGX120-H-3 (3:1) Reducer REDUCER Servo motor reducer Servo reducer Planetary reducer,PGX120-H-3,253000,231.12,,Reducer/Index/Coupling,,7071_1.jpg; 7071_1.jpg; 7071_3.jpg; 7071_1.jpg; 6990_5.jpg; 7071_1.jpg; 7071_7.jpg; 7071_8.jpg; 7071_9.jpg; 7071_10.jpg; 7071_11.jpg; 7071_1.jpg; 7071_3.jpg; 7071_14.jpg; 7440_21.jpg; 6594_10.jpg; 7323_14.jpg; 7159_13.jpg; 7607_18.jpg; 7607_19.jpg; 5694_23.jpg; 6631_26.jpg; 6632_25.jpg
8038,[중고] MKS LPJ1-40-AK-CLZXXX Angle valve,[Used] MKS LPJ1-40-AK-CLZXXX Angle valve,LPJ1-40-AK-CLZXXX,110000,100.48,MKS,vacuum valve,,8038_1.jpg; 8038_1.jpg; 8038_3.jpg; 8038_1.jpg; 8038_1.jpg; 8038_6.jpg; 8038_7.jpg; 8038_8.jpg; 8038_9.jpg; 8038_10.jpg; 8038_11.jpg; 8038_12.jpg; 8038_13.jpg; 8038_14.jpg; 8038_15.jpg; 8038_16.jpg; 8038_17.jpg; 8038_18.jpg; 8038_19.jpg; 8038_20.jpg; 8038_21.jpg; 8038_22.jpg; 8038_1.jpg; 8038_3.jpg; 8038_25.jpg; 7071_14.jpg; 7440_21.jpg; 6594_10.jpg; 7323_14.jpg; 7159_13.jpg; 7607_18.jpg; 7607_19.jpg; 5694_23.jpg; 6631_26.jpg
6447,[중고] SHIMADZU TMP-203M-G1 EI-D203M Turbo molecular pump,[Used] SHIMADZU TMP-203M-G1 EI-D203M Turbo molecular pump,TMP-203M-G1,3300000,3014.55,,vacuum pump,,6447_1.jpg; 6447_1.jpg; 6447_3.jpg; 6447_1.jpg; 6447_5.jpg; 6447_6.jpg; 6447_7.jpg; 6447_8.jpg; 6447_9.jpg; 6447_10.jpg; 6447_11.jpg; 6447_12.jpg; 6447_13.jpg; 6447_1.jpg; 6447_3.jpg; 7674_25.jpg; 8038_25.jpg; 7071_14.jpg; 7440_21.jpg; 6594_10.jpg; 7323_14.jpg; 7159_13.jpg; 7607_18.jpg; 7607_19.jpg; 5694_23.jpg
8060,[중고] SN-4032-STT-N SN-2016-ST-N Ontec,[Used] SN-4032-STT-N SN-2016-ST-N Ontec,SN-4032-STT-N,66000,60.29,,communication module,,8060_1.jpg; 8060_1.jpg; 8060_3.jpg; 8060_1.jpg; 8060_1.jpg; 8060_6.jpg; 8060_7.jpg; 8060_8.jpg; 8060_9.jpg; 8060_10.jpg; 8060_11.jpg; 8060_12.jpg; 8060_13.jpg; 8060_14.jpg; 8060_15.jpg; 8060_16.jpg; 7918_20.jpg; 8060_18.jpg; 8060_19.jpg; 8060_20.jpg; 8060_1.jpg; 8060_3.jpg; 7674_24.jpg; 7674_25.jpg; 8038_25.jpg; 7071_14.jpg; 7440_21.jpg; 6594_10.jpg; 7323_14.jpg; 7159_13.jpg; 7607_18.jpg; 7607_19.jpg
7674,[중고] FX2N-64DNET,[Used] FX2N-64DNET,FX2N-64DNET,44000,40.19,,PLC,,7674_1.jpg; 7674_1.jpg; 7674_3.jpg; 7674_1.jpg; 7674_1.jpg; 7674_6.jpg; 7675_23.jpg; 7675_11.jpg; 7675_13.jpg; 7675_17.jpg; 7675_7.jpg; 7675_10.jpg; 7675_15.jpg; 7675_12.jpg; 7674_15.jpg; 7674_16.jpg; 7675_20.jpg; 7675_9.jpg; 7674_19.jpg; 7675_8.jpg; 7674_1.jpg; 7674_3.jpg; 7674_23.jpg; 7674_24.jpg; 7674_25.jpg; 8038_25.jpg; 7071_14.jpg; 7440_21.jpg; 6594_10.jpg; 7323_14.jpg; 7159_13.jpg; 7607_18.jpg
5156,[중고] MSM425-412 MSM425-411 오리엔탈모터 기어드모터 인덕션모터 스피드컨트롤모터 Orientalmotor,[Used] MSM425-412 MSM425-411 Oriental motor Geared motor Induction motor Speed ​​control motor Orientalmotor,MSM425-412,33000,30.15,,AC motor/geared motor/DC motor,,5156_1.jpg; 5156_1.jpg; 5156_3.jpg; 5156_1.jpg; 5156_1.jpg; 5156_6.jpg; 5156_7.jpg; 5156_8.jpg; 5156_9.jpg; 5156_10.jpg; 5156_11.jpg; 5156_12.jpg; 5156_13.jpg; 5156_14.jpg; 5156_15.jpg; 5156_16.jpg; 5156_17.jpg; 5156_18.jpg; 5156_19.jpg; 5156_1.jpg; 5156_3.jpg; 5156_22.jpg; 7674_23.jpg; 7674_24.jpg; 7674_25.jpg; 8038_25.jpg; 7071_14.jpg; 7440_21.jpg; 6594_10.jpg; 7323_14.jpg; 7159_13.jpg
7619,[중고] STEC SEC-4500 Series SEC-4500M N2 10SLM MFC,[Used] STEC SEC-4500 Series SEC-4500M N2 10SLM MFC,SEC-4500,110000,100.48,,MFC/MFM,,7619_1.jpg; 7619_1.jpg; 7619_3.jpg; 7619_1.jpg; 7619_1.jpg; 7619_6.jpg; 7619_7.jpg; 7619_8.jpg; 7619_9.jpg; 7619_10.jpg; 7619_11.jpg; 7619_12.jpg; 7619_13.jpg; 7619_14.jpg; 7619_15.jpg; 7619_16.jpg; 7619_17.jpg; 7619_18.jpg; 7619_19.jpg; 7619_20.jpg; 7619_21.jpg; 7619_22.jpg; 7619_23.jpg; 7619_24.jpg; 7619_1.jpg; 7619_3.jpg; 7619_27.jpg; 5156_22.jpg; 7674_23.jpg; 7674_24.jpg; 7674_25.jpg; 8038_25.jpg; 7071_14.jpg; 7440_21.jpg; 6594_10.jpg; 7323_14.jpg
7672,[중고] W810iCD+ AnyTouch RS Automation 10인치 컬러터치스크린,[Used] W810iCD+ AnyTouch RS Automation 10-inch color touch screen,W810iCD+,187000,170.82,,touch screen,,7672_1.jpg; 7672_1.jpg; 7672_3.jpg; 7672_1.jpg; 7672_1.jpg; 7672_6.jpg; 7672_7.jpg; 7672_8.jpg; 7672_9.jpg; 7672_1.jpg; 7672_3.jpg; 5536_19.jpg; 5156_22.jpg; 7674_23.jpg; 7674_24.jpg; 7674_25.jpg; 8038_25.jpg; 7071_14.jpg; 7440_21.jpg; 6594_10.jpg; 7323_14.jpg
5536,[중고] X-Axis Stage (80 x 80),[Used] X-Axis Stage (80 x 80),,55000,50.24,,Precision stage,,5536_1.jpg; 5536_1.jpg; 5536_3.jpg; 5536_1.jpg; 5536_1.jpg; 5536_6.jpg; 3944_10.jpg; 3944_12.jpg; 3944_17.jpg; 3944_8.jpg; 3944_13.jpg; 3944_11.jpg; 3944_7.jpg; 3944_6.jpg; 3944_9.jpg; 5536_1.jpg; 5536_3.jpg; 3944_14.jpg; 5536_19.jpg; 5156_22.jpg; 7674_23.jpg; 7674_24.jpg; 7674_25.jpg; 8038_25.jpg; 7071_14.jpg; 7440_21.jpg; 6594_10.jpg
7108,[중고] HRW17 (길이180mm/블럭2개) LM가이드 엘엠가이드 LM GUIDE THK IKO NSK 자동화부품 정밀부품 조각기 3D프린터 제작부품 삼익THK 베어링,[Used] HRW17 (Length 180mm/2 blocks) LM Guide LM Guide LM GUIDE THK IKO NSK Automation Parts Precision Parts Engraver 3D Printer Manufacturing Parts Samik THK Bearing,HRW17,33000,30.15,THK,LM GUIDE / BUSHING,,7108_1.jpg; 7108_1.jpg; 7108_3.jpg; 7108_1.jpg; 7108_1.jpg; 7108_6.jpg; 7142_11.jpg; 7142_10.jpg; 7142_8.jpg; 7142_14.jpg; 7142_13.jpg; 7142_12.jpg; 7142_17.jpg; 7108_1.jpg; 7108_3.jpg; 7142_9.jpg; 3944_14.jpg; 5536_19.jpg; 5156_22.jpg; 7674_23.jpg; 7674_24.jpg; 7674_25.jpg; 8038_25.jpg; 7071_14.jpg; 7440_21.jpg
6503,[중고] ASE AMV1000-CIS MATCH,[Used] ASE AMV1000-CIS MATCH,AMV1000-CIS,660000,602.91,,RF/DC/MATCH,,6503_1.jpg; 6503_1.jpg; 6503_3.jpg; 6503_1.jpg; 6503_5.jpg; 6503_1.jpg; 6503_7.jpg; 6594_13.jpg; 6594_24.jpg; 6594_17.jpg; 6594_9.jpg; 6594_14.jpg; 6594_15.jpg; 6503_14.jpg; 6594_20.jpg; 6503_16.jpg; 6594_10.jpg; 6503_18.jpg; 6594_8.jpg; 6512_16.jpg; 6512_22.jpg; 6503_1.jpg; 6503_3.jpg; 6594_12.jpg; 3944_14.jpg; 5536_19.jpg; 5156_22.jpg; 7674_23.jpg; 7674_24.jpg; 7674_25.jpg; 8038_25.jpg; 7071_14.jpg; 7440_21.jpg
5991,[중고] SICK WL12-2B560,[Used] SICK WL12-2B560,WL12-2B560,66000,60.29,,Sensors / various cables,,5991_1.jpg; 5991_1.jpg; 5991_3.jpg; 5991_1.jpg; 5991_1.jpg; 5609_19.jpg; 5609_11.jpg; 5991_8.jpg; 5991_9.jpg; 5991_10.jpg; 5991_11.jpg; 5991_12.jpg; 5991_13.jpg; 5991_14.jpg; 5991_15.jpg; 5991_16.jpg; 5991_17.jpg; 5991_18.jpg; 5609_15.jpg; 5991_1.jpg; 5991_3.jpg; 5991_22.jpg; 6594_12.jpg; 3944_14.jpg; 5536_19.jpg; 5156_22.jpg; 7674_23.jpg; 7674_24.jpg; 7674_25.jpg; 8038_25.jpg; 7071_14.jpg
7755,[중고] P30B06040DXV20 BL Super P3 서보 서보모터 AC서보모터 SERVO MOTOR SERVOMOTOR 자동화 산업용 자동화부품 3D프린터 부품 공장자동화 조각기부품,[Used] P30B06040DXV20 BL Super P3 Servo Servo Motor AC Servo Motor SERVO MOTOR SERVOMOTOR Automation Industrial Automation Parts 3D Printer Parts Factory Automation Engraver Parts,P30B06040DXV20,242000,221.07,,Servo motor/servo driver,,7755_1.jpg; 7755_1.jpg; 7755_3.jpg; 7755_1.jpg; 7755_1.jpg; 7755_6.jpg; 7755_7.jpg; 7755_8.jpg; 7755_9.jpg; 7755_10.jpg; 7755_11.jpg; 7755_12.jpg; 7755_13.jpg; 7755_14.jpg; 7755_15.jpg; 7755_16.jpg; 7755_17.jpg; 7755_18.jpg; 7755_19.jpg; 7755_1.jpg; 7755_3.jpg; 7755_22.jpg; 6594_12.jpg; 3944_14.jpg; 5536_19.jpg; 5156_22.jpg; 7674_23.jpg; 7674_24.jpg; 7674_25.jpg; 8038_25.jpg; 7071_14.jpg
7934,[중고] 바디커버 분실 ATR7 Acutran ATM Robot Brooks Wafer Handling Robot,[Used] Lost body cover ATR7 Acutran ATM Robot Brooks Wafer Handling Robot,ATR7,6050000,5526.67,BROOKS,"Wafer transfer robot, aligner",,7934_1.jpg; 7934_1.jpg; 7934_3.jpg; 7934_1.jpg; 7934_1.jpg; 7934_6.jpg; 7934_7.jpg; 7934_8.jpg; 7934_9.jpg; 7934_10.jpg; 7934_11.jpg; 6631_20.jpg; 8029_13.jpg; 6631_23.jpg; 7440_17.jpg; 8054_19.jpg; 8054_11.jpg; 7934_18.jpg; 7934_19.jpg; 8029_14.jpg; 7934_21.jpg; 7934_22.jpg; 7934_23.jpg; 8029_17.jpg; 7440_19.jpg; 7934_1.jpg; 7934_3.jpg; 7997_24.jpg; 5991_22.jpg; 6594_12.jpg; 3944_14.jpg; 5536_19.jpg; 5156_22.jpg; 7674_23.jpg; 7674_24.jpg; 7674_25.jpg; 8038_25.jpg
7997,[중고] TEM TECH LAB HYPFU-420T-S2 HYPFU-ND420T-S1 HYPFU-420T-S1 HYPFU-420P-S1 HYPFU-420-S2 HYPFU-ND420P-S2 HYPFU-420M-S2 HYPFU-ND420T-S2,[Used] TEM TECH LAB HYPFU-420T-S2 HYPFU-ND420T-S1 HYPFU-420T-S1 HYPFU-420P-S1 HYPFU-420-S2 HYPFU-ND420P-S2 HYPFU-420M-S2 HYPFU-ND420T-S2,HYPFU-420T-S2,22000,20.1,,Gas valve/regulator/pressure gauge,,7997_1.jpg; 7997_1.jpg; 7997_3.jpg; 7997_1.jpg; 7997_1.jpg; 7997_6.jpg; 7607_12.jpg; 7997_8.jpg; 7607_15.jpg; 7607_13.jpg; 7607_8.jpg; 7997_12.jpg; 7997_13.jpg; 7997_14.jpg; 7997_15.jpg; 7997_16.jpg; 7997_17.jpg; 7997_18.jpg; 7607_10.jpg; 7997_20.jpg; 7997_1.jpg; 7997_3.jpg; 7997_23.jpg; 7997_24.jpg; 5991_22.jpg; 6594_12.jpg; 3944_14.jpg; 5536_19.jpg; 5156_22.jpg; 7674_23.jpg; 7674_24.jpg; 7674_25.jpg
7775,"[중고] Fujikin Manual Valve 1/4 암""","[Used] Fujikin Manual Valve 1/4 Female""",,22000,20.1,,Gas valve/regulator/pressure gauge,,7775_1.jpg; 7775_1.jpg; 7775_3.jpg; 7775_1.jpg; 7775_5.jpg; 7775_6.jpg; 7775_7.jpg; 7775_8.jpg; 7775_9.jpg; 7775_10.jpg; 7775_11.jpg; 7775_12.jpg; 7775_13.jpg; 7775_14.jpg; 7775_15.jpg; 7775_16.jpg; 7775_17.jpg; 7775_18.jpg; 7775_19.jpg; 7775_20.jpg; 7775_21.jpg; 7775_22.jpg; 7775_23.jpg; 7775_24.jpg; 7775_25.jpg; 7775_26.jpg; 7775_27.jpg; 7775_1.jpg; 7775_3.jpg; 7760_24.jpg; 7997_23.jpg; 7997_24.jpg; 5991_22.jpg; 6594_12.jpg; 3944_14.jpg; 5536_19.jpg; 5156_22.jpg; 7674_23.jpg; 7674_24.jpg
7760,[중고] S82R-6328 (V1: 15VDC 1A V2: 15VDC 1A) OMRON,[Used] S82R-6328 (V1: 15VDC 1A V2: 15VDC 1A) OMRON,S82R-6328,22000,20.1,OMRON,Power supply SMPS,,7760_1.jpg; 7760_1.jpg; 7760_3.jpg; 7760_1.jpg; 7760_1.jpg; 7760_6.jpg; 8010_20.jpg; 7783_19.jpg; 8010_10.jpg; 7783_7.jpg; 8010_14.jpg; 8010_9.jpg; 7783_23.jpg; 8010_18.jpg; 8010_17.jpg; 8010_19.jpg; 3068_20.jpg; 8010_13.jpg; 8010_11.jpg; 7760_20.jpg; 7760_1.jpg; 7760_3.jpg; 7783_15.jpg; 7760_24.jpg; 7997_23.jpg; 7997_24.jpg; 5991_22.jpg; 6594_12.jpg; 3944_14.jpg; 5536_19.jpg; 5156_22.jpg; 7674_23.jpg
7314,[중고] EBARA Dry Pump Interface Part No.217601-301A,[Used] EBARA Dry Pump Interface Part No.217601-301A,No.217601-301A,440000,401.94,,vacuum pump,,7314_1.jpg; 7314_1.jpg; 7314_3.jpg; 7314_1.jpg; 7314_1.jpg; 7314_6.jpg; 7314_7.jpg; 7314_8.jpg; 7314_9.jpg; 7314_10.jpg; 7314_11.jpg; 7314_12.jpg; 7314_1.jpg; 7314_3.jpg; 7314_15.jpg; 7783_15.jpg; 7760_24.jpg; 7997_23.jpg; 7997_24.jpg; 5991_22.jpg; 6594_12.jpg; 3944_14.jpg; 5536_19.jpg; 5156_22.jpg
7072,"[중고] AB/F042-S2-P1 AB/F042-S2-P2 (30:1), 서보모터용 감속기, 50,100W","[Used] AB/F042-S2-P1 AB/F042-S2-P2 (30:1), reducer for servomotor, 50,100W",AB/F042-S2-P1,110000,100.48,,Reducer/Index/Coupling,,7072_1.jpg; 7072_1.jpg; 7072_3.jpg; 7072_1.jpg; 6990_5.jpg; 7072_1.jpg; 7072_7.jpg; 7627_17.jpg; 7617_21.jpg; 7617_18.jpg; 7142_19.jpg; 7627_13.jpg; 7617_16.jpg; 7072_14.jpg; 5897_17.jpg; 7627_15.jpg; 7617_12.jpg; 7617_19.jpg; 7617_10.jpg; 7617_9.jpg; 7627_21.jpg; 7072_1.jpg; 7072_3.jpg; 7617_15.jpg; 7783_15.jpg; 7760_24.jpg; 7997_23.jpg; 7997_24.jpg; 5991_22.jpg; 6594_12.jpg; 3944_14.jpg; 5536_19.jpg; 5156_22.jpg
6804,[중고] RKC FR01-MN-3*HN-NN/A/Y Z-233 온도콘트롤러 온도컨트롤러 디지털 인디케이터 인디케이터 indicator,[Used] RKC FR01-MN-3*HN-NN/A/Y Z-233 temperature controller temperature controller digital indicator indicator indicator,FR01-MN-3*HN-NN/A/Y,33000,30.15,,Temperature controller/indicator,,6804_1.jpg; 6804_1.jpg; 6804_3.jpg; 6804_1.jpg; 6804_1.jpg; 6804_6.jpg; 6804_7.jpg; 6804_8.jpg; 6804_9.jpg; 5694_15.jpg; 6804_11.jpg; 6804_12.jpg; 6804_13.jpg; 7474_10.jpg; 7474_12.jpg; 6804_16.jpg; 6804_17.jpg; 5694_14.jpg; 6804_19.jpg; 6804_20.jpg; 6804_1.jpg; 6804_3.jpg; 6804_23.jpg; 6804_24.jpg; 7617_15.jpg; 7783_15.jpg; 7760_24.jpg; 7997_23.jpg; 7997_24.jpg; 5991_22.jpg; 6594_12.jpg; 3944_14.jpg
6627,[중고] SPP2-320-I-SPG PARA Digital Power Regulator,[Used] SPP2-320-I-SPG PARA Digital Power Regulator,SPP2-320-I-SPG,110000,100.48,,Electrical parts and other,,6627_1.jpg; 6627_1.jpg; 6627_3.jpg; 6627_1.jpg; 6627_1.jpg; 6627_6.jpg; 6627_7.jpg; 6627_8.jpg; 6627_9.jpg; 6627_10.jpg; 6627_11.jpg; 6627_12.jpg; 6627_13.jpg; 6627_14.jpg; 6627_15.jpg; 6627_16.jpg; 6627_17.jpg; 6627_18.jpg; 6627_19.jpg; 6627_20.jpg; 6627_21.jpg; 6627_1.jpg; 6627_3.jpg; 8065_24.jpg; 6804_23.jpg; 6804_24.jpg; 7617_15.jpg; 7783_15.jpg; 7760_24.jpg; 7997_23.jpg; 7997_24.jpg; 5991_22.jpg; 6594_12.jpg
7717,[중고] VAT 65150-PHHH-AWJ1 PENDULUM VALVE 팬들럼 펜들럼 밸브,[Used] VAT 65150-PHHH-AWJ1 PENDULUM VALVE Pendulum valve,65150-PHHH-AWJ1,5500000,5024.25,VAT,vacuum valve,,7717_1.jpg; 7717_1.jpg; 7717_3.jpg; 7717_1.jpg; 7717_1.jpg; 7717_6.jpg; 7717_7.jpg; 7717_8.jpg; 7717_9.jpg; 7717_10.jpg; 7717_11.jpg; 7717_10.jpg; 7717_13.jpg; 7717_14.jpg; 7717_15.jpg; 7717_13.jpg; 7717_17.jpg; 7717_18.jpg; 7717_19.jpg; 7717_20.jpg; 7717_21.jpg; 7717_1.jpg; 7717_3.jpg; 7717_24.jpg; 6804_23.jpg; 6804_24.jpg; 7617_15.jpg; 7783_15.jpg; 7760_24.jpg; 7997_23.jpg; 7997_24.jpg; 5991_22.jpg; 6594_12.jpg
8065,[중고] MOXA EDS-308 EtherDevice Switch,[Used] MOXA EDS-308 EtherDevice Switch,EDS-308,66000,60.29,,communication module,,8065_1.jpg; 8065_1.jpg; 8065_3.jpg; 8065_1.jpg; 8065_1.jpg; 8065_6.jpg; 8065_7.jpg; 8065_8.jpg; 8065_9.jpg; 8060_10.jpg; 8065_11.jpg; 8065_12.jpg; 7918_10.jpg; 8065_14.jpg; 8060_7.jpg; 7918_19.jpg; 8065_17.jpg; 8065_18.jpg; 7674_24.jpg; 8065_20.jpg; 8065_1.jpg; 8065_3.jpg; 8065_23.jpg; 8065_24.jpg; 6804_23.jpg; 6804_24.jpg; 7617_15.jpg; 7783_15.jpg; 7760_24.jpg; 7997_23.jpg; 7997_24.jpg; 5991_22.jpg
7236,[중고] KX4N-SCNA 한영 HANYOUNG 온도콘트롤러 온도컨트롤러 디지털 인디케이터 인디케이터 indicator,[Used] KX4N-SCNA HANYOUNG temperature controller temperature controller digital indicator indicator indicator,KX4N-SCNA,33000,30.15,,Temperature controller/indicator,,7236_1.jpg; 7236_1.jpg; 7236_3.jpg; 7236_1.jpg; 7236_1.jpg; 7236_6.jpg; 7236_7.jpg; 5694_16.jpg; 7236_9.jpg; 5694_14.jpg; 7236_11.jpg; 7236_12.jpg; 7236_13.jpg; 7474_10.jpg; 6804_7.jpg; 7236_16.jpg; 7236_17.jpg; 5694_9.jpg; 5694_23.jpg; 7474_15.jpg; 7236_1.jpg; 7236_3.jpg; 6804_19.jpg; 8065_23.jpg; 8065_24.jpg; 6804_23.jpg; 6804_24.jpg; 7617_15.jpg; 7783_15.jpg; 7760_24.jpg; 7997_23.jpg; 7997_24.jpg
5810,[중고] BROOKS FIXLOAD 25TM FOUP OPENER 300mm wafer 12inch,[Used] BROOKS FIXLOAD 25TM FOUP OPENER 300mm wafer 12inch,25TM,3300000,3014.55,BROOKS,LOAD PORT,,5810_1.jpg; 5810_1.jpg; 5810_3.jpg; 5810_1.jpg; 5810_5.jpg; 5810_6.jpg; 5810_7.jpg; 5810_8.jpg; 5810_9.jpg; 5810_10.jpg; 5810_11.jpg; 5810_12.jpg; 5810_13.jpg; 5810_1.jpg; 5810_3.jpg; 5810_16.jpg; 6804_19.jpg; 8065_23.jpg; 8065_24.jpg; 6804_23.jpg; 6804_24.jpg; 7617_15.jpg; 7783_15.jpg; 7760_24.jpg; 7997_23.jpg
7789,[중고] THERMOVAC TM22,[Used] THERMOVAC TM22,TM22,1100000,1004.85,,Pressure controller/gas analyzer,,7789_1.jpg; 7789_1.jpg; 7789_3.jpg; 7789_1.jpg; 7789_1.jpg; 7789_6.jpg; 7789_7.jpg; 7789_8.jpg; 7789_9.jpg; 7789_9.jpg; 7789_11.jpg; 7789_12.jpg; 7789_13.jpg; 7789_14.jpg; 7789_15.jpg; 7789_16.jpg; 7789_17.jpg; 7789_18.jpg; 7789_19.jpg; 7789_20.jpg; 7789_21.jpg; 7789_1.jpg; 7789_3.jpg; 7640_18.jpg; 5810_16.jpg; 6804_19.jpg; 8065_23.jpg; 8065_24.jpg; 6804_23.jpg; 6804_24.jpg; 7617_15.jpg; 7783_15.jpg; 7760_24.jpg
5274,[중고] CONVEX 리니어서보 셋트 CSDL-04AA0 스트로크 580mm ACTUATOR 엑츄에이터 자작 DIY CNC부품 3D프린터 제작 자동화 부품,[Used] CONVEX linear servo set CSDL-04AA0 stroke 580mm ACTUATOR actuator self-made DIY CNC parts 3D printer production automation parts,CSDL-04AA0,550000,502.42,,Cartesian robot/actuator,,5274_1.jpg; 5274_1.jpg; 5274_3.jpg; 5274_1.jpg; 5274_1.jpg; 5274_6.jpg; 5274_7.jpg; 5274_8.jpg; 5274_9.jpg; 7215_19.jpg; 7215_23.jpg; 5274_12.jpg; 5274_13.jpg; 5274_14.jpg; 5274_15.jpg; 5274_16.jpg; 5274_17.jpg; 7215_25.jpg; 7215_26.jpg; 5274_20.jpg; 7215_20.jpg; 5274_1.jpg; 5274_3.jpg; 5274_24.jpg; 5810_16.jpg; 6804_19.jpg; 8065_23.jpg; 8065_24.jpg; 6804_23.jpg; 6804_24.jpg; 7617_15.jpg; 7783_15.jpg; 7760_24.jpg
7640,[중고] ALPHA 2축 직교로봇 Stoke: X 600mm Z 100mm,[Used] ALPHA 2-axis orthogonal robot Stoke:,600mm,517000,472.28,,Cartesian robot/actuator,,7640_1.jpg; 7640_1.jpg; 7640_3.jpg; 7640_1.jpg; 7640_5.jpg; 7640_6.jpg; 7640_7.jpg; 7640_8.jpg; 7640_9.jpg; 7640_10.jpg; 7640_11.jpg; 7640_12.jpg; 7640_13.jpg; 7640_14.jpg; 7640_1.jpg; 7640_3.jpg; 7640_17.jpg; 7640_18.jpg; 5810_16.jpg; 6804_19.jpg; 8065_23.jpg; 8065_24.jpg; 6804_23.jpg; 6804_24.jpg; 7617_15.jpg; 7783_15.jpg
7855,[중고] CKD N3S010P *5 N4S010P*1,[Used] CKD N3S010P *5 N4S010P*1,N3S010P,55000,50.24,,Pneumatic parts (PNEUMATIC),,7855_1.jpg; 7855_1.jpg; 7855_3.jpg; 7855_1.jpg; 7855_1.jpg; 7855_6.jpg; 7855_7.jpg; 7855_8.jpg; 7855_9.jpg; 7855_10.jpg; 7855_11.jpg; 7855_12.jpg; 7855_13.jpg; 7855_14.jpg; 7855_15.jpg; 7855_16.jpg; 7855_17.jpg; 7855_18.jpg; 7855_19.jpg; 7855_20.jpg; 7855_21.jpg; 7855_22.jpg; 7855_23.jpg; 7855_24.jpg; 7855_25.jpg; 7855_26.jpg; 7855_27.jpg; 7855_28.jpg; 7855_29.jpg; 7855_30.jpg; 7853_32.jpg; 7854_14.jpg; 7853_38.jpg; 7855_34.jpg; 7853_34.jpg; 7854_10.jpg; 7855_37.jpg; 7855_38.jpg; 7803_16.jpg; 7855_40.jpg; 7854_9.jpg; 7855_42.jpg; 7855_43.jpg; 7853_43.jpg; 7855_1.jpg; 7855_3.jpg; 5463_26.jpg; 7640_17.jpg; 7640_18.jpg; 5810_16.jpg; 6804_19.jpg; 8065_23.jpg; 8065_24.jpg; 6804_23.jpg; 6804_24.jpg; 7617_15.jpg
7741,[중고] SEREN L301MKII 300W 27.12MHz RF GENERATOR,[Used] SEREN L301MKII 300W 27.12MHz RF GENERATOR,L301MKII,2200000,2009.7,,RF/DC/MATCH,,7741_1.jpg; 7741_1.jpg; 7741_3.jpg; 7741_1.jpg; 7741_1.jpg; 7741_6.jpg; 7741_7.jpg; 7741_8.jpg; 7741_9.jpg; 7741_10.jpg; 7741_11.jpg; 7741_12.jpg; 7741_13.jpg; 7741_14.jpg; 7741_15.jpg; 7741_16.jpg; 7741_17.jpg; 7741_18.jpg; 7741_19.jpg; 7741_20.jpg; 7741_21.jpg; 7741_1.jpg; 7741_3.jpg; 7741_24.jpg; 7640_17.jpg; 7640_18.jpg; 5810_16.jpg; 6804_19.jpg; 8065_23.jpg; 8065_24.jpg; 6804_23.jpg; 6804_24.jpg; 7617_15.jpg
8052,[중고] Bede scientific E.D.R. Detector Interface,[Used] Bede scientific E.D.R. Detector Interface,,550000,502.42,BROOKS,Controller/Other,,8052_1.jpg; 8052_1.jpg; 8052_3.jpg; 8052_1.jpg; 8052_1.jpg; 8052_6.jpg; 8052_7.jpg; 8052_8.jpg; 8052_9.jpg; 8052_10.jpg; 8052_11.jpg; 8052_12.jpg; 8052_13.jpg; 8052_14.jpg; 8052_15.jpg; 8052_16.jpg; 8052_17.jpg; 8052_18.jpg; 8052_19.jpg; 8052_20.jpg; 8052_1.jpg; 8052_3.jpg; 5463_25.jpg; 5463_26.jpg; 7640_17.jpg; 7640_18.jpg; 5810_16.jpg; 6804_19.jpg; 8065_23.jpg; 8065_24.jpg; 6804_23.jpg; 6804_24.jpg
5463,[중고] IPS-08BT,[Used] IPS-08BT,IPS-08BT,77000,70.34,,Industrial Cameras/Lens/Lighting,,5463_1.jpg; 5463_1.jpg; 5463_3.jpg; 5463_1.jpg; 5463_1.jpg; 5463_6.jpg; 5463_7.jpg; 5131_22.jpg; 5463_9.jpg; 5131_12.jpg; 5463_11.jpg; 5131_16.jpg; 5463_13.jpg; 5463_14.jpg; 5131_7.jpg; 5463_16.jpg; 5463_17.jpg; 5463_18.jpg; 5131_11.jpg; 5131_8.jpg; 5463_21.jpg; 5463_1.jpg; 5463_3.jpg; 5131_18.jpg; 5463_25.jpg; 5463_26.jpg; 7640_17.jpg; 7640_18.jpg; 5810_16.jpg; 6804_19.jpg; 8065_23.jpg; 8065_24.jpg; 6804_23.jpg
5163,[중고] OMRON ZX-LDA11-N / ZX-LT010 레이저 변위센서 Laser,[Used] OMRON ZX-LDA11-N / ZX-LT010 Laser Displacement Sensor Laser,ZX-LDA11-N,330000,301.45,OMRON,Sensors / various cables,,5163_1.jpg; 5163_1.jpg; 5163_3.jpg; 5163_1.jpg; 5163_1.jpg; 5163_6.jpg; 5163_7.jpg; 5609_10.jpg; 5163_9.jpg; 5609_24.jpg; 5609_14.jpg; 5991_8.jpg; 5163_13.jpg; 5163_14.jpg; 5163_15.jpg; 5609_14.jpg; 5163_17.jpg; 5991_14.jpg; 5163_19.jpg; 5163_20.jpg; 5163_1.jpg; 5163_3.jpg; 5163_23.jpg; 5131_18.jpg; 5463_25.jpg; 5463_26.jpg; 7640_17.jpg; 7640_18.jpg; 5810_16.jpg; 6804_19.jpg; 8065_23.jpg; 8065_24.jpg
5401,[중고] S8I25GD SPG기어드모터 인덕션모터 AC모터 AC기어드모터,[Used] S8I25GD SPG geared motor induction motor AC motor AC geared motor,S8I25GD,22000,20.1,,AC motor/geared motor/DC motor,,5401_1.jpg; 5401_1.jpg; 5401_3.jpg; 5401_1.jpg; 5401_1.jpg; 5972_12.jpg; 5401_7.jpg; 5401_8.jpg; 5401_9.jpg; 5401_10.jpg; 5972_23.jpg; 5972_8.jpg; 5383_6.jpg; 5401_14.jpg; 5401_15.jpg; 5972_20.jpg; 5972_15.jpg; 5383_8.jpg; 5401_19.jpg; 5401_1.jpg; 5401_3.jpg; 5972_7.jpg; 5163_23.jpg; 5131_18.jpg; 5463_25.jpg; 5463_26.jpg; 7640_17.jpg; 7640_18.jpg; 5810_16.jpg; 6804_19.jpg; 8065_23.jpg
5571,[중고] NANOMOTION LCC-1A-HR-E8,[Used] NANOMOTION LCC-1A-HR-E8,LCC-1A-HR-E8,55000,50.24,,Industrial Cameras/Lens/Lighting,,5571_1.jpg; 5571_1.jpg; 5571_3.jpg; 5571_1.jpg; 5571_1.jpg; 5571_6.jpg; 5571_7.jpg; 5571_8.jpg; 5571_9.jpg; 5571_10.jpg; 5571_11.jpg; 5571_12.jpg; 5571_1.jpg; 5571_3.jpg; 5571_15.jpg; 5163_23.jpg; 5131_18.jpg; 5463_25.jpg; 5463_26.jpg; 7640_17.jpg; 7640_18.jpg; 5810_16.jpg; 6804_19.jpg; 8065_23.jpg
4774,[중고] KEYENCE HC-P1,[Used] KEYENCE HC-P1,HC-P1,110000,100.48,,Industrial Cameras/Lens/Lighting,,4774_1.jpg; 4774_1.jpg; 4774_3.jpg; 4774_1.jpg; 5571_15.jpg; 5571_7.jpg; 5571_10.jpg; 5571_12.jpg; 5571_8.jpg; 5571_11.jpg; 4774_1.jpg; 4774_3.jpg; 5571_9.jpg; 5571_15.jpg; 5163_23.jpg; 5131_18.jpg; 5463_25.jpg; 5463_26.jpg; 7640_17.jpg; 7640_18.jpg; 5810_16.jpg; 6804_19.jpg
5161,[중고] E3X-DA8-S OMRON,[Used] E3X-DA8-S OMRON,E3X-DA8-S,55000,50.24,OMRON,Sensors / various cables,,5161_1.jpg; 5161_1.jpg; 5161_3.jpg; 5161_1.jpg; 5161_1.jpg; 5163_20.jpg; 5161_7.jpg; 5163_14.jpg; 5163_9.jpg; 5163_17.jpg; 5161_11.jpg; 5991_12.jpg; 5609_14.jpg; 5161_14.jpg; 5161_15.jpg; 5609_21.jpg; 5609_10.jpg; 5991_15.jpg; 5609_20.jpg; 5161_1.jpg; 5161_3.jpg; 5161_22.jpg; 5571_15.jpg; 5163_23.jpg; 5131_18.jpg; 5463_25.jpg; 5463_26.jpg; 7640_17.jpg; 7640_18.jpg; 5810_16.jpg; 6804_19.jpg
4735,[중고] S9KB7.5BH SPG기어드모터 감속기 기어헤드 인덕션모터 AC모터 AC기어드모터,[Used] S9KB7.5BH SPG geared motor reducer gear head induction motor AC motor AC geared motor,S9KB7.5BH,22000,20.1,,AC motor/geared motor/DC motor,,4735_1.jpg; 4735_1.jpg; 4735_3.jpg; 4735_1.jpg; 4735_1.jpg; 4735_6.jpg; 4735_7.jpg; 5972_9.jpg; 5383_11.jpg; 4735_10.jpg; 5401_8.jpg; 5972_7.jpg; 5401_10.jpg; 4735_14.jpg; 5401_19.jpg; 4735_16.jpg; 5383_7.jpg; 4735_18.jpg; 4735_19.jpg; 4735_1.jpg; 4735_3.jpg; 4735_22.jpg; 5571_15.jpg; 5163_23.jpg; 5131_18.jpg; 5463_25.jpg; 5463_26.jpg; 7640_17.jpg; 7640_18.jpg; 5810_16.jpg; 6804_19.jpg
6506,[중고] Advanced Energy M/N 3155169-006 A C D RF Navigator MATCH,[Used] Advanced Energy M/N 3155169-006 A C D RF Navigator MATCH,,3300000,3014.55,,RF/DC/MATCH,,6506_1.jpg; 6506_1.jpg; 6506_3.jpg; 6506_1.jpg; 6506_1.jpg; 6506_6.jpg; 6506_7.jpg; 6594_12.jpg; 6503_16.jpg; 6594_9.jpg; 6503_14.jpg; 6594_16.jpg; 6594_18.jpg; 6594_11.jpg; 6594_15.jpg; 6594_19.jpg; 6594_24.jpg; 6594_17.jpg; 6594_20.jpg; 6594_21.jpg; 6594_14.jpg; 6506_1.jpg; 6506_3.jpg; 6512_16.jpg; 5571_15.jpg; 5163_23.jpg; 5131_18.jpg; 5463_25.jpg; 5463_26.jpg; 7640_17.jpg; 7640_18.jpg; 5810_16.jpg; 6804_19.jpg
6489,[중고] EnerPulse 5 ENtechnologies,[Used] EnerPulse 5 ENtechnologies,,2200000,2009.7,,Controller/Other,,6489_1.jpg; 6489_1.jpg; 6489_3.jpg; 6489_1.jpg; 6489_1.jpg; 6489_6.jpg; 6489_7.jpg; 8052_17.jpg; 5463_25.jpg; 8052_14.jpg; 8052_9.jpg; 8052_10.jpg; 8052_19.jpg; 8052_8.jpg; 8052_11.jpg; 8052_18.jpg; 8052_20.jpg; 8052_16.jpg; 8052_15.jpg; 8052_13.jpg; 6489_1.jpg; 6489_3.jpg; 8052_12.jpg; 5161_22.jpg; 5571_15.jpg; 5163_23.jpg; 5131_18.jpg; 5463_25.jpg; 5463_26.jpg; 7640_17.jpg; 7640_18.jpg; 5810_16.jpg
2894,[미사용] FK-15-P0-C7 성일 HNC 대성정밀 볼스크류고정 볼스크류서포트유니트 SUPPORTUNIT BALLSCREW 자동화부품 자동화 기계,[Unused] FK-15-P0-C7 Seongil HNC Daesung Precision Ball Screw Fixing Ball Screw Support Unit SUPPORTUNIT BALLSCREW Automation Parts Automation Machine,FK-15-P0-C7,44000,40.19,,Ball screw/spline (SPLINE),,2894_1.jpg; 2894_1.jpg; 2894_3.jpg; 2894_1.jpg; 2894_1.jpg; 2894_6.jpg; 2894_7.jpg; 2894_8.jpg; 2894_9.jpg; 2894_10.jpg; 2894_11.jpg; 2894_12.jpg; 2894_13.jpg; 2894_14.jpg; 2894_15.jpg; 2894_16.jpg; 2894_1.jpg; 2894_3.jpg; 2894_19.jpg; 8052_12.jpg; 5161_22.jpg; 5571_15.jpg; 5163_23.jpg; 5131_18.jpg; 5463_25.jpg; 5463_26.jpg; 7640_17.jpg; 7640_18.jpg
6931,"[중고]로보스타 1축 직교로봇 (Stroke:1000mm), 자작/DIY CNC부품, 3D프린터 제작","[Used] Robostar 1-axis orthogonal robot (Stroke: 1000mm), self-made/DIY CNC parts, 3D printer production",Stroke:1000mm,550000,502.42,,Cartesian robot/actuator,,6931_1.jpg; 6931_1.jpg; 6931_3.jpg; 6931_1.jpg; 6931_5.jpg; 6931_6.jpg; 7634_23.jpg; 5274_24.jpg; 5274_20.jpg; 5274_9.jpg; 5274_15.jpg; 7215_27.jpg; 5274_13.jpg; 6931_14.jpg; 6931_15.jpg; 7215_15.jpg; 5274_12.jpg; 7215_23.jpg; 7215_18.jpg; 6931_1.jpg; 6931_3.jpg; 5274_8.jpg; 2894_19.jpg; 8052_12.jpg; 5161_22.jpg; 5571_15.jpg; 5163_23.jpg; 5131_18.jpg; 5463_25.jpg; 5463_26.jpg; 7640_17.jpg
3208,[중고] FR-E720E-1.5K (2마력),[Used] FR-E720E-1.5K (2 horsepower),FR-E720E-1.5K,154000,140.68,,INVERTER,,3208_1.jpg; 3208_1.jpg; 3208_3.jpg; 3208_1.jpg; 3208_5.jpg; 3208_6.jpg; 3208_7.jpg; 3208_8.jpg; 3208_9.jpg; 3208_10.jpg; 3208_11.jpg; 3208_12.jpg; 3208_13.jpg; 3208_14.jpg; 3208_15.jpg; 3208_1.jpg; 3208_3.jpg; 3208_18.jpg; 2894_19.jpg; 8052_12.jpg; 5161_22.jpg; 5571_15.jpg; 5163_23.jpg; 5131_18.jpg; 5463_25.jpg; 5463_26.jpg; 7640_17.jpg
7734,[중고] GALIL AMP-19540 Motion Controller 모션컨트롤러,[Used] GALIL AMP-19540 Motion Controller,AMP-19540,220000,200.97,,Electrical parts and other,,7734_1.jpg; 7734_1.jpg; 7734_3.jpg; 7734_1.jpg; 7734_1.jpg; 7734_6.jpg; 7734_7.jpg; 6627_8.jpg; 7734_9.jpg; 7734_10.jpg; 6627_14.jpg; 7734_12.jpg; 7734_13.jpg; 6627_12.jpg; 6627_9.jpg; 6627_18.jpg; 7734_17.jpg; 7734_18.jpg; 8065_24.jpg; 7734_20.jpg; 7734_1.jpg; 7734_3.jpg; 7734_23.jpg; 3208_18.jpg; 2894_19.jpg; 8052_12.jpg; 5161_22.jpg; 5571_15.jpg; 5163_23.jpg; 5131_18.jpg; 5463_25.jpg; 5463_26.jpg
7589,[중고 SMT3RF-4080 (80A),[Used SMT3RF-4080 (80A),SMT3RF-4080,55000,50.24,,Electrical parts and other,,7589_1.jpg; 7589_1.jpg; 7589_3.jpg; 7589_1.jpg; 7589_1.jpg; 7589_6.jpg; 7589_7.jpg; 7589_8.jpg; 7589_9.jpg; 7589_10.jpg; 7589_11.jpg; 7589_12.jpg; 7589_13.jpg; 7589_14.jpg; 7589_15.jpg; 7589_16.jpg; 7589_17.jpg; 7589_18.jpg; 7589_19.jpg; 7589_20.jpg; 7589_21.jpg; 7589_1.jpg; 7589_3.jpg; 7589_24.jpg; 3208_18.jpg; 2894_19.jpg; 8052_12.jpg; 5161_22.jpg; 5571_15.jpg; 5163_23.jpg; 5131_18.jpg; 5463_25.jpg; 5463_26.jpg
7947,"[중고] XYZ-Axis Stage (150 x 100) X,Y,X Stroke 25mm","[Used] XYZ-Axis Stage (150 x 100) X,Y,X Stroke 25mm",25mm,330000,301.45,,Precision stage,,7947_1.jpg; 7947_1.jpg; 7947_3.jpg; 7947_1.jpg; 7947_1.jpg; 7947_6.jpg; 7947_7.jpg; 7947_8.jpg; 5148_11.jpg; 5148_8.jpg; 7298_11.jpg; 5148_9.jpg; 5148_7.jpg; 7947_1.jpg; 7947_3.jpg; 5148_10.jpg; 7589_24.jpg; 3208_18.jpg; 2894_19.jpg; 8052_12.jpg; 5161_22.jpg; 5571_15.jpg; 5163_23.jpg; 5131_18.jpg; 5463_25.jpg
8026,[중고] RD-022  RS-114  RD-122,[Used] RD-022 RS-114 RD-122,RD-022,22000,20.1,,Stepping motor/driver/BLDC,,8026_1.jpg; 8026_1.jpg; 8026_3.jpg; 8026_1.jpg; 8026_1.jpg; 8026_6.jpg; 8026_7.jpg; 8026_8.jpg; 8026_9.jpg; 8026_10.jpg; 8026_11.jpg; 8026_12.jpg; 8026_13.jpg; 8026_14.jpg; 8026_15.jpg; 8026_16.jpg; 8026_17.jpg; 8026_18.jpg; 8026_19.jpg; 8026_20.jpg; 8026_1.jpg; 8026_3.jpg; 8026_23.jpg; 5148_10.jpg; 7589_24.jpg; 3208_18.jpg; 2894_19.jpg; 8052_12.jpg; 5161_22.jpg; 5571_15.jpg; 5163_23.jpg; 5131_18.jpg
7899,[중고] PX535M-A,[Used] PX535M-A,PX535M-A,25000,22.84,,Stepping motor/driver/BLDC,,7899_1.jpg; 7899_1.jpg; 7899_3.jpg; 7899_1.jpg; 7899_1.jpg; 7899_6.jpg; 7899_7.jpg; 7899_8.jpg; 7899_9.jpg; 7899_10.jpg; 7899_11.jpg; 7899_12.jpg; 7899_13.jpg; 7899_14.jpg; 7899_15.jpg; 7899_16.jpg; 7899_17.jpg; 7899_18.jpg; 7899_19.jpg; 7899_20.jpg; 7899_21.jpg; 7899_1.jpg; 7899_3.jpg; 7899_24.jpg; 8026_23.jpg; 5148_10.jpg; 7589_24.jpg; 3208_18.jpg; 2894_19.jpg; 8052_12.jpg; 5161_22.jpg; 5571_15.jpg; 5163_23.jpg
7827,[중고] APEX AB/F 042-S2-P1 (3:1) 스테핑모터 감속기,[Used] APEX AB/F 042-S2-P1 (3:1) stepping motor reducer,042-S2-P1,99000,90.44,,Reducer/Index/Coupling,,7827_1.jpg; 7827_1.jpg; 7827_3.jpg; 7827_1.jpg; 7827_1.jpg; 7827_6.jpg; 7827_7.jpg; 7649_13.jpg; 7649_14.jpg; 7649_12.jpg; 7649_22.jpg; 7649_18.jpg; 7649_19.jpg; 7649_10.jpg; 7649_16.jpg; 7649_17.jpg; 7649_11.jpg; 7649_8.jpg; 7649_15.jpg; 7827_1.jpg; 7827_3.jpg; 7649_9.jpg; 8026_23.jpg; 5148_10.jpg; 7589_24.jpg; 3208_18.jpg; 2894_19.jpg; 8052_12.jpg; 5161_22.jpg; 5571_15.jpg; 5163_23.jpg
7847,[중고] CKD N4S020P *6ea N4S030P *2ea,[Used] CKD N4S020P *6ea N4S030P *2ea,N4S020P,65000,59.38,,Pneumatic parts (PNEUMATIC),,7847_1.jpg; 7847_1.jpg; 7847_3.jpg; 7847_1.jpg; 7847_1.jpg; 7847_6.jpg; 7854_17.jpg; 7847_8.jpg; 7854_10.jpg; 7853_39.jpg; 7803_16.jpg; 7847_12.jpg; 7850_8.jpg; 7847_14.jpg; 7847_15.jpg; 7847_16.jpg; 7847_17.jpg; 7853_34.jpg; 7847_19.jpg; 7854_18.jpg; 7847_1.jpg; 7847_3.jpg; 7847_23.jpg; 7649_9.jpg; 8026_23.jpg; 5148_10.jpg; 7589_24.jpg; 3208_18.jpg; 2894_19.jpg; 8052_12.jpg; 5161_22.jpg; 5571_15.jpg
8050,[중고] ULVAC ULVAC ULSTA300  RB-NA80-DC24V VTM 로봇 웨이퍼 트랜스퍼 로보트,[Used] ULVAC ULVAC ULSTA300 RB-NA80-DC24V VTM Robot Wafer Transfer Robot,ULSTA300,5500000,5024.25,,"Wafer transfer robot, aligner",,8050_1.jpg; 8050_1.jpg; 8050_3.jpg; 8050_1.jpg; 8050_5.jpg; 8050_1.jpg; 8050_7.jpg; 8050_8.jpg; 8050_9.jpg; 7440_22.jpg; 8029_13.jpg; 5729_9.jpg; 8050_13.jpg; 8050_14.jpg; 8050_15.jpg; 7934_23.jpg; 7440_21.jpg; 8050_18.jpg; 8050_19.jpg; 7440_24.jpg; 8054_24.jpg; 7440_18.jpg; 8050_1.jpg; 8050_3.jpg; 8054_13.jpg; 7649_9.jpg; 8026_23.jpg; 5148_10.jpg; 7589_24.jpg; 3208_18.jpg; 2894_19.jpg; 8052_12.jpg; 5161_22.jpg; 5571_15.jpg
7301,[중고] INFICON CDG100D 10Torr 1000Torr,[Used] INFICON CDG100D 10Torr 1000Torr,CDG100D,220000,200.97,,vacuum gauge,,7301_1.jpg; 7301_1.jpg; 7301_3.jpg; 7301_1.jpg; 7301_1.jpg; 7301_6.jpg; 7301_7.jpg; 7301_8.jpg; 7301_1.jpg; 7301_3.jpg; 7301_11.jpg; 8054_13.jpg; 7649_9.jpg; 8026_23.jpg; 5148_10.jpg; 7589_24.jpg; 3208_18.jpg; 2894_19.jpg; 8052_12.jpg; 5161_22.jpg
7066,[중고] Bede scientific Minicam 3 Interface,[Used] Bede scientific Minicam 3 Interface,,550000,502.42,,Controller/Other,,7066_1.jpg; 7066_1.jpg; 7066_3.jpg; 7066_1.jpg; 7066_1.jpg; 7066_6.jpg; 8052_18.jpg; 8052_16.jpg; 8052_8.jpg; 8052_15.jpg; 8052_17.jpg; 8052_20.jpg; 8052_14.jpg; 8052_13.jpg; 5463_25.jpg; 8052_9.jpg; 8052_11.jpg; 8052_12.jpg; 8052_19.jpg; 7066_1.jpg; 7066_3.jpg; 8052_10.jpg; 7301_11.jpg; 8054_13.jpg; 7649_9.jpg; 8026_23.jpg; 5148_10.jpg; 7589_24.jpg; 3208_18.jpg; 2894_19.jpg; 8052_12.jpg
7585,[중고] MKS 141A-22786 1 Torr,[Used] MKS 141A-22786 1 Torr,141A-22786,110000,100.48,MKS,vacuum gauge,,7585_1.jpg; 7585_1.jpg; 7585_3.jpg; 7585_1.jpg; 7585_5.jpg; 7585_6.jpg; 7585_7.jpg; 7561_19.jpg; 7561_13.jpg; 7585_10.jpg; 7585_11.jpg; 7561_20.jpg; 7465_14.jpg; 7465_8.jpg; 7465_11.jpg; 7465_17.jpg; 7561_17.jpg; 7561_7.jpg; 7561_11.jpg; 7585_20.jpg; 7465_13.jpg; 7585_1.jpg; 7585_3.jpg; 7561_18.jpg; 8029_24.jpg; 8052_10.jpg; 7301_11.jpg; 8054_13.jpg; 7649_9.jpg; 8026_23.jpg; 5148_10.jpg; 7589_24.jpg; 3208_18.jpg
7828,[중고] SMC VQ1200Y-5  VQ1201-5  VQ1100Y-5   VQ1101-5  VQ1A01-5  EX120-SDN1-X26  EX120-SMJ1   EX120-SDN1,[Used] SMC VQ1200Y-5 VQ1201-5 VQ1100Y-5 VQ1101-5 VQ1A01-5 EX120-SDN1-X26 EX120-SMJ1 EX120-SDN1,VQ1200Y-5,38500,35.17,,Pneumatic parts (PNEUMATIC),,7828_1.jpg; 7828_1.jpg; 7828_3.jpg; 7828_1.jpg; 7828_1.jpg; 7828_6.jpg; 7828_7.jpg; 7828_8.jpg; 7847_15.jpg; 7847_23.jpg; 7847_8.jpg; 7855_38.jpg; 7828_13.jpg; 7607_19.jpg; 7828_15.jpg; 7828_16.jpg; 7855_34.jpg; 7850_6.jpg; 7803_16.jpg; 7853_38.jpg; 7828_1.jpg; 7828_3.jpg; 7854_14.jpg; 7561_18.jpg; 8029_24.jpg; 8052_10.jpg; 7301_11.jpg; 8054_13.jpg; 7649_9.jpg; 8026_23.jpg; 5148_10.jpg; 7589_24.jpg
7767,[중고] PARKER VERIFLO HFR902W2PFS8FMVPA 레귤레이터,[Used] PARKER VERIFLO HFR902W2PFS8FMVPA Regulator,HFR902W2PFS8FMVPA,110000,100.48,PARKER,Gas valve/regulator/pressure gauge,,7767_1.jpg; 7767_1.jpg; 7767_3.jpg; 7767_1.jpg; 7767_1.jpg; 7767_6.jpg; 7767_7.jpg; 7679_15.jpg; 7839_9.jpg; 7679_13.jpg; 7679_8.jpg; 7679_11.jpg; 7953_10.jpg; 7679_16.jpg; 7767_15.jpg; 7679_14.jpg; 7953_12.jpg; 7953_19.jpg; 7679_19.jpg; 7679_23.jpg; 7839_11.jpg; 7767_1.jpg; 7767_3.jpg; 7953_9.jpg; 7854_14.jpg; 7561_18.jpg; 8029_24.jpg; 8052_10.jpg; 7301_11.jpg; 8054_13.jpg; 7649_9.jpg; 8026_23.jpg; 5148_10.jpg
6838,[중고] NSK S15 (길이520mm/블럭1개) LM가이드 엘엠가이드 LM GUIDE THK IKO NSK 자동화부품 정밀부품 조각기 3D프린터 제작부품 삼익THK 베어링,[중고] NSK S15 (길이520mm/블럭1개) LM가이드 엘엠가이드 LM GUIDE THK IKO NSK 자동화부품 정밀부품 조각기 3D프린터 제작부품 삼익THK 베어링,S15,33000,30.15,THK,LM GUIDE / BUSHING,,6838_1.jpg; 6838_1.jpg; 6838_3.jpg; 6838_1.jpg; 6838_1.jpg; 6838_6.jpg; 6838_7.jpg; 6838_8.jpg; 6838_9.jpg; 6838_10.jpg; 6838_11.jpg; 6838_12.jpg; 6838_13.jpg; 6838_14.jpg; 6838_15.jpg; 6838_16.jpg; 6838_17.jpg; 6838_18.jpg; 6838_19.jpg; 6838_1.jpg; 6838_3.jpg; 6838_22.jpg; 7953_9.jpg; 7854_14.jpg; 7561_18.jpg; 8029_24.jpg; 8052_10.jpg; 7301_11.jpg; 8054_13.jpg
7217,[중고] DELL서버 R410 Xeon E5645 하드500G 램16G 서버컴퓨터,[중고] DELL서버 R410 Xeon E5645 하드500G 램16G 서버컴퓨터,R410,275000,251.21,,Computer/Computer-related parts,,7217_1.jpg; 7217_1.jpg; 7217_3.jpg; 7217_1.jpg; 7217_1.jpg; 7217_6.jpg; 7217_7.jpg
6817,[중고] EZ-ZONE PM6C1FJ-1AAAAAA WATLOW 온도콘트롤러 온도컨트롤러 디지털 인디케이터 인디케이터 indicator,[중고] EZ-ZONE PM6C1FJ-1AAAAAA WATLOW 온도콘트롤러 온도컨트롤러 디지털 인디케이터 인디케이터 indicator,PM6C1FJ-1AAAAAA,44000,40.19,,Temperature controller/indicator,,6817_1.jpg; 6817_1.jpg; 6817_3.jpg; 6817_1.jpg; 6817_1.jpg; 6817_6.jpg; 7474_11.jpg
7600,[중고] OMRON S8JX-G10024CD (24V 4.5A) 파워써플라이 파워서플라이 POWER SUPPLY SMPS,[중고] OMRON S8JX-G10024CD (24V 4.5A) 파워써플라이 파워서플라이 POWER SUPPLY SMPS,S8JX-G10024CD,22000,20.1,OMRON,Power supply SMPS,,7600_1.jpg; 7600_1.jpg; 7600_3.jpg
3012,[중고] X축 스테이지 Stroke:90mm 1축 스테이지 오토스테이지 정밀스테이지,[Used] X-axis stage Stroke: 90mm 1-axis stage Auto stage Precision stage,Stroke:90mm,110000,100.48,,Precision stage,,3012_1.jpg; 3012_1.jpg; 3012_3.jpg; 3012_1.jpg; 3012_1.jpg; 3012_6.jpg; 3012_7.jpg; 3012_8.jpg; 3012_9.jpg; 3012_10.jpg; 3012_11.jpg; 3012_12.jpg; 3012_13.jpg; 3012_14.jpg; 3012_15.jpg; 3012_16.jpg; 3012_17.jpg; 3012_18.jpg; 3012_19.jpg; 3012_1.jpg; 3012_3.jpg; 3012_22.jpg; 7554_12.jpg; 7554_13.jpg; 6838_22.jpg; 7953_9.jpg; 7854_14.jpg; 7561_18.jpg; 8029_24.jpg; 8052_10.jpg; 7301_11.jpg
7554,"[미사용 새제품] Tube Plug 1/2 (Plug for Fitting Port)""","[New unused product] Tube Plug 1/2 (Plug for Fitting Port)""",,1100,1,,Valve/tube fitting parts,,7554_1.jpg; 7554_1.jpg; 7554_3.jpg; 7554_1.jpg; 7554_1.jpg; 7554_6.jpg; 7554_7.jpg; 7554_8.jpg; 7554_1.jpg; 7554_3.jpg; 7554_11.jpg; 7554_12.jpg; 7554_13.jpg; 6838_22.jpg; 7953_9.jpg; 7854_14.jpg; 7561_18.jpg; 8029_24.jpg; 8052_10.jpg; 7301_11.jpg
7296,[중고] Swagelok SS-44S6 BALL VALVE,[Used] Swagelok SS-44S6 BALL VALVE,SS-44S6,22000,20.1,,Valve/tube fitting parts,,7296_1.jpg; 7296_1.jpg; 7296_3.jpg; 7296_1.jpg; 7296_1.jpg; 7296_6.jpg; 7296_7.jpg; 7296_8.jpg; 7296_9.jpg; 7296_10.jpg; 7296_11.jpg; 7296_1.jpg; 7296_3.jpg; 7296_14.jpg; 7554_12.jpg; 7554_13.jpg; 6838_22.jpg; 7953_9.jpg; 7854_14.jpg; 7561_18.jpg; 8029_24.jpg; 8052_10.jpg; 7301_11.jpg
682,[중고] SV150iS3-4 (20마력),[Used] SV150iS3-4 (20 horsepower),SV150iS3-4,330000,301.45,,INVERTER,,682_1.jpg; 682_1.jpg; 682_3.jpg; 682_1.jpg; 682_1.jpg; 682_6.jpg; 682_7.jpg; 682_8.jpg; 682_9.jpg; 682_10.jpg; 682_11.jpg; 682_12.jpg; 682_13.jpg; 682_14.jpg; 682_15.jpg; 682_1.jpg; 682_3.jpg; 682_18.jpg; 7554_11.jpg; 7554_12.jpg; 7554_13.jpg; 6838_22.jpg; 7953_9.jpg; 7854_14.jpg; 7561_18.jpg; 8029_24.jpg; 8052_10.jpg
7332,"[중고] MKS Baratron Pressure Switch 51B13TCA2BA550 ,51B11TCA2BA005, 51B52TCA2AA150","[Used] MKS Baratron Pressure Switch 51B13TCA2BA550 ,51B11TCA2BA005, 51B52TCA2AA150",51B13TCA2BA550,110000,100.48,MKS,vacuum gauge,,7332_1.jpg; 7332_1.jpg; 7332_3.jpg; 7332_1.jpg; 7332_1.jpg; 7332_6.jpg; 7561_17.jpg; 7465_10.jpg; 7561_11.jpg; 7332_10.jpg; 7561_18.jpg; 7465_8.jpg; 7332_13.jpg; 7465_14.jpg; 7561_9.jpg; 7465_11.jpg; 7332_17.jpg; 7465_17.jpg; 7585_11.jpg; 7585_20.jpg; 7332_1.jpg; 7332_3.jpg; 7561_19.jpg; 7554_11.jpg; 7554_12.jpg; 7554_13.jpg; 6838_22.jpg; 7953_9.jpg; 7854_14.jpg; 7561_18.jpg; 8029_24.jpg; 8052_10.jpg
7656,[중고] FUJIKIN MEGA IGS VALVE 28.5*28.5mm 3Port 길이93mm  N.C,[Used] FUJIKIN MEGA IGS VALVE 28.5*28.5mm 3Port Length 93mm N.C,28.5*28.5mm,22000,20.1,,Gas valve/regulator/pressure gauge,,7656_1.jpg; 7656_1.jpg; 7656_3.jpg; 7656_1.jpg; 7656_1.jpg; 7656_6.jpg; 7656_7.jpg; 7656_8.jpg; 7656_9.jpg; 7656_10.jpg; 7656_11.jpg; 7656_12.jpg; 7656_13.jpg; 7656_14.jpg; 7656_15.jpg; 7656_16.jpg; 7656_17.jpg; 7656_18.jpg; 7656_19.jpg; 7656_20.jpg; 7656_1.jpg; 7656_3.jpg; 7656_23.jpg; 7554_11.jpg; 7554_12.jpg; 7554_13.jpg; 6838_22.jpg; 7953_9.jpg; 7854_14.jpg; 7561_18.jpg; 8029_24.jpg; 8052_10.jpg
6873,[중고] X-Axis Stage (125 x 125)  MMT M1-138-L1,[Used] X-Axis Stage (125 x 125) MMT M1-138-L1,M1-138-L1,88000,80.39,,Precision stage,,6873_1.jpg; 6873_1.jpg; 6873_3.jpg; 6873_1.jpg; 6873_1.jpg; 6873_6.jpg; 3944_11.jpg; 3944_10.jpg; 3944_9.jpg; 3944_14.jpg; 3944_12.jpg; 3944_7.jpg; 3944_8.jpg; 3944_17.jpg; 3944_13.jpg; 6873_1.jpg; 6873_3.jpg; 3944_6.jpg; 7554_11.jpg; 7554_12.jpg; 7554_13.jpg; 6838_22.jpg; 7953_9.jpg; 7854_14.jpg; 7561_18.jpg; 8029_24.jpg; 8052_10.jpg
6593,"[중고] ASM MAIII-5KY , MAIII-5KY-1 RF POWER SOURCE","[Used] ASM MAIII-5KY, MAIII-5KY-1 RF POWER SOURCE",MAIII-5KY,1100000,1004.85,,RF/DC/MATCH,,6593_1.jpg; 6593_2.jpg; 6593_1.jpg; 6593_1.jpg; 6593_5.jpg; 6593_6.jpg; 6593_7.jpg; 6593_8.jpg; 7741_14.jpg; 6593_10.jpg; 7741_9.jpg; 7741_13.jpg; 6593_13.jpg; 7741_11.jpg; 7741_15.jpg; 7741_10.jpg; 6593_17.jpg; 6593_18.jpg; 6593_19.jpg; 6593_20.jpg; 6593_21.jpg; 7741_24.jpg; 6593_1.jpg; 6593_2.jpg; 7741_12.jpg; 682_18.jpg; 7554_11.jpg; 7554_12.jpg; 7554_13.jpg; 6838_22.jpg; 7953_9.jpg; 7854_14.jpg; 7561_18.jpg; 8029_24.jpg
8059,[중고] G3PA-210B-VD 옴론 OMRON SSR,[Used] G3PA-210B-VD Omron OMRON SSR,G3PA-210B-VD,2200,2.01,OMRON,Electrical parts and other,,8059_1.jpg; 8059_1.jpg; 8059_3.jpg; 8059_1.jpg; 8059_1.jpg; 8059_6.jpg; 8059_7.jpg; 7483_11.jpg; 8059_9.jpg; 7483_13.jpg; 7483_9.jpg; 7483_18.jpg; 7483_10.jpg; 8059_14.jpg; 8059_15.jpg; 7483_15.jpg; 7483_19.jpg; 7483_14.jpg; 8059_19.jpg; 7483_17.jpg; 8059_1.jpg; 8059_3.jpg; 7483_20.jpg; 7741_12.jpg; 682_18.jpg; 7554_11.jpg; 7554_12.jpg; 7554_13.jpg; 6838_22.jpg; 7953_9.jpg; 7854_14.jpg; 7561_18.jpg
6541,[중고] MOXA NPort 5450,[Used] MOXA NPort 5450,,220000,200.97,OMRON,Electrical parts and other,,6541_1.jpg; 6541_1.jpg; 6541_3.jpg; 6541_1.jpg; 6541_1.jpg; 6541_6.jpg; 6541_7.jpg; 6627_20.jpg; 6627_11.jpg; 6541_10.jpg; 6627_21.jpg; 6627_19.jpg; 6627_18.jpg; 6541_14.jpg; 7734_18.jpg; 6627_9.jpg; 6541_17.jpg; 6541_18.jpg; 7734_7.jpg; 7734_23.jpg; 6541_21.jpg; 6541_1.jpg; 6541_3.jpg; 7734_9.jpg; 7741_12.jpg; 682_18.jpg; 7554_11.jpg; 7554_12.jpg; 7554_13.jpg; 6838_22.jpg; 7953_9.jpg; 7854_14.jpg; 7561_18.jpg
7366,[중고] RKC MODEL OP10 CODE 3*N01 온도콘트롤러 온도컨트롤러 디지털 인디케이터 인디케이터 indicator,[Used] RKC MODEL OP10 CODE 3*N01 Temperature controller Temperature controller digital indicator indicator indicator,OP10,44000,40.19,,Temperature controller/indicator,,7366_1.jpg; 7366_1.jpg; 7366_3.jpg; 7366_1.jpg; 7366_1.jpg; 7366_6.jpg; 7366_7.jpg; 7366_8.jpg; 6804_17.jpg; 7474_16.jpg; 6804_11.jpg; 7366_12.jpg; 7366_13.jpg; 7474_17.jpg; 7366_15.jpg; 6804_12.jpg; 5694_7.jpg; 7366_18.jpg; 7366_19.jpg; 7236_12.jpg; 7366_1.jpg; 7366_3.jpg; 7366_23.jpg; 7734_9.jpg; 7741_12.jpg; 682_18.jpg; 7554_11.jpg; 7554_12.jpg; 7554_13.jpg; 6838_22.jpg; 7953_9.jpg; 7854_14.jpg
5159,[중고] SICK WL12-2B560,[Used] SICK WL12-2B560,WL12-2B560,66000,60.29,,Sensors / various cables,,5159_1.jpg; 5159_1.jpg; 5159_3.jpg; 5159_1.jpg; 5159_1.jpg; 5159_6.jpg; 5609_19.jpg; 5609_14.jpg; 5159_9.jpg; 5159_10.jpg; 5991_22.jpg; 5609_11.jpg; 5609_20.jpg; 5159_14.jpg; 5609_15.jpg; 5609_17.jpg; 5159_17.jpg; 5609_14.jpg; 5991_13.jpg; 5159_20.jpg; 5159_1.jpg; 5159_3.jpg; 7354_25.jpg; 7366_23.jpg; 7734_9.jpg; 7741_12.jpg; 682_18.jpg; 7554_11.jpg; 7554_12.jpg; 7554_13.jpg; 6838_22.jpg; 7953_9.jpg
8011,[중고] MEANWELL NES-50-24(24V 2.2A) 파워써플라이 파워서플라이 POWER SUPPLY SMPS(24V),[Used] MEANWELL NES-50-24(24V 2.2A) Power Supply Power Supply POWER SUPPLY SMPS(24V),NES-50-24,11000,10.05,OMRON,Power supply SMPS,,8011_1.jpg; 8011_1.jpg; 8011_3.jpg; 8011_1.jpg; 8011_1.jpg; 8011_6.jpg; 8011_7.jpg; 8011_8.jpg; 8011_9.jpg; 8011_10.jpg; 8011_11.jpg; 8011_12.jpg; 8011_13.jpg; 7554_12.jpg; 8011_15.jpg; 8011_16.jpg; 8011_17.jpg; 8011_18.jpg; 8011_19.jpg; 8011_20.jpg; 8011_1.jpg; 8011_3.jpg; 7354_24.jpg; 7354_25.jpg; 7366_23.jpg; 7734_9.jpg; 7741_12.jpg; 682_18.jpg; 7554_11.jpg; 7554_12.jpg; 7554_13.jpg; 6838_22.jpg
7354,[중고] GALIL AMP-19540 Motion Controller 모션컨트롤러,[Used] GALIL AMP-19540 Motion Controller,AMP-19540,220000,200.97,,Electrical parts and other,,7354_1.jpg; 7354_1.jpg; 7354_3.jpg; 7354_1.jpg; 7354_1.jpg; 7354_6.jpg; 7734_7.jpg; 7734_23.jpg; 6627_11.jpg; 6541_21.jpg; 6541_17.jpg; 6627_19.jpg; 7354_13.jpg; 6627_21.jpg; 7354_15.jpg; 6627_10.jpg; 7734_9.jpg; 7354_18.jpg; 7734_20.jpg; 7354_20.jpg; 7354_1.jpg; 7354_3.jpg; 6627_20.jpg; 7354_24.jpg; 7354_25.jpg; 7366_23.jpg; 7734_9.jpg; 7741_12.jpg; 682_18.jpg; 7554_11.jpg; 7554_12.jpg; 7554_13.jpg
7368,"[중고] ASYST 300FL,S3,25WFR LOAD PORT OPENER 300mm wafer 12inch","[Used] ASYST 300FL,S3,25WFR LOAD PORT OPENER 300mm wafer 12inch","300FL,S3,25WFR",2200000,2009.7,,LOAD PORT,,7368_1.jpg; 7368_2.jpg; 7368_1.jpg; 7368_1.jpg; 7368_5.jpg; 7368_6.jpg; 7368_7.jpg; 7368_8.jpg; 7368_9.jpg; 7368_1.jpg; 7368_2.jpg; 7874_26.jpg; 6627_20.jpg; 7354_24.jpg; 7354_25.jpg; 7366_23.jpg; 7734_9.jpg; 7741_12.jpg; 682_18.jpg; 7554_11.jpg; 7554_12.jpg
7153,[중고] 블로워 400W (1/2마력) FY-23CG1 National 브로워 Blower 660*760*700,[Used] Blower 400W (1/2 horsepower) FY-23CG1 National Blower Blower 660*760*700,400W,220000,200.97,,Blower,,7153_1.jpg; 7153_1.jpg; 7153_3.jpg; 7153_1.jpg; 7153_1.jpg; 7153_6.jpg; 7153_7.jpg; 7153_8.jpg; 7153_9.jpg; 7151_11.jpg; 7151_10.jpg; 7151_15.jpg; 7153_1.jpg; 7153_3.jpg; 7151_12.jpg; 7874_26.jpg; 6627_20.jpg; 7354_24.jpg; 7354_25.jpg; 7366_23.jpg; 7734_9.jpg; 7741_12.jpg; 682_18.jpg; 7554_11.jpg
7874,[중고] COOL MUSCLE CM1-C-23S30A,[Used] COOL MUSCLE CM1-C-23S30A,CM1-C-23S30A,55000,50.24,,Stepping motor/driver/BLDC,,7874_1.jpg; 7874_1.jpg; 7874_3.jpg; 7874_1.jpg; 7874_1.jpg; 7874_6.jpg; 7874_7.jpg; 7874_8.jpg; 7874_9.jpg; 7874_10.jpg; 7874_11.jpg; 7874_12.jpg; 7874_13.jpg; 7874_14.jpg; 7874_15.jpg; 7874_16.jpg; 7874_17.jpg; 7874_18.jpg; 7874_19.jpg; 7874_20.jpg; 7874_21.jpg; 7874_1.jpg; 7874_3.jpg; 7874_24.jpg; 7151_12.jpg; 7874_26.jpg; 6627_20.jpg; 7354_24.jpg; 7354_25.jpg; 7366_23.jpg; 7734_9.jpg; 7741_12.jpg; 682_18.jpg
7104,[중고] HSR15-R (길이 500mm/블럭2개) LM가이드 엘엠가이드 LM GUIDE THK IKO NSK 자동화부품 정밀부품 조각기 3D프린터 제작부품 삼익THK 베어링,[Used] HSR15-R (length 500mm/2 blocks) LM Guide LM Guide LM GUIDE THK IKO NSK Automation Parts Precision Parts Engraver 3D Printer Manufacturing Parts Samik THK Bearing,HSR15-R,44000,40.19,THK,LM GUIDE / BUSHING,,7104_1.jpg; 7104_1.jpg; 7104_3.jpg; 7104_1.jpg; 7104_1.jpg; 7104_6.jpg; 7104_7.jpg; 7104_8.jpg; 7104_9.jpg; 7104_10.jpg; 7104_11.jpg; 7104_12.jpg; 7104_13.jpg; 7104_14.jpg; 7104_15.jpg; 7104_16.jpg; 7104_17.jpg; 7104_18.jpg; 7104_1.jpg; 7104_3.jpg; 7104_21.jpg; 7874_24.jpg; 7151_12.jpg; 7874_26.jpg; 6627_20.jpg; 7354_24.jpg; 7354_25.jpg; 7366_23.jpg; 7734_9.jpg; 7741_12.jpg
7650,"[중고] 1축 엑츄에이터 스트로크 1,100mm 리드 20mm  ACTUATOR 엑츄에이터 자작 DIY CNC부품 3D프린터 제작 자동화 부품","[Used] 1-axis actuator stroke 1,100mm lead 20mm ACTUATOR actuator self-made DIY CNC parts 3D printer production automation parts","1,100mm",385000,351.7,,Cartesian robot/actuator,,7650_1.jpg; 7650_1.jpg; 7650_3.jpg; 7650_1.jpg; 7650_1.jpg; 7650_6.jpg; 7650_7.jpg; 7650_8.jpg; 7650_9.jpg; 7650_10.jpg; 7650_11.jpg; 7650_12.jpg; 7650_13.jpg; 7650_14.jpg; 5274_17.jpg; 7634_23.jpg; 7650_17.jpg; 5274_9.jpg; 5274_24.jpg; 7215_17.jpg; 5274_15.jpg; 7650_22.jpg; 7650_23.jpg; 7650_24.jpg; 7215_25.jpg; 7215_18.jpg; 7650_1.jpg; 7650_3.jpg; 7215_26.jpg; 7104_21.jpg; 7874_24.jpg; 7151_12.jpg; 7874_26.jpg; 6627_20.jpg; 7354_24.jpg; 7354_25.jpg; 7366_23.jpg; 7734_9.jpg
5196,[중고] Dunkermotoren GR53X30 24V,[Used] Dunkermotoren GR53X30 24V,GR53X30,55000,50.24,,AC motor/geared motor/DC motor,,5196_1.jpg; 5196_1.jpg; 5196_3.jpg; 5196_1.jpg; 5196_1.jpg; 5196_6.jpg; 5196_7.jpg; 5196_8.jpg; 5196_9.jpg; 5196_10.jpg; 5196_11.jpg; 5196_12.jpg; 5196_13.jpg; 5196_12.jpg; 5196_15.jpg; 5196_16.jpg; 5196_1.jpg; 5196_3.jpg; 5196_19.jpg; 7215_26.jpg; 7104_21.jpg; 7874_24.jpg; 7151_12.jpg; 7874_26.jpg; 6627_20.jpg; 7354_24.jpg; 7354_25.jpg; 7366_23.jpg
7560,[중고] MKS 141A-22786 1 Torr,[Used] MKS 141A-22786 1 Torr,141A-22786,110000,100.48,MKS,vacuum gauge,,7560_1.jpg; 7560_1.jpg; 7560_3.jpg; 7560_1.jpg; 7560_1.jpg; 7560_6.jpg; 7561_19.jpg; 7585_11.jpg; 7561_23.jpg; 7561_8.jpg; 7465_13.jpg; 7465_8.jpg; 7561_9.jpg; 7585_10.jpg; 7561_11.jpg; 7561_14.jpg; 7561_15.jpg; 7142_20.jpg; 7561_10.jpg; 7465_17.jpg; 7560_1.jpg; 7560_3.jpg; 7561_16.jpg; 5196_19.jpg; 7215_26.jpg; 7104_21.jpg; 7874_24.jpg; 7151_12.jpg; 7874_26.jpg; 6627_20.jpg; 7354_24.jpg; 7354_25.jpg
3105,[미사용] EF-8 성일 HNC 대성정밀 볼스크류고정 볼스크류서포트유니트 SUPPORTUNIT BALLSCREW 자동화부품 자동화 기계,[Unused] EF-8 Seongil HNC Daesung Precision Ball Screw Fixing Ball Screw Support Unit SUPPORTUNIT BALLSCREW Automation Parts Automation Machine,EF-8,9900,9.04,,Ball screw/spline (SPLINE),,3105_1.jpg; 3105_1.jpg; 3105_3.jpg; 3105_1.jpg; 3105_1.jpg; 3105_6.jpg; 2894_7.jpg; 2894_15.jpg; 2894_13.jpg; 2894_19.jpg; 2894_12.jpg; 2894_11.jpg; 2894_8.jpg; 2894_10.jpg; 2894_14.jpg; 2894_16.jpg; 3105_1.jpg; 3105_3.jpg; 2894_9.jpg; 7561_16.jpg; 5196_19.jpg; 7215_26.jpg; 7104_21.jpg; 7874_24.jpg; 7151_12.jpg; 7874_26.jpg; 6627_20.jpg; 7354_24.jpg
8021,[중고] 3G3MV-A2002 (1/2마력) OMRON,[Used] 3G3MV-A2002 (1/2 horsepower) OMRON,3G3MV-A2002,44000,40.19,OMRON,INVERTER,,8021_1.jpg; 8021_1.jpg; 8021_3.jpg; 8021_1.jpg; 8021_1.jpg; 8021_6.jpg; 8021_7.jpg; 8021_8.jpg; 8021_1.jpg; 8021_3.jpg; 8021_11.jpg; 2894_9.jpg; 7561_16.jpg; 5196_19.jpg; 7215_26.jpg; 7104_21.jpg; 7874_24.jpg; 7151_12.jpg; 7874_26.jpg; 6627_20.jpg
8073,[중고] GRANVILLE-PHILPS 275Mini-Convectron 20275-498 20275-499 20275991,[Used] GRANVILLE-PHILPS 275Mini-Convectron 20275-498 20275-499 20275991,275Mini-Convectron,165000,150.73,,vacuum gauge,,8073_1.jpg; 8073_1.jpg; 8073_3.jpg; 8073_1.jpg; 8073_1.jpg; 8073_6.jpg; 8073_7.jpg; 8073_8.jpg; 8073_9.jpg; 8073_10.jpg; 8073_11.jpg; 8073_12.jpg; 8073_13.jpg; 8073_14.jpg; 8073_15.jpg; 8073_16.jpg; 8073_17.jpg; 8073_18.jpg; 8073_19.jpg; 8073_20.jpg; 8073_1.jpg; 8073_3.jpg; 5599_27.jpg; 8021_11.jpg; 2894_9.jpg; 7561_16.jpg; 5196_19.jpg; 7215_26.jpg; 7104_21.jpg; 7874_24.jpg; 7151_12.jpg; 7874_26.jpg
8036,[중고] KEYENCE FS-V11 화이버센서 FIBER 화이바센서 앰프,[Used] KEYENCE FS-V11 Fiber Sensor FIBER Fiber Sensor Amplifier,FS-V11,55000,50.24,,Sensors / various cables,,8036_1.jpg; 8036_1.jpg; 8036_3.jpg; 8036_1.jpg; 8036_1.jpg; 8036_6.jpg; 8036_7.jpg; 8036_8.jpg; 8036_9.jpg; 8036_10.jpg; 8036_11.jpg; 5991_18.jpg; 5159_17.jpg; 5609_18.jpg; 5609_9.jpg; 5609_12.jpg; 5609_19.jpg; 8036_18.jpg; 5991_13.jpg; 5163_13.jpg; 5163_23.jpg; 7354_25.jpg; 8036_23.jpg; 8036_24.jpg; 8036_1.jpg; 8036_3.jpg; 5163_14.jpg; 5599_27.jpg; 8021_11.jpg; 2894_9.jpg; 7561_16.jpg; 5196_19.jpg; 7215_26.jpg; 7104_21.jpg; 7874_24.jpg; 7151_12.jpg
5599,[중고] SR253-2P-N-11515100 SHIMADEN 온도콘트롤러 온도컨트롤러 디지털 인디케이터 인디케이터 indicator,[Used] SR253-2P-N-11515100 SHIMADEN temperature controller temperature controller digital indicator indicator indicator,SR253-2P-N-11515100,110000,100.48,,Temperature controller/indicator,,5599_1.jpg; 5599_1.jpg; 5599_3.jpg; 5599_1.jpg; 5599_1.jpg; 5599_6.jpg; 5599_7.jpg; 5599_8.jpg; 5599_9.jpg; 5694_17.jpg; 5599_11.jpg; 6804_13.jpg; 5599_13.jpg; 6804_7.jpg; 7474_12.jpg; 7474_11.jpg; 5599_17.jpg; 5599_18.jpg; 7366_8.jpg; 5694_14.jpg; 5599_21.jpg; 5599_22.jpg; 5599_1.jpg; 5599_3.jpg; 5694_18.jpg; 5163_14.jpg; 5599_27.jpg; 8021_11.jpg; 2894_9.jpg; 7561_16.jpg; 5196_19.jpg; 7215_26.jpg; 7104_21.jpg; 7874_24.jpg
853,[중고] NSK (105/50mm) 볼스크류 볼나사 Ballscrew TM스크류 베어링 삼익THK 자동화부품 조각기 3D프린터 제작부품 자작 DIY,[Used] NSK (105/50mm) Ball Screw Ball Screw Ballscrew TM Screw Bearing Samick THK Automation Parts Engraver 3D Printer Manufacturing Parts DIY,105/50mm,11000,10.05,THK,Ball screw/spline (SPLINE),,853_1.jpg; 853_1.jpg; 853_3.jpg; 853_1.jpg; 853_1.jpg; 853_6.jpg; 853_7.jpg; 853_8.jpg; 853_9.jpg; 853_10.jpg; 6012_20.jpg; 6012_12.jpg; 853_13.jpg; 6012_19.jpg; 6012_15.jpg; 6012_9.jpg; 6012_16.jpg; 6012_7.jpg; 6012_8.jpg; 6012_11.jpg; 853_21.jpg; 853_22.jpg; 6012_23.jpg; 853_1.jpg; 853_3.jpg; 853_26.jpg; 5163_14.jpg; 5599_27.jpg; 8021_11.jpg; 2894_9.jpg; 7561_16.jpg; 5196_19.jpg; 7215_26.jpg; 7104_21.jpg; 7874_24.jpg
5594,[중고] COHERENT AVIA355-14 LASER 석정반,[Used] COHERENT AVIA355-14 LASER stone granite,AVIA355-14,8800000,8038.8,,Industrial Cameras/Lens/Lighting,,5594_1.jpg; 5594_1.jpg; 5594_3.jpg; 5594_1.jpg; 5594_5.jpg; 7298_10.jpg; 7298_7.jpg; 5594_1.jpg; 5594_3.jpg; 7298_6.jpg; 853_26.jpg; 5163_14.jpg; 5599_27.jpg; 8021_11.jpg; 2894_9.jpg; 7561_16.jpg; 5196_19.jpg; 7215_26.jpg; 7104_21.jpg
7950,"[중고] HORIBA STEC SEC-F750 Series SEC-F750M B1 ClF3,NF3,N2 MFC","[Used] HORIBA STEC SEC-F750 Series SEC-F750M B1 ClF3,NF3,N2 MFC",SEC-F750,110000,100.48,,MFC/MFM,,7950_1.jpg; 7950_1.jpg; 7950_3.jpg; 7950_1.jpg; 7950_5.jpg; 7950_6.jpg; 7950_7.jpg; 7950_8.jpg; 7950_7.jpg; 7950_10.jpg; 7950_11.jpg; 7950_7.jpg; 7950_13.jpg; 7950_14.jpg; 7950_6.jpg; 7950_7.jpg; 7950_17.jpg; 7950_7.jpg; 7950_1.jpg; 7950_3.jpg; 7950_21.jpg; 853_26.jpg; 5163_14.jpg; 5599_27.jpg; 8021_11.jpg; 2894_9.jpg; 7561_16.jpg; 5196_19.jpg; 7215_26.jpg; 7104_21.jpg
7498,[중고] GRANVILLE-PHILPS 275Mini-Convectron 275546-EU,[Used] GRANVILLE-PHILPS 275Mini-Convectron 275546-EU,275Mini-Convectron,165000,150.73,,vacuum gauge,,7498_1.jpg; 7498_1.jpg; 7498_3.jpg; 7498_1.jpg; 7498_1.jpg; 7498_6.jpg; 8073_18.jpg; 7498_8.jpg; 8073_11.jpg; 8073_16.jpg; 7498_11.jpg; 8073_8.jpg; 8073_20.jpg; 7498_14.jpg; 7498_15.jpg; 8073_8.jpg; 7498_17.jpg; 8073_13.jpg; 8073_10.jpg; 8073_7.jpg; 7498_1.jpg; 7498_3.jpg; 8073_17.jpg; 7298_6.jpg; 853_26.jpg; 5163_14.jpg; 5599_27.jpg; 8021_11.jpg; 2894_9.jpg; 7561_16.jpg; 5196_19.jpg; 7215_26.jpg
7720,[중고] VAT 65146-JHCH-0001 PENDULUM VALVE,[Used] VAT 65146-JHCH-0001 PENDULUM VALVE,65146-JHCH-0001,3300000,3014.55,VAT,vacuum valve,,7720_1.jpg; 7720_1.jpg; 7720_3.jpg; 7720_1.jpg; 7720_1.jpg; 7720_6.jpg; 7717_21.jpg; 7717_19.jpg; 7717_13.jpg; 7717_13.jpg; 7717_9.jpg; 7717_8.jpg; 7717_14.jpg; 7717_15.jpg; 7717_17.jpg; 7717_24.jpg; 7717_18.jpg; 7717_20.jpg; 7717_11.jpg; 7717_10.jpg; 7720_1.jpg; 7720_3.jpg; 7717_10.jpg; 8073_17.jpg; 7298_6.jpg; 853_26.jpg; 5163_14.jpg; 5599_27.jpg; 8021_11.jpg; 2894_9.jpg; 7561_16.jpg; 5196_19.jpg
7797,[중고] GM6-B06M,[Used] GM6-B06M,GM6-B06M,33000,30.15,,PLC,,7797_1.jpg; 7797_1.jpg; 7797_3.jpg; 7797_1.jpg; 7797_1.jpg; 7797_6.jpg; 7797_7.jpg; 7797_8.jpg; 7797_9.jpg; 7797_10.jpg; 7797_11.jpg; 7797_12.jpg; 7797_13.jpg; 7797_14.jpg; 7797_15.jpg; 7797_16.jpg; 7797_17.jpg; 7797_18.jpg; 7797_19.jpg; 7797_20.jpg; 7797_1.jpg; 7797_3.jpg; 7797_23.jpg; 7717_10.jpg; 8073_17.jpg; 7298_6.jpg; 853_26.jpg; 5163_14.jpg; 5599_27.jpg; 8021_11.jpg; 2894_9.jpg; 7561_16.jpg
8030,[중고] RORZE RR717L1521-376-V11-1 CURR-6022-0 웨이퍼 핸들링 로봇 ATM ROBOT,[Used] RORZE RR717L1521-376-V11-1 CURR-6022-0 wafer handling robot ATM ROBOT,RR717L1521-376-V11-1,12100000,11053.35,RORZE,"Wafer transfer robot, aligner",,8030_1.jpg; 8030_1.jpg; 8030_3.jpg; 8030_1.jpg; 8030_5.jpg; 8030_6.jpg; 8030_7.jpg; 8030_8.jpg; 8030_9.jpg; 6631_10.jpg; 8029_19.jpg; 7440_25.jpg; 8030_13.jpg; 5729_13.jpg; 6631_21.jpg; 5729_9.jpg; 8030_17.jpg; 8030_18.jpg; 7440_19.jpg; 8029_28.jpg; 8030_21.jpg; 8029_25.jpg; 8054_11.jpg; 8030_1.jpg; 8030_3.jpg; 8054_15.jpg; 7717_10.jpg; 8073_17.jpg; 7298_6.jpg; 853_26.jpg; 5163_14.jpg; 5599_27.jpg; 8021_11.jpg; 2894_9.jpg; 7561_16.jpg
5975,[중고] S8KA25B SPG기어드모터 감속기 기어헤드 인덕션모터 AC모터 AC기어드모터,[Used] S8KA25B SPG geared motor reducer gear head induction motor AC motor AC geared motor,S8KA25B,22000,20.1,,AC motor/geared motor/DC motor,,5975_1.jpg; 5975_1.jpg; 5975_3.jpg; 5975_1.jpg; 5975_1.jpg; 5975_6.jpg; 5401_8.jpg; 4735_22.jpg; 5972_12.jpg; 5383_8.jpg; 4735_18.jpg; 5972_18.jpg; 4735_16.jpg; 5972_14.jpg; 5383_10.jpg; 5401_7.jpg; 5975_17.jpg; 5383_6.jpg; 5972_17.jpg; 5975_20.jpg; 5975_1.jpg; 5975_3.jpg; 5401_10.jpg; 7797_23.jpg; 7717_10.jpg; 8073_17.jpg; 7298_6.jpg; 853_26.jpg; 5163_14.jpg; 5599_27.jpg; 8021_11.jpg; 2894_9.jpg
6942,[중고] NP NPR-804LJ REACTOR 400kHz,[Used] NP NPR-804LJ REACTOR 400kHz,NPR-804LJ,880000,803.88,,RF/DC/MATCH,,6942_1.jpg; 6942_1.jpg; 6942_3.jpg; 6942_1.jpg; 6942_1.jpg; 6942_6.jpg; 6942_7.jpg; 6942_8.jpg; 7741_11.jpg; 6593_18.jpg; 7741_18.jpg; 6942_12.jpg; 7741_19.jpg; 6593_10.jpg; 6942_15.jpg; 6593_13.jpg; 6942_17.jpg; 6593_19.jpg; 6942_19.jpg; 7741_14.jpg; 7741_12.jpg; 6942_1.jpg; 6942_3.jpg; 6942_24.jpg; 5401_10.jpg; 7797_23.jpg; 7717_10.jpg; 8073_17.jpg; 7298_6.jpg; 853_26.jpg; 5163_14.jpg; 5599_27.jpg; 8021_11.jpg
7964,[중고] PARKER VERIFLO HFR902W2PFS8FMVPA 레귤레이터,[Used] PARKER VERIFLO HFR902W2PFS8FMVPA Regulator,HFR902W2PFS8FMVPA,110000,100.48,PARKER,Gas valve/regulator/pressure gauge,,7964_1.jpg; 7964_1.jpg; 7964_3.jpg; 7964_1.jpg; 7964_1.jpg; 7964_6.jpg; 7964_7.jpg; 7679_15.jpg; 7679_18.jpg; 7839_14.jpg; 7953_10.jpg; 7679_12.jpg; 7679_17.jpg; 7839_18.jpg; 7953_14.jpg; 7679_11.jpg; 7839_11.jpg; 7679_16.jpg; 7679_10.jpg; 7679_9.jpg; 7679_14.jpg; 7964_1.jpg; 7964_3.jpg; 7839_13.jpg; 5401_10.jpg; 7797_23.jpg; 7717_10.jpg; 8073_17.jpg; 7298_6.jpg; 853_26.jpg; 5163_14.jpg; 5599_27.jpg; 8021_11.jpg
7868,[중고] PX535M-A,[Used] PX535M-A,PX535M-A,25000,22.84,,Stepping motor/driver/BLDC,,7868_1.jpg; 7868_1.jpg; 7868_3.jpg; 7868_1.jpg; 7868_1.jpg; 7868_6.jpg; 7868_7.jpg; 7868_8.jpg; 7868_9.jpg; 7868_10.jpg; 7868_11.jpg; 7868_12.jpg; 7868_13.jpg; 7868_14.jpg; 7899_8.jpg; 7868_16.jpg; 7868_17.jpg; 7868_18.jpg; 7868_19.jpg; 7868_20.jpg; 7868_21.jpg; 7868_22.jpg; 7899_11.jpg; 7868_24.jpg; 7868_25.jpg; 7868_26.jpg; 7868_27.jpg; 7899_15.jpg; 7868_1.jpg; 7868_3.jpg; 7868_31.jpg; 5401_10.jpg; 7797_23.jpg; 7717_10.jpg; 8073_17.jpg; 7298_6.jpg; 853_26.jpg; 5163_14.jpg; 5599_27.jpg; 8021_11.jpg
7618,[중고] HORIBA STEC Z700 SEC-Z714AG H2,[Used] HORIBA STEC Z700 SEC-Z714AG H2,Z700,110000,100.48,,MFC/MFM,,7618_1.jpg; 7618_1.jpg; 7618_3.jpg; 7618_1.jpg; 7618_1.jpg; 7618_6.jpg; 7950_7.jpg; 7618_8.jpg; 7950_10.jpg; 7950_7.jpg; 7618_11.jpg; 7950_13.jpg; 7950_8.jpg; 7618_14.jpg; 7950_6.jpg; 7950_5.jpg; 7618_17.jpg; 7950_6.jpg; 7618_19.jpg; 7950_17.jpg; 7618_1.jpg; 7618_3.jpg; 7618_23.jpg; 7868_31.jpg; 5401_10.jpg; 7797_23.jpg; 7717_10.jpg; 8073_17.jpg; 7298_6.jpg; 853_26.jpg; 5163_14.jpg; 5599_27.jpg
7733,[중고] SGMAV-02ADA2C 야스카와 서보 서보모터 AC서보모터 YASKAWA 시그마 자동화부품 조각기 3D프린터 부품 산업용 자동화설비,[Used] SGMAV-02ADA2C YASKAWA Servo Servo Motor AC Servo Motor YASKAWA Sigma Automation Parts Engraver 3D Printer Parts Industrial Automation Equipment,SGMAV-02ADA2C,110000,100.48,YASKAWA,Servo motor/servo driver,,7733_1.jpg; 7733_1.jpg; 7733_3.jpg; 7733_1.jpg; 7733_1.jpg; 7733_6.jpg; 7733_7.jpg; 7733_8.jpg; 7733_9.jpg; 7733_10.jpg; 7968_22.jpg; 7968_20.jpg; 7733_13.jpg; 7733_14.jpg; 7733_15.jpg; 7968_21.jpg; 7733_17.jpg; 7733_18.jpg; 7733_19.jpg; 7733_20.jpg; 7733_1.jpg; 7733_3.jpg; 7733_23.jpg; 7618_23.jpg; 7868_31.jpg; 5401_10.jpg; 7797_23.jpg; 7717_10.jpg; 8073_17.jpg; 7298_6.jpg; 853_26.jpg; 5163_14.jpg
7851,[중고] SMC 솔레노이드밸브 SQ1A31NY-5-C4 / SQ1131NY-5-C4 / SQ1231NY-5-C4 솔밸브,[Used] SMC solenoid valve SQ1A31NY-5-C4 / SQ1131NY-5-C4 / SQ1231NY-5-C4 solenoid valve,SQ1A31NY-5-C4,44000,40.19,,Pneumatic parts (PNEUMATIC),,7851_1.jpg; 7851_1.jpg; 7851_3.jpg; 7851_1.jpg; 7851_1.jpg; 7851_6.jpg; 7847_16.jpg; 7851_8.jpg; 7853_34.jpg; 7853_33.jpg; 7851_11.jpg; 7855_37.jpg; 7828_7.jpg; 7851_14.jpg; 7851_15.jpg; 7828_13.jpg; 7850_10.jpg; 7855_40.jpg; 7847_15.jpg; 7854_15.jpg; 7851_1.jpg; 7851_3.jpg; 7851_23.jpg; 7733_23.jpg; 7618_23.jpg; 7868_31.jpg; 5401_10.jpg; 7797_23.jpg; 7717_10.jpg; 8073_17.jpg; 7298_6.jpg; 853_26.jpg
6961,[중고] V806iMD AnyTouch RS Automation,[Used] V806iMD AnyTouch RS Automation,V806iMD,110000,100.48,,touch screen,,6961_1.jpg; 6961_1.jpg; 6961_3.jpg; 6961_1.jpg; 6961_1.jpg; 6961_6.jpg; 6961_7.jpg; 5536_19.jpg; 7672_8.jpg; 7672_7.jpg; 6961_1.jpg; 6961_3.jpg; 7672_9.jpg; 7733_23.jpg; 7618_23.jpg; 7868_31.jpg; 5401_10.jpg; 7797_23.jpg; 7717_10.jpg; 8073_17.jpg; 7298_6.jpg; 853_26.jpg
5820,[중고] Brooks Reliance™ 컨트롤러 제외상품 / 반도체 웨이퍼 핸들링 로봇,[Used] Products excluding Brooks Reliance™ controller / Semiconductor wafer handling robot,,2860000,2612.61,BROOKS,semiconductor equipment,,5820_1.jpg; 5820_1.jpg; 5820_3.jpg; 5820_1.jpg; 5820_5.jpg; 8050_13.jpg; 7440_20.jpg; 8054_11.jpg; 8029_14.jpg; 5820_10.jpg; 5820_11.jpg; 5729_13.jpg; 7440_13.jpg; 6631_23.jpg; 8029_19.jpg; 7934_22.jpg; 8050_9.jpg; 8029_24.jpg; 8050_19.jpg; 5820_1.jpg; 5820_3.jpg; 7440_25.jpg; 7672_9.jpg; 7733_23.jpg; 7618_23.jpg; 7868_31.jpg; 5401_10.jpg; 7797_23.jpg; 7717_10.jpg; 8073_17.jpg; 7298_6.jpg
7815,[중고] XTOP07TW-LD M2I 엠투아이 터치스크린,[Used] XTOP07TW-LD M2I M2I Touch Screen,XTOP07TW-LD,132000,120.58,,touch screen,,7815_1.jpg; 7815_1.jpg; 7815_3.jpg; 7815_1.jpg; 7815_1.jpg; 7815_6.jpg; 7815_7.jpg; 7815_8.jpg; 7815_9.jpg; 7815_10.jpg; 7815_11.jpg; 7815_12.jpg; 7815_13.jpg; 7815_1.jpg; 7815_3.jpg; 7815_16.jpg; 7672_9.jpg; 7733_23.jpg; 7618_23.jpg; 7868_31.jpg; 5401_10.jpg; 7797_23.jpg; 7717_10.jpg; 8073_17.jpg; 7298_6.jpg
5551,[미사용 새제품] ATG PGX60-H-10 (10:1) ATG 서보모터 감속기,[New unused product] ATG PGX60-H-10 (10:1) ATG servo motor reducer,PGX60-H-10,550000,502.42,,Reducer/Index/Coupling,,5551_1.jpg; 5551_1.jpg; 5551_3.jpg; 5551_1.jpg; 6990_5.jpg; 5551_1.jpg; 5551_7.jpg; 7649_18.jpg; 7649_17.jpg; 7649_16.jpg; 7649_15.jpg; 7649_22.jpg; 7649_19.jpg; 7649_11.jpg; 7649_14.jpg; 7649_10.jpg; 7649_9.jpg; 7649_12.jpg; 7649_13.jpg; 5551_1.jpg; 5551_3.jpg; 7649_8.jpg; 7815_16.jpg; 7672_9.jpg; 7733_23.jpg; 7618_23.jpg; 7868_31.jpg; 5401_10.jpg; 7797_23.jpg; 7717_10.jpg; 8073_17.jpg
7162,[중고] H8CA-SDL,[Used] H8CA-SDL,H8CA-SDL,11000,10.05,,Electrical parts and other,,7162_1.jpg; 7162_1.jpg; 7162_3.jpg; 7162_1.jpg; 7162_1.jpg; 7162_6.jpg; 7162_7.jpg; 7162_8.jpg; 7162_9.jpg; 7162_10.jpg; 7162_11.jpg; 7162_12.jpg; 7162_13.jpg; 7162_14.jpg; 7162_15.jpg; 7162_1.jpg; 7162_3.jpg; 7162_18.jpg; 7649_8.jpg; 7815_16.jpg; 7672_9.jpg; 7733_23.jpg; 7618_23.jpg; 7868_31.jpg; 5401_10.jpg; 7797_23.jpg; 7717_10.jpg
5769,[중고] 벨트타입 엑츄에이터 스트로크 400mm + Allen-Bradley 100W 서보셋트,[Used] Belt type actuator stroke 400mm + Allen-Bradley 100W servo set,400mm,330000,301.45,,Cartesian robot/actuator,,5769_1.jpg; 5769_1.jpg; 5769_3.jpg; 5769_1.jpg; 5769_1.jpg; 5769_6.jpg; 5769_7.jpg; 5769_8.jpg; 5769_9.jpg; 5769_10.jpg; 7650_22.jpg; 6931_6.jpg; 7215_15.jpg; 7215_22.jpg; 7650_14.jpg; 7650_23.jpg; 5769_17.jpg; 5274_17.jpg; 5274_9.jpg; 7215_18.jpg; 5274_20.jpg; 5769_22.jpg; 7215_25.jpg; 6931_15.jpg; 5769_1.jpg; 5769_3.jpg; 5274_13.jpg; 7162_18.jpg; 7649_8.jpg; 7815_16.jpg; 7672_9.jpg; 7733_23.jpg; 7618_23.jpg; 7868_31.jpg; 5401_10.jpg; 7797_23.jpg
7816,[중고] XTOP10TV-ED XTOP10TV-ED-E M2I,[Used] XTOP10TV-ED XTOP10TV-ED-E M2I,XTOP10TV-ED,187000,170.82,,touch screen,,7816_1.jpg; 7816_1.jpg; 7816_3.jpg; 7816_1.jpg; 7816_1.jpg; 7816_6.jpg; 7816_7.jpg; 7816_8.jpg; 7815_10.jpg; 7815_12.jpg; 7815_16.jpg; 7815_11.jpg; 7815_9.jpg; 7816_1.jpg; 7816_3.jpg; 7815_13.jpg; 7162_18.jpg; 7649_8.jpg; 7815_16.jpg; 7672_9.jpg; 7733_23.jpg; 7618_23.jpg; 7868_31.jpg; 5401_10.jpg; 7797_23.jpg
7621,[중고] PF2W520-N03-2 FOLW SWITCH  공압실린더 SMC,[Used] PF2W520-N03-2 FOLW SWITCH Pneumatic Cylinder SMC,PF2W520-N03-2,33000,30.15,,Pneumatic parts (PNEUMATIC),,7621_1.jpg; 7621_1.jpg; 7621_3.jpg; 7621_1.jpg; 7621_1.jpg; 7621_6.jpg; 8067_18.jpg; 7621_8.jpg; 8067_20.jpg; 8067_14.jpg; 8067_8.jpg; 7621_12.jpg; 7621_13.jpg; 7621_14.jpg; 7621_15.jpg; 8067_12.jpg; 7621_17.jpg; 8067_12.jpg; 8067_11.jpg; 8067_10.jpg; 7621_1.jpg; 7621_3.jpg; 8067_15.jpg; 7815_13.jpg; 7162_18.jpg; 7649_8.jpg; 7815_16.jpg; 7672_9.jpg; 7733_23.jpg; 7618_23.jpg; 7868_31.jpg; 5401_10.jpg
7844,[중고] AC4-OHZFT-00 (24V 6.5A +15-15 2.5A 15V 10A 12V 4.2A 5V 10A) ACE450F COSEL,[Used] AC4-OHZFT-00 (24V 6.5A +15-15 2.5A 15V 10A 12V 4.2A 5V 10A) ACE450F COSEL,AC4-OHZFT-00,110000,100.48,,Power supply SMPS,,7844_1.jpg; 7844_1.jpg; 7844_3.jpg; 7844_1.jpg; 7844_1.jpg; 7844_6.jpg; 7844_7.jpg; 7844_8.jpg; 7844_9.jpg; 7844_1.jpg; 7844_3.jpg; 7844_12.jpg; 8067_15.jpg; 7815_13.jpg; 7162_18.jpg; 7649_8.jpg; 7815_16.jpg; 7672_9.jpg; 7733_23.jpg; 7618_23.jpg; 7868_31.jpg
7823,[중고] SKPFU-420-S2 SKPFU-420T-S2  GEM TECH / TEM TECH,[Used] SKPFU-420-S2 SKPFU-420T-S2 GEM TECH / TEM TECH,SKPFU-420-S2,22000,20.1,,Gas valve/regulator/pressure gauge,,7823_1.jpg; 7823_1.jpg; 7823_3.jpg; 7823_1.jpg; 7823_1.jpg; 7823_6.jpg; 7997_8.jpg; 7607_8.jpg; 7607_18.jpg; 7823_10.jpg; 7997_16.jpg; 7823_12.jpg; 7607_15.jpg; 7607_13.jpg; 7823_15.jpg; 7607_9.jpg; 7997_15.jpg; 7997_13.jpg; 7997_14.jpg; 7823_20.jpg; 7823_1.jpg; 7823_3.jpg; 7607_14.jpg; 7844_12.jpg; 8067_15.jpg; 7815_13.jpg; 7162_18.jpg; 7649_8.jpg; 7815_16.jpg; 7672_9.jpg; 7733_23.jpg; 7618_23.jpg
7653,"[중고] 1축 엑츄에이터 스트로크 2,300mm 자작/DIY CNC부품, 3D프린터 제작","[Used] 1-axis actuator stroke 2,300mm Do-it-yourself/DIY CNC parts, 3D printer production","2,300mm",1100000,1004.85,,Cartesian robot/actuator,,7653_1.jpg; 7653_1.jpg; 7653_3.jpg; 7653_1.jpg; 7653_1.jpg; 7653_6.jpg; 7653_7.jpg; 7653_8.jpg; 7215_21.jpg; 5274_17.jpg; 7215_20.jpg; 7650_23.jpg; 7215_25.jpg; 6931_14.jpg; 7650_22.jpg; 5274_24.jpg; 7653_17.jpg; 7650_17.jpg; 7215_22.jpg; 7215_18.jpg; 7215_17.jpg; 5274_8.jpg; 7653_1.jpg; 7653_3.jpg; 5274_16.jpg; 7607_14.jpg; 7844_12.jpg; 8067_15.jpg; 7815_13.jpg; 7162_18.jpg; 7649_8.jpg; 7815_16.jpg; 7672_9.jpg; 7733_23.jpg
5380,[중고] S9I60GS-TCE SPG기어드모터 인덕션모터 AC모터 AC기어드모터,[Used] S9I60GS-TCE SPG geared motor induction motor AC motor AC geared motor,S9I60GS-TCE,33000,30.15,,AC motor/geared motor/DC motor,,5380_1.jpg; 5380_1.jpg; 5380_3.jpg; 5380_1.jpg; 5380_1.jpg; 5380_6.jpg; 5401_10.jpg; 5401_9.jpg; 4735_18.jpg; 5380_10.jpg; 5383_10.jpg; 5380_12.jpg; 5380_13.jpg; 5972_12.jpg; 5975_17.jpg; 6632_26.jpg; 5380_17.jpg; 5972_9.jpg; 5401_7.jpg; 5380_1.jpg; 5380_3.jpg; 4735_16.jpg; 7607_14.jpg; 7844_12.jpg; 8067_15.jpg; 7815_13.jpg; 7162_18.jpg; 7649_8.jpg; 7815_16.jpg; 7672_9.jpg; 7733_23.jpg
6630,[중고] ALPHA 2축 직교로봇 Stoke: X 650mm Y 150mm,[Used] ALPHA 2-axis orthogonal robot Stoke:,650mm,572000,522.52,YASKAWA,Cartesian robot/actuator,,6630_1.jpg; 6630_1.jpg; 6630_3.jpg; 6630_1.jpg; 7640_17.jpg; 7640_10.jpg; 7640_11.jpg; 7640_12.jpg; 7640_14.jpg; 6630_1.jpg; 6630_3.jpg; 7640_13.jpg; 4735_16.jpg; 7607_14.jpg; 7844_12.jpg; 8067_15.jpg; 7815_13.jpg; 7162_18.jpg; 7649_8.jpg; 7815_16.jpg; 7672_9.jpg
5186,[중고] KEYENCE BL-701,[Used] KEYENCE BL-701,BL-701,66000,60.29,,Sensors / various cables,,5186_1.jpg; 5186_1.jpg; 5186_3.jpg; 5186_1.jpg; 5186_1.jpg; 5163_15.jpg; 5161_11.jpg; 5609_19.jpg; 5991_15.jpg; 5161_15.jpg; 5186_11.jpg; 5163_23.jpg; 5163_17.jpg; 5163_19.jpg; 5163_14.jpg; 5991_10.jpg; 5609_22.jpg; 5159_17.jpg; 5161_7.jpg; 5186_1.jpg; 5186_3.jpg; 5991_8.jpg; 4735_16.jpg; 7607_14.jpg; 7844_12.jpg; 8067_15.jpg; 7815_13.jpg; 7162_18.jpg; 7649_8.jpg; 7815_16.jpg; 7672_9.jpg
8028,[중고] RND WTR-S300V-2S DMC2X-AC/2 ATM ROBOT,[Used] RND WTR-S300V-2S DMC2X-AC/2 ATM ROBOT,WTR-S300V-2S,3300000,3014.55,,"Wafer transfer robot, aligner",,8028_1.jpg; 8028_1.jpg; 8028_3.jpg; 8028_1.jpg; 8028_1.jpg; 8028_6.jpg; 8028_7.jpg; 8028_8.jpg; 8028_9.jpg; 8028_10.jpg; 8028_11.jpg; 8028_12.jpg; 7440_24.jpg; 7440_19.jpg; 6631_20.jpg; 5820_11.jpg; 8030_18.jpg; 8029_23.jpg; 8054_24.jpg; 5729_13.jpg; 7997_24.jpg; 6631_18.jpg; 7440_25.jpg; 8028_24.jpg; 8050_15.jpg; 6631_23.jpg; 8028_1.jpg; 8028_3.jpg; 7440_15.jpg; 4735_16.jpg; 7607_14.jpg; 7844_12.jpg; 8067_15.jpg; 7815_13.jpg; 7162_18.jpg; 7649_8.jpg; 7815_16.jpg; 7672_9.jpg
7727,[중고] SGDV-1R6A11A 야스카와 서보 서보드라이버 SERVO Driver 서보앰프 시그마 Yaskawa 자동화 산업용 자동화부품 조각기 3D프린터 부품,[Used] SGDV-1R6A11A Yaskawa Servo Servo Driver SERVO Driver Servo Amplifier Sigma Yaskawa Automation Industrial Automation Parts Engraver 3D Printer Parts,SGDV-1R6A11A,220000,200.97,YASKAWA,Servo motor/servo driver,,7727_1.jpg; 7727_1.jpg; 7727_3.jpg; 7727_1.jpg; 7727_1.jpg; 7727_6.jpg; 7727_7.jpg; 7727_8.jpg; 7727_9.jpg; 7727_10.jpg; 7727_11.jpg; 7727_12.jpg; 7727_13.jpg; 7727_14.jpg; 7727_15.jpg; 7727_16.jpg; 7727_17.jpg; 7727_18.jpg; 7727_19.jpg; 7727_20.jpg; 7727_1.jpg; 7727_3.jpg; 7727_23.jpg; 4735_16.jpg; 7607_14.jpg; 7844_12.jpg; 8067_15.jpg; 7815_13.jpg; 7162_18.jpg; 7649_8.jpg; 7815_16.jpg; 7672_9.jpg
5638,[중고] INFICON Transpector HPR Model:TSPTT100 (10707) 가스 분석기,[Used] INFICON Transpector HPR Model:TSPTT100 (10707) Gas Analyzer,Model:TSPTT100,5500000,5024.25,,Pressure controller/gas analyzer,,5638_1.jpg; 5638_1.jpg; 5638_3.jpg; 5638_1.jpg; 5638_5.jpg; 5638_6.jpg; 5638_7.jpg; 5638_8.jpg; 5638_9.jpg; 5638_1.jpg; 5638_3.jpg; 5638_12.jpg; 7727_23.jpg; 4735_16.jpg; 7607_14.jpg; 7844_12.jpg; 8067_15.jpg; 7815_13.jpg; 7162_18.jpg; 7649_8.jpg; 7815_16.jpg
7145,[미사용 세재품] 5GU18KB 감속기 오리엔탈모터 기어드모터 인덕션모터 스피드컨트롤모터 Orientalmotor,[Unused cleaning products] 5GU18KB Reducer Oriental motor Geared motor Induction motor Speed ​​control motor Orientalmotor,5GU18KB,44000,40.19,,AC motor/geared motor/DC motor,,7145_1.jpg; 7145_1.jpg; 7145_3.jpg; 7145_1.jpg; 7145_1.jpg; 7145_6.jpg; 7145_7.jpg; 7145_8.jpg; 7145_9.jpg; 7145_10.jpg; 7145_11.jpg; 7145_12.jpg; 5156_11.jpg; 7145_14.jpg; 7145_15.jpg; 5156_7.jpg; 7145_17.jpg; 7145_18.jpg; 7145_19.jpg; 7145_1.jpg; 7145_3.jpg; 5378_23.jpg; 5638_12.jpg; 7727_23.jpg; 4735_16.jpg; 7607_14.jpg; 7844_12.jpg; 8067_15.jpg; 7815_13.jpg; 7162_18.jpg; 7649_8.jpg
5378,[중고] S8I25GT-E SPG기어드모터 감속기 기어헤드 인덕션모터 AC모터 AC기어드모터,[Used] S8I25GT-E SPG geared motor reducer gear head induction motor AC motor AC geared motor,S8I25GT-E,22000,20.1,,AC motor/geared motor/DC motor,,5378_1.jpg; 5378_1.jpg; 5378_3.jpg; 5378_1.jpg; 5378_1.jpg; 5383_10.jpg; 5401_14.jpg; 5972_7.jpg; 5972_10.jpg; 5972_14.jpg; 5378_11.jpg; 5380_13.jpg; 5380_17.jpg; 5383_6.jpg; 5378_15.jpg; 4735_16.jpg; 5972_8.jpg; 4735_22.jpg; 5378_19.jpg; 5378_1.jpg; 5378_3.jpg; 4735_10.jpg; 5378_23.jpg; 5638_12.jpg; 7727_23.jpg; 4735_16.jpg; 7607_14.jpg; 7844_12.jpg; 8067_15.jpg; 7815_13.jpg; 7162_18.jpg
5579,[중고] NSK (87/25mm) 볼스크류 볼나사 Ballscrew TM스크류 베어링 삼익THK 자동화부품 조각기 3D프린터 제작부품 자작 DIY,[Used] NSK (87/25mm) Ball Screw Ball Screw Ballscrew TM Screw Bearing Samick THK Automation Parts Engraver 3D Printer Manufacturing Parts DIY,87/25mm,11000,10.05,THK,Ball screw/spline (SPLINE),,5579_1.jpg; 5579_1.jpg; 5579_3.jpg; 5579_1.jpg; 5579_1.jpg; 5579_6.jpg; 6012_9.jpg; 853_26.jpg; 6012_19.jpg; 6012_11.jpg; 6012_15.jpg; 6012_14.jpg; 853_10.jpg; 6012_23.jpg; 6012_18.jpg; 6012_7.jpg; 5579_17.jpg; 6012_10.jpg; 6012_16.jpg; 6012_12.jpg; 5579_1.jpg; 5579_3.jpg; 853_22.jpg; 4735_10.jpg; 5378_23.jpg; 5638_12.jpg; 7727_23.jpg; 4735_16.jpg; 7607_14.jpg; 7844_12.jpg; 8067_15.jpg; 7815_13.jpg
7758,[중고] AC6-HHHRZ-00 (24V 6.5A 24V 6.5A 24V 6.5A 24V 2.5A +15-15 2.5A) ACE650F COSEL,[Used] AC6-HHHRZ-00 (24V 6.5A 24V 6.5A 24V 6.5A 24V 2.5A +15-15 2.5A) ACE650F COSEL,AC6-HHHRZ-00,110000,100.48,,Power supply SMPS,,7758_1.jpg; 7758_1.jpg; 7758_3.jpg; 7758_1.jpg; 7758_5.jpg; 7758_6.jpg; 7758_7.jpg; 7758_8.jpg; 7844_8.jpg; 7844_12.jpg; 7844_7.jpg; 7758_1.jpg; 7758_3.jpg; 7844_9.jpg; 853_22.jpg; 4735_10.jpg; 5378_23.jpg; 5638_12.jpg; 7727_23.jpg; 4735_16.jpg; 7607_14.jpg; 7844_12.jpg; 8067_15.jpg
7039,[중고] SORENSON DLM300-2,[Used] SORENSON DLM300-2,DLM300-2,550000,502.42,,Controller/Other,,7039_1.jpg; 7039_1.jpg; 7039_3.jpg; 7039_1.jpg; 7039_1.jpg; 7039_6.jpg; 8052_14.jpg; 8052_11.jpg; 8052_9.jpg; 8052_17.jpg; 8052_10.jpg; 8052_12.jpg; 8052_20.jpg; 8052_8.jpg; 8052_18.jpg; 8052_15.jpg; 8052_16.jpg; 8052_13.jpg; 5463_25.jpg; 7039_1.jpg; 7039_3.jpg; 8052_19.jpg; 6008_24.jpg; 7844_9.jpg; 853_22.jpg; 4735_10.jpg; 5378_23.jpg; 5638_12.jpg; 7727_23.jpg; 4735_16.jpg; 7607_14.jpg
6008,[중고] ISSOKU (210/90mm) 볼스크류 볼나사 Ballscrew TM스크류 베어링 삼익THK 자동화부품 조각기 3D프린터 제작부품 자작 DIY,[Used] ISSOKU (210/90mm) Ballscrew Ball Screw Ballscrew TM Screw Bearing Samik THK Automation Parts Engraver 3D Printer Manufacturing Parts DIY,210/90mm,44000,40.19,THK,Ball screw/spline (SPLINE),,6008_1.jpg; 6008_1.jpg; 6008_3.jpg; 6008_1.jpg; 6008_5.jpg; 6008_6.jpg; 853_13.jpg; 6012_14.jpg; 6012_10.jpg; 6012_19.jpg; 6012_7.jpg; 6012_17.jpg; 5579_17.jpg; 853_10.jpg; 6012_11.jpg; 6012_13.jpg; 6012_12.jpg; 853_22.jpg; 6008_19.jpg; 6012_15.jpg; 6008_1.jpg; 6008_3.jpg; 6008_23.jpg; 6008_24.jpg; 7844_9.jpg; 853_22.jpg; 4735_10.jpg; 5378_23.jpg; 5638_12.jpg; 7727_23.jpg; 4735_16.jpg; 7607_14.jpg
7168,[중고] CHILLER REX-F900 RASCO WTC-2200-AKT,[Used] CHILLER REX-F900 RASCO WTC-2200-AKT,REX-F900,4400000,4019.4,,CHILLER,,7168_1.jpg; 7168_2.jpg; 7168_1.jpg; 7168_4.jpg; 7168_1.jpg; 7168_6.jpg; 7168_7.jpg; 7168_8.jpg; 7159_10.jpg; 7168_10.jpg; 7159_13.jpg; 7168_12.jpg; 7159_8.jpg; 7159_9.jpg; 7168_1.jpg; 7168_2.jpg; 5737_14.jpg; 6008_23.jpg; 6008_24.jpg; 7844_9.jpg; 853_22.jpg; 4735_10.jpg; 5378_23.jpg; 5638_12.jpg; 7727_23.jpg; 4735_16.jpg
5737,[중고] WM BERG크로스롤러가이드형,[Used] WM BERG cross roller guide type,,11000,10.05,,LM GUIDE / BUSHING,,5737_1.jpg; 5737_1.jpg; 5737_3.jpg; 5737_1.jpg; 5737_1.jpg; 5737_6.jpg; 5737_7.jpg; 5737_8.jpg; 5737_9.jpg; 5737_10.jpg; 5737_1.jpg; 5737_3.jpg; 5737_13.jpg; 5737_14.jpg; 6008_23.jpg; 6008_24.jpg; 7844_9.jpg; 853_22.jpg; 4735_10.jpg; 5378_23.jpg; 5638_12.jpg; 7727_23.jpg
5119,[중고] ID-C1012,[Used] ID-C1012,ID-C1012,155000,141.59,,"Measuring instruments, optics, experimental equipment",,5119_1.jpg; 5119_1.jpg; 5119_3.jpg; 5119_1.jpg; 5119_1.jpg; 5119_6.jpg; 5119_7.jpg; 5119_8.jpg; 5119_9.jpg; 5119_10.jpg; 5119_1.jpg; 5119_3.jpg; 5119_13.jpg; 5737_13.jpg; 5737_14.jpg; 6008_23.jpg; 6008_24.jpg; 7844_9.jpg; 853_22.jpg; 4735_10.jpg; 5378_23.jpg; 5638_12.jpg
5404,"[중고] THK KR20 1축 엑츄에이터 리드1mm 스트로크40mm 자작 DIY CNC부품, 3D프린터 제작","[Used] THK KR20 1-axis actuator lead 1mm stroke 40mm self-made DIY CNC parts, 3D printer production",KR20,99000,90.44,THK,Cartesian robot/actuator,,5404_1.jpg; 5404_1.jpg; 5404_3.jpg; 5404_1.jpg; 5404_5.jpg; 5274_20.jpg; 5769_22.jpg; 7215_14.jpg; 7215_24.jpg; 5274_12.jpg; 6931_6.jpg; 7215_19.jpg; 5404_13.jpg; 5274_14.jpg; 7650_23.jpg; 7215_23.jpg; 7215_17.jpg; 6931_14.jpg; 5404_1.jpg; 5404_3.jpg; 7653_17.jpg; 5119_13.jpg; 5737_13.jpg; 5737_14.jpg; 6008_23.jpg; 6008_24.jpg; 7844_9.jpg; 853_22.jpg; 4735_10.jpg; 5378_23.jpg
7732,[중고] SGMPS-01ACA41 야스카와 서보 서보모터 AC서보모터 YASKAWA 시그마 자동화부품 조각기 3D프린터 부품 산업용 자동화설비,[Used] SGMPS-01ACA41 YASKAWA Servo Servo Motor AC Servo Motor YASKAWA Sigma Automation Parts Engraver 3D Printer Parts Industrial Automation Equipment,SGMPS-01ACA41,99000,90.44,YASKAWA,Servo motor/servo driver,,7732_1.jpg; 7732_1.jpg; 7732_3.jpg; 7732_1.jpg; 7732_1.jpg; 7732_6.jpg; 7968_22.jpg; 7732_8.jpg; 7142_18.jpg; 7968_10.jpg; 7733_9.jpg; 7732_12.jpg; 7733_15.jpg; 7968_14.jpg; 7733_13.jpg; 7732_16.jpg; 7968_12.jpg; 7732_18.jpg; 7732_19.jpg; 7968_15.jpg; 7732_1.jpg; 7732_3.jpg; 7968_21.jpg; 7653_17.jpg; 5119_13.jpg; 5737_13.jpg; 5737_14.jpg; 6008_23.jpg; 6008_24.jpg; 7844_9.jpg; 853_22.jpg; 4735_10.jpg
6999,[중고] NEVSH-3B-400 (3:1) 감속기 REDUCER 서보모터감속기 서보감속기 유성감속기,[Used] NEVSH-3B-400 (3:1) Reducer REDUCER Servo motor reducer Servo reducer Planetary reducer,NEVSH-3B-400,99000,90.44,,Reducer/Index/Coupling,,6999_1.jpg; 6999_1.jpg; 6999_3.jpg; 6999_1.jpg; 6999_1.jpg; 6999_6.jpg; 6999_7.jpg; 6999_8.jpg; 6999_9.jpg; 6999_1.jpg; 6999_3.jpg; 6999_12.jpg; 7968_21.jpg; 7653_17.jpg; 5119_13.jpg; 5737_13.jpg; 5737_14.jpg; 6008_23.jpg; 6008_24.jpg; 7844_9.jpg; 853_22.jpg
7514,[중고] 2 Axis Table Robot,[Used] 2 Axis Table Robot,,3630000,3316,RORZE,semiconductor equipment,,7514_1.jpg; 7514_1.jpg; 7514_3.jpg; 7514_1.jpg; 7514_1.jpg; 7514_6.jpg; 7514_7.jpg; 7514_8.jpg; 7514_9.jpg; 7514_10.jpg; 7514_11.jpg; 7440_19.jpg; 8029_20.jpg; 7440_25.jpg; 6631_18.jpg; 8030_21.jpg; 8028_24.jpg; 5729_18.jpg; 7440_16.jpg; 5729_9.jpg; 6631_21.jpg; 6631_10.jpg; 8050_18.jpg; 5820_11.jpg; 6631_23.jpg; 7514_1.jpg; 7514_3.jpg; 8029_17.jpg; 6999_12.jpg; 7968_21.jpg; 7653_17.jpg; 5119_13.jpg; 5737_13.jpg; 5737_14.jpg; 6008_23.jpg; 6008_24.jpg; 7844_9.jpg
7757,[중고] ZSE80F-A2L-R-M,[Used] ZSE80F-A2L-R-M,ZSE80F-A2L-R-M,11000,10.05,,Pneumatic parts (PNEUMATIC),,7757_1.jpg; 7757_1.jpg; 7757_3.jpg; 7757_1.jpg; 7757_5.jpg; 7757_6.jpg; 7757_7.jpg; 7757_8.png; 7757_9.jpg; 7757_10.jpg; 7757_11.jpg; 7757_12.jpg; 7757_13.jpg; 7757_14.jpg; 7757_15.jpg; 7757_16.jpg; 7757_17.jpg; 7757_18.jpg; 7757_19.jpg; 7757_20.jpg; 7757_21.jpg; 7757_22.jpg; 7757_1.jpg; 7757_3.jpg; 7757_25.jpg; 8029_17.jpg; 6999_12.jpg; 7968_21.jpg; 7653_17.jpg; 5119_13.jpg; 5737_13.jpg; 5737_14.jpg; 6008_23.jpg; 6008_24.jpg
7496,[중고] GRANVILLE-PHILPS 275Mini-Convectron 275546-EU,[Used] GRANVILLE-PHILPS 275Mini-Convectron 275546-EU,275Mini-Convectron,165000,150.73,,vacuum gauge,,7496_1.jpg; 7496_1.jpg; 7496_3.jpg; 7496_1.jpg; 7496_1.jpg; 7496_6.jpg; 8073_18.jpg; 8073_16.jpg; 5599_27.jpg; 7498_11.jpg; 7498_8.jpg; 8073_11.jpg; 7496_13.jpg; 8073_17.jpg; 8073_20.jpg; 8073_12.jpg; 7496_17.jpg; 8073_15.jpg; 8073_19.jpg; 8073_7.jpg; 7496_1.jpg; 7496_3.jpg; 7496_23.jpg; 8029_17.jpg; 6999_12.jpg; 7968_21.jpg; 7653_17.jpg; 5119_13.jpg; 5737_13.jpg; 5737_14.jpg; 6008_23.jpg; 6008_24.jpg
4875,[미사용] S-E-80 X-Y Manual Stage (60 x 60),[Unused] S-E-80 X-Y Manual Stage (60 x 60),S-E-80,110000,100.48,,Precision stage,,4875_1.jpg; 4875_1.jpg; 4875_3.jpg; 4875_1.jpg; 4875_5.jpg; 4875_6.jpg; 4875_7.jpg; 4875_8.jpg; 4875_9.jpg; 4875_10.jpg; 4875_1.jpg; 4875_3.jpg; 4875_13.jpg; 7496_23.jpg; 8029_17.jpg; 6999_12.jpg; 7968_21.jpg; 7653_17.jpg; 5119_13.jpg; 5737_13.jpg; 5737_14.jpg; 6008_23.jpg
5524,[중고] YAMAHA T402BK-50 ERCX Linear Actuator,[Used] YAMAHA T402BK-50 ERCX Linear Actuator,T402BK-50,330000,301.45,,Cartesian robot/actuator,,5524_1.jpg; 5524_1.jpg; 5524_3.jpg; 5524_1.jpg; 5274_9.jpg; 5274_14.jpg; 5274_12.jpg; 5274_13.jpg; 5274_20.jpg; 7215_20.jpg; 5769_22.jpg; 7215_27.jpg; 5274_17.jpg; 7650_17.jpg; 6931_15.jpg; 7215_14.jpg; 6931_14.jpg; 6931_6.jpg; 5524_1.jpg; 5524_3.jpg; 7215_21.jpg; 7496_23.jpg; 8029_17.jpg; 6999_12.jpg; 7968_21.jpg; 7653_17.jpg; 5119_13.jpg; 5737_13.jpg; 5737_14.jpg; 6008_23.jpg
7833,[중고] HSR35-LR형 (길이600mm/블럭2개) LM가이드 엘엠가이드 LM GUIDE THK IKO NSK 자동화부품 정밀부품 조각기 3D프린터 제작부품 삼익THK 베어링,[Used] HSR35-LR type (length 600mm/2 blocks) LM Guide LM Guide LM GUIDE THK IKO NSK Automation Parts Precision Parts Engraver 3D Printer Manufacturing Parts Samick THK Bearing,HSR35-LR,88000,80.39,THK,LM GUIDE / BUSHING,,7833_1.jpg; 7833_1.jpg; 7833_3.jpg; 7833_1.jpg; 7833_5.png; 7833_1.jpg; 7833_7.jpg; 7834_6.jpg; 7834_8.jpg; 7834_10.jpg; 7834_17.jpg; 7834_15.jpg; 7834_21.jpg; 7834_18.jpg; 7834_9.jpg; 7834_7.jpg; 7833_17.jpg; 7833_18.jpg; 7834_16.jpg; 7834_13.jpg; 7833_1.jpg; 7833_3.jpg; 7833_23.jpg; 7496_23.jpg; 8029_17.jpg; 6999_12.jpg; 7968_21.jpg; 7653_17.jpg; 5119_13.jpg; 5737_13.jpg; 5737_14.jpg; 6008_23.jpg
7628,[중고] YASKAWA DD서보SET (SGMCS-02B3B11 + SGDH-02AEY291 + 엔코더케이블 3미터 + 전원케이블 3미터 ),[Used] YASKAWA DD servo set (SGMCS-02B3B11 + SGDH-02AEY291 + encoder cable 3 meters + power cable 3 meters),SGMCS-02B3B11,660000,602.91,YASKAWA,Servo motor/servo driver,,7628_1.jpg; 7628_1.jpg; 7628_3.jpg; 7628_1.jpg; 7628_1.jpg; 7628_6.jpg; 7628_7.jpg; 7628_8.jpg; 7628_9.jpg; 7628_10.jpg; 7628_11.jpg; 7628_12.jpg; 7628_13.jpg; 7628_14.jpg; 7628_15.jpg; 7628_16.jpg; 7628_17.jpg; 7628_18.jpg; 7628_19.jpg; 7628_20.jpg; 7628_21.jpg; 7628_22.jpg; 7628_1.jpg; 7628_3.jpg; 7883_24.jpg; 7833_23.jpg; 7496_23.jpg; 8029_17.jpg; 6999_12.jpg; 7968_21.jpg; 7653_17.jpg; 5119_13.jpg; 5737_13.jpg; 5737_14.jpg
7883,[중고] RKD514L-C,[Used] RKD514L-C,RKD514L-C,66000,60.29,,Stepping motor/driver/BLDC,,7883_1.jpg; 7883_1.jpg; 7883_3.jpg; 7883_1.jpg; 7883_1.jpg; 7883_6.jpg; 7883_7.jpg; 7883_8.jpg; 7883_9.jpg; 7883_10.jpg; 7883_11.jpg; 7883_12.jpg; 7883_13.jpg; 7883_14.jpg; 7883_15.jpg; 7883_16.jpg; 7883_17.jpg; 7883_18.jpg; 7883_19.jpg; 7883_20.jpg; 7883_1.jpg; 7883_3.jpg; 7883_23.jpg; 7883_24.jpg; 7833_23.jpg; 7496_23.jpg; 8029_17.jpg; 6999_12.jpg; 7968_21.jpg; 7653_17.jpg; 5119_13.jpg; 5737_13.jpg
7598,[중고] MEAN WELL LRS-350-48 (48V 7.3A) 파워써플라이 파워서플라이 POWER SUPPLY SMPS,[Used] MEAN WELL LRS-350-48 (48V 7.3A) Power supply Power supply POWER SUPPLY SMPS,LRS-350-48,44000,40.19,,Power supply SMPS,,7598_1.jpg; 7598_1.jpg; 7598_3.jpg; 7598_1.jpg; 7598_1.jpg; 7598_6.jpg; 7598_7.jpg; 7598_8.jpg; 7598_9.jpg; 7598_10.jpg; 7598_1.jpg; 7598_3.jpg; 7598_13.jpg; 7883_23.jpg; 7883_24.jpg; 7833_23.jpg; 7496_23.jpg; 8029_17.jpg; 6999_12.jpg; 7968_21.jpg; 7653_17.jpg; 5119_13.jpg
6517,[중고] COMDEL CPMX-3000 FP2334RB MatchPro,[Used] COMDEL CPMX-3000 FP2334RB MatchPro,CPMX-3000,2200000,2009.7,,RF/DC/MATCH,,6517_1.jpg; 6517_2.jpg; 6517_1.jpg; 6517_1.jpg; 6517_5.jpg; 6517_6.jpg; 6512_22.jpg; 6594_14.jpg; 6594_16.jpg; 6512_14.jpg; 6594_21.jpg; 6594_12.jpg; 6594_19.jpg; 6594_8.jpg; 6594_9.jpg; 6503_14.jpg; 6512_18.jpg; 6594_11.jpg; 6594_15.jpg; 6594_10.jpg; 6517_1.jpg; 6517_2.jpg; 6512_15.jpg; 7598_13.jpg; 7883_23.jpg; 7883_24.jpg; 7833_23.jpg; 7496_23.jpg; 8029_17.jpg; 6999_12.jpg; 7968_21.jpg; 7653_17.jpg
8022,[중고] KEYENCE FS-V31 FS-V31P 화이버센서 FIBER 화이바센서 앰프,[Used] KEYENCE FS-V31 FS-V31P Fiber Sensor FIBER Fiber Sensor Amplifier,FS-V31,55000,50.24,OMRON,Sensors / various cables,,8022_1.jpg; 8022_1.jpg; 8022_3.jpg; 8022_1.jpg; 8022_1.jpg; 8022_6.jpg; 5161_15.jpg; 5163_15.jpg; 8022_9.jpg; 8022_10.jpg; 5991_15.jpg; 8036_23.jpg; 5609_14.jpg; 5609_22.jpg; 5609_19.jpg; 8022_16.jpg; 8022_17.jpg; 8036_24.jpg; 5991_11.jpg; 5609_14.jpg; 8022_1.jpg; 8022_3.jpg; 5163_20.jpg; 6512_15.jpg; 7598_13.jpg; 7883_23.jpg; 7883_24.jpg; 7833_23.jpg; 7496_23.jpg; 8029_17.jpg; 6999_12.jpg; 7968_21.jpg
7227,"[중고] THK KR20 1축 엑츄에이터 리드1mm 스트로크40mm 자작 DIY CNC부품, 3D프린터 제작","[Used] THK KR20 1-axis actuator lead 1mm stroke 40mm self-made DIY CNC parts, 3D printer production",KR20,99000,90.44,THK,Cartesian robot/actuator,,7227_1.jpg; 7227_1.jpg; 7227_3.jpg; 7227_1.jpg; 7227_5.jpg; 5274_20.jpg; 5769_22.jpg; 7215_24.jpg; 5274_17.jpg; 5274_15.jpg; 7215_18.jpg; 7634_23.jpg; 7215_27.jpg; 5274_12.jpg; 5274_24.jpg; 7650_22.jpg; 7653_17.jpg; 7227_18.jpg; 7215_23.jpg; 7227_1.jpg; 7227_3.jpg; 7650_13.jpg; 5163_20.jpg; 6512_15.jpg; 7598_13.jpg; 7883_23.jpg; 7883_24.jpg; 7833_23.jpg; 7496_23.jpg; 8029_17.jpg; 6999_12.jpg
683,[중고] Miki Pulley VFD600 VFD-615-2 인버터 INVERTER,[Used] Miki Pulley VFD600 VFD-615-2 Inverter INVERTER,VFD600,275000,251.21,,INVERTER,,683_1.jpg; 683_1.jpg; 683_3.jpg; 683_1.jpg; 683_1.jpg; 683_6.jpg; 683_7.jpg; 683_8.jpg; 683_9.jpg; 683_10.jpg; 683_1.jpg; 683_3.jpg; 683_13.jpg; 7650_13.jpg; 5163_20.jpg; 6512_15.jpg; 7598_13.jpg; 7883_23.jpg; 7883_24.jpg; 7833_23.jpg; 7496_23.jpg; 8029_17.jpg
8042,[중고] SHIMADZU TMP-2003LM EI-D2003M TURBO MOLECULAR PUMP,[Used] SHIMADZU TMP-2003LM EI-D2003M TURBO MOLECULAR PUMP,TMP-2003LM,6600000,6029.1,EDWARDS,vacuum pump,,8042_1.jpg; 8042_1.jpg; 8042_3.jpg; 8042_1.jpg; 8042_1.jpg; 8042_6.jpg; 8042_7.jpg; 8042_8.jpg; 6447_10.jpg; 7674_25.jpg; 6447_6.jpg; 6447_9.jpg; 6447_7.jpg; 6447_11.jpg; 6447_8.jpg; 6447_13.jpg; 8042_1.jpg; 8042_3.jpg; 6447_12.jpg; 683_13.jpg; 7650_13.jpg; 5163_20.jpg; 6512_15.jpg; 7598_13.jpg; 7883_23.jpg; 7883_24.jpg; 7833_23.jpg; 7496_23.jpg
7980,"[중고] SMC로드레스실린더(10파이/스트로크 130,150mm) CY1L10H-130B CY1R10H-150-M9N","[Used] SMC rodless cylinder (10 pi/stroke 130,150mm) CY1L10H-130B CY1R10H-150-M9N","130,150mm",55000,50.24,,Pneumatic parts (PNEUMATIC),,7980_1.jpg; 7980_1.jpg; 7980_3.jpg; 7980_1.jpg; 7980_5.jpg; 7980_1.jpg; 7980_7.jpg; 7980_8.jpg; 7980_9.jpg; 7980_10.jpg; 7980_11.jpg; 7980_12.jpg; 7980_13.jpg; 7980_14.jpg; 7980_15.jpg; 7980_16.jpg; 7980_17.jpg; 7980_18.jpg; 7980_19.jpg; 7980_20.jpg; 7980_21.jpg; 7980_1.jpg; 7980_3.jpg; 7980_24.jpg; 6447_12.jpg; 683_13.jpg; 7650_13.jpg; 5163_20.jpg; 6512_15.jpg; 7598_13.jpg; 7883_23.jpg; 7883_24.jpg; 7833_23.jpg
7829,[중고] CKD N3E0660*7ea N4E020 *2ea 솔레노이드밸브,[Used] CKD N3E0660*7ea N4E020 *2ea solenoid valve,N3E0660*7ea,66000,60.29,,Pneumatic parts (PNEUMATIC),,7829_1.jpg; 7829_1.jpg; 7829_3.jpg; 7829_1.jpg; 7829_1.jpg; 7829_6.jpg; 7850_10.jpg; 7854_9.jpg; 7847_14.jpg; 7829_10.jpg; 7853_36.jpg; 7854_10.jpg; 7847_16.jpg; 5463_26.jpg; 7853_33.jpg; 7828_8.jpg; 7853_43.jpg; 7854_14.jpg; 7855_37.jpg; 7854_17.jpg; 7829_1.jpg; 7829_3.jpg; 7853_35.jpg; 7829_24.jpg; 6447_12.jpg; 683_13.jpg; 7650_13.jpg; 5163_20.jpg; 6512_15.jpg; 7598_13.jpg; 7883_23.jpg; 7883_24.jpg
6507,[중고] Advanced Energy P/N 1006722 M/N 3155193-002B MATCH RF Navigator,[Used] Advanced Energy P/N 1006722 M/N 3155193-002B MATCH RF Navigator,3155193-002B,2200000,2009.7,,RF/DC/MATCH,,6507_1.jpg; 6507_2.jpg; 6507_1.jpg; 6507_1.jpg; 6507_5.jpg; 6594_17.jpg; 6503_18.jpg; 6594_21.jpg; 6594_18.jpg; 6512_14.jpg; 6512_16.jpg; 6594_9.jpg; 6512_15.jpg; 6503_14.jpg; 6512_22.jpg; 6594_8.jpg; 6512_18.jpg; 6594_14.jpg; 6594_10.jpg; 6507_1.jpg; 6507_2.jpg; 6503_16.jpg; 7853_35.jpg; 7980_24.jpg; 6447_12.jpg; 683_13.jpg; 7650_13.jpg; 5163_20.jpg; 6512_15.jpg; 7598_13.jpg; 7883_23.jpg
7747,[중고] ULVAC KRC-4000Z XU-MVS3122 XU-BDB0603,[Used] ULVAC KRC-4000Z XU-MVS3122 XU-BDB0603,KRC-4000Z,5500000,5024.25,,semiconductor equipment,,7747_1.jpg; 7747_1.jpg; 7747_3.jpg; 7747_1.jpg; 7747_1.jpg; 7747_6.jpg; 8029_19.jpg; 8050_9.jpg; 5729_9.jpg; 6632_13.jpg; 7440_29.jpg; 6631_23.jpg; 7747_13.jpg; 8029_21.jpg; 6631_14.jpg; 6631_19.jpg; 5820_11.jpg; 6631_18.jpg; 7747_19.jpg; 5729_13.jpg; 7747_1.jpg; 7747_3.jpg; 7747_23.jpg; 6503_16.jpg; 7853_35.jpg; 7980_24.jpg; 6447_12.jpg; 683_13.jpg; 7650_13.jpg; 5163_20.jpg; 6512_15.jpg; 7598_13.jpg
6522,[중고] SEREN L301MKII 300W 27.12MHz RF GENERATOR,[Used] SEREN L301MKII 300W 27.12MHz RF GENERATOR,L301MKII,2200000,2009.7,,RF/DC/MATCH,,6522_1.jpg; 6522_1.jpg; 6522_3.jpg; 6522_1.jpg; 6522_1.jpg; 6522_6.jpg; 6522_7.jpg; 6522_8.jpg; 7741_8.jpg; 7741_15.jpg; 6593_17.jpg; 6942_15.jpg; 7741_14.jpg; 7741_10.jpg; 6942_19.jpg; 6942_17.jpg; 6593_19.jpg; 7741_21.jpg; 7741_11.jpg; 7741_18.jpg; 7741_13.jpg; 7741_9.jpg; 6522_1.jpg; 6522_3.jpg; 7741_20.jpg; 7747_23.jpg; 6503_16.jpg; 7853_35.jpg; 7980_24.jpg; 6447_12.jpg; 683_13.jpg; 7650_13.jpg; 5163_20.jpg; 6512_15.jpg
8047,[중고] JET 1410001-0043 Brooks Automation,[Used] JET 1410001-0043 Brooks Automation,,1650000,1507.27,BROOKS,Controller/Other,,8047_1.jpg; 8047_1.jpg; 8047_3.jpg; 8047_1.jpg; 8047_1.jpg; 8047_6.jpg; 8047_7.jpg; 5463_25.jpg; 8052_12.jpg; 8052_18.jpg; 8052_15.jpg; 8052_16.jpg; 8052_20.jpg; 8052_9.jpg; 8052_8.jpg; 8052_13.jpg; 8052_14.jpg; 8052_10.jpg; 8052_17.jpg; 8052_19.jpg; 8047_1.jpg; 8047_3.jpg; 8052_11.jpg; 7741_20.jpg; 7747_23.jpg; 6503_16.jpg; 7853_35.jpg; 7980_24.jpg; 6447_12.jpg; 683_13.jpg; 7650_13.jpg; 5163_20.jpg
7813,[중고] PRESYS RGV300 RDV-300 Slit Valve,[Used] PRESYS RGV300 RDV-300 Slit Valve,RGV300,385000,351.7,,vacuum valve,,7813_1.jpg; 7813_1.jpg; 7813_3.jpg; 7813_1.jpg; 7813_1.jpg; 7813_6.jpg; 7813_7.jpg; 7813_1.jpg; 7813_3.jpg; 7813_10.jpg; 8052_11.jpg; 7741_20.jpg; 7747_23.jpg; 6503_16.jpg; 7853_35.jpg; 7980_24.jpg; 6447_12.jpg; 683_13.jpg; 7650_13.jpg
5830,[중고] Brooks Fusion Controller Razor Robot,[Used] Brooks Fusion Controller Razor Robot,,3850000,3516.97,BROOKS,semiconductor equipment,,5830_1.jpg; 5830_1.jpg; 5830_3.jpg; 5830_1.jpg; 5830_5.jpg; 8054_19.jpg; 5820_11.jpg; 8029_13.jpg; 8028_24.jpg; 8054_24.jpg; 7440_24.jpg; 8029_24.jpg; 7440_18.jpg; 8050_18.jpg; 6631_19.jpg; 6631_18.jpg; 8029_21.jpg; 7934_21.jpg; 7440_17.jpg; 5830_1.jpg; 5830_3.jpg; 8050_9.jpg; 7813_10.jpg; 8052_11.jpg; 7741_20.jpg; 7747_23.jpg; 6503_16.jpg; 7853_35.jpg; 7980_24.jpg; 6447_12.jpg; 683_13.jpg
7610,[중고] HORIBA STEC Z500 Series SEC-Z514MGX Ar NF3 NH3 N2 O2 MFC,[Used] HORIBA STEC Z500 Series SEC-Z514MGX Ar NF3 NH3 N2 O2 MFC,Z500,110000,100.48,,MFC/MFM,,7610_1.jpg; 7610_1.jpg; 7610_3.jpg; 7610_1.jpg; 7610_1.jpg; 7610_6.jpg; 7610_7.jpg; 7950_10.jpg; 7610_9.jpg; 7950_21.jpg; 7950_5.jpg; 7950_6.jpg; 7618_23.jpg; 7618_17.jpg; 7610_15.jpg; 7950_13.jpg; 7610_17.jpg; 7618_19.jpg; 7618_8.jpg; 7950_7.jpg; 7610_1.jpg; 7610_3.jpg; 7950_11.jpg; 8050_9.jpg; 7813_10.jpg; 8052_11.jpg; 7741_20.jpg; 7747_23.jpg; 6503_16.jpg; 7853_35.jpg; 7980_24.jpg; 6447_12.jpg
7837,[중고] K-MagLev V5.00 AP Systems,[Used] K-MagLev V5.00 AP Systems,V5.00,1100000,1004.85,,Controller/Other,,7837_1.jpg; 7837_1.jpg; 7837_3.jpg; 7837_1.jpg; 7837_1.jpg; 7837_6.jpg; 7837_7.jpg; 7837_8.jpg; 8052_11.jpg; 8052_20.jpg; 8052_10.jpg; 8052_12.jpg; 8052_15.jpg; 8052_18.jpg; 8052_17.jpg; 8052_19.jpg; 8052_9.jpg; 8052_16.jpg; 8052_8.jpg; 8052_14.jpg; 5463_25.jpg; 7837_1.jpg; 7837_3.jpg; 8052_13.jpg; 8050_9.jpg; 7813_10.jpg; 8052_11.jpg; 7741_20.jpg; 7747_23.jpg; 6503_16.jpg; 7853_35.jpg; 7980_24.jpg; 6447_12.jpg
5287,[중고] KEYENCE LV-21A LV-H62 Laser Sensor,[Used] KEYENCE LV-21A LV-H62 Laser Sensor,LV-21A,66000,60.29,,Sensors / various cables,,5287_1.jpg; 5287_1.jpg; 5287_3.jpg; 5287_1.jpg; 5287_1.jpg; 5287_6.jpg; 5609_12.jpg; 5163_13.jpg; 5163_15.jpg; 5163_23.jpg; 5609_11.jpg; 5287_12.jpg; 5991_17.jpg; 5609_14.jpg; 5609_19.jpg; 5159_17.jpg; 5609_24.jpg; 5991_13.jpg; 5161_15.jpg; 5163_20.jpg; 5287_1.jpg; 5287_3.jpg; 5163_9.jpg; 7950_11.jpg; 8050_9.jpg; 7813_10.jpg; 8052_11.jpg; 7741_20.jpg; 7747_23.jpg; 6503_16.jpg; 7853_35.jpg; 7980_24.jpg
7662,[중고] 6ES7 390-1AF30-0AA0,[Used] 6ES7 390-1AF30-0AA0,6ES7,33000,30.15,,PLC,,7662_1.jpg; 7662_1.jpg; 7662_3.jpg; 7662_1.jpg; 7662_5.jpg; 7662_6.jpg; 7662_7.jpg; 7662_8.jpg; 7662_9.jpg; 7662_10.jpg; 7662_11.jpg; 7662_12.jpg; 7662_13.jpg; 7662_1.jpg; 7662_3.jpg; 7959_12.jpg; 5163_9.jpg; 7950_11.jpg; 8050_9.jpg; 7813_10.jpg; 8052_11.jpg; 7741_20.jpg; 7747_23.jpg; 6503_16.jpg; 7853_35.jpg
7849,[미사용 새제품] PISCO VKAH10W-0606SE-B-NA-R 솔레노이드밸브 솔밸브,[New unused product] PISCO VKAH10W-0606SE-B-NA-R solenoid valve solenoid valve,VKAH10W-0606SE-B-NA-R,99000,90.44,,Pneumatic parts (PNEUMATIC),,7849_1.jpg; 7849_1.jpg; 7849_3.jpg; 7849_1.jpg; 7849_1.jpg; 7849_6.jpg; 7849_7.jpg; 7849_8.jpg; 7829_10.jpg; 7853_41.jpg; 7853_44.jpg; 7849_12.jpg; 7847_14.jpg; 7847_8.jpg; 7847_15.jpg; 7854_17.jpg; 7849_17.jpg; 7850_7.jpg; 7850_6.jpg; 7855_34.jpg; 7849_1.jpg; 7849_3.jpg; 7847_12.jpg; 5163_9.jpg; 7950_11.jpg; 8050_9.jpg; 7813_10.jpg; 8052_11.jpg; 7741_20.jpg; 7747_23.jpg; 6503_16.jpg; 7853_35.jpg
7959,"[중고] APTech AP3540SM 2PW FV4 FV4 암 1/4"",[Used] APTech AP3540SM 2PW FV4 FV4 Female 1/4""""",AP3540SM,22000,20.1,,,Gas valve/regulator/pressure gauge,7959_1.jpg; 7959_1.jpg; 7959_3.jpg; 7959_1.jpg; 7959_1.jpg; 7959_6.jpg; 7959_7.jpg; 7959_8.jpg; 7959_1.jpg; 7959_3.jpg; 7959_11.jpg; 7959_12.jpg; 5163_9.jpg; 7950_11.jpg; 8050_9.jpg; 7813_10.jpg; 8052_11.jpg; 7741_20.jpg; 7747_23.jpg; 6503_16.jpg,
6235,[중고] GPC3000-00-0-0 Pressure & Flow Controller GAT ATOVAC,[Used] GPC3000-00-0-0 Pressure & Flow Controller GAT ATOVAC,GPC3000-00-0-0,220000,200.97,,Pressure controller/gas analyzer,,6235_1.jpg; 6235_1.jpg; 6235_3.jpg; 6235_1.jpg; 6235_1.jpg; 6235_6.jpg; 6235_7.jpg; 6235_8.jpg; 6235_9.jpg; 6235_10.jpg; 6235_11.jpg; 6235_12.jpg; 7789_15.jpg; 6235_14.jpg; 6235_15.jpg; 6235_16.jpg; 7789_9.jpg; 7789_19.jpg; 6235_19.jpg; 7789_13.jpg; 7789_21.jpg; 7789_11.jpg; 7640_18.jpg; 7789_20.jpg; 7789_18.jpg; 7789_8.jpg; 6235_1.jpg; 6235_3.jpg; 7789_16.jpg; 7959_11.jpg; 7959_12.jpg; 5163_9.jpg; 7950_11.jpg; 8050_9.jpg; 7813_10.jpg; 8052_11.jpg; 7741_20.jpg; 7747_23.jpg
6504,[중고] SEREN ATS30 Automatic Matching Network 13.56MHz 3000WATTS,[Used] SEREN ATS30 Automatic Matching Network 13.56MHz 3000WATTS,ATS30,2200000,2009.7,,RF/DC/MATCH,,6504_1.jpg; 6504_2.jpg; 6504_1.jpg; 6504_1.jpg; 6504_5.jpg; 6504_6.jpg; 6504_7.jpg; 6594_19.jpg; 6594_17.jpg; 6594_14.jpg; 6503_18.jpg; 6594_16.jpg; 6512_16.jpg; 6594_18.jpg; 6594_24.jpg; 6594_10.jpg; 6594_8.jpg; 6594_21.jpg; 6594_9.jpg; 6512_22.jpg; 6594_11.jpg; 6504_1.jpg; 6504_2.jpg; 6594_15.jpg; 7789_16.jpg; 7959_11.jpg; 7959_12.jpg; 5163_9.jpg; 7950_11.jpg; 8050_9.jpg; 7813_10.jpg; 8052_11.jpg; 7741_20.jpg
6597,[중고] NEUGART PLE120/115 (5:1) 감속기,[Used] NEUGART PLE120/115 (5:1) Reducer,PLE120/115,220000,200.97,,Reducer/Index/Coupling,,6597_1.jpg; 6597_1.jpg; 6597_3.jpg; 6597_1.jpg; 6597_1.jpg; 6597_6.jpg; 6597_7.jpg; 6597_8.jpg; 6597_9.jpg; 6597_10.jpg; 6597_11.jpg; 6597_12.jpg; 6597_13.jpg; 6597_1.jpg; 6597_3.jpg; 6597_16.jpg; 6594_15.jpg; 7789_16.jpg; 7959_11.jpg; 7959_12.jpg; 5163_9.jpg; 7950_11.jpg; 8050_9.jpg; 7813_10.jpg; 8052_11.jpg
7960,[중고] HAM-LET HM20 4VKLQ GF4 ISLT,[Used] HAM-LET HM20 4VKLQ GF4 ISLT,HM20,22000,20.1,,Gas valve/regulator/pressure gauge,,7960_1.jpg; 7960_1.jpg; 7960_3.jpg; 7960_1.jpg; 7960_5.jpg; 7960_6.jpg; 7960_7.jpg; 7960_8.jpg; 7960_9.jpg; 7960_10.jpg; 7960_11.jpg; 7960_12.jpg; 7960_13.jpg; 7960_14.jpg; 7960_15.jpg; 7960_16.jpg; 7960_1.jpg; 7960_3.jpg; 7960_19.jpg; 6597_16.jpg; 6594_15.jpg; 7789_16.jpg; 7959_11.jpg; 7959_12.jpg; 5163_9.jpg; 7950_11.jpg; 8050_9.jpg; 7813_10.jpg
7599,[중고] Fine Suntronix CSF300-48 (48V 6.7A) 파워써플라이 파워서플라이 POWER SUPPLY SMPS,[Used] Fine Suntronix CSF300-48 (48V 6.7A) Power supply Power supply POWER SUPPLY SMPS,CSF300-48,44000,40.19,,Power supply SMPS,,7599_1.jpg; 7599_2.jpg; 7599_1.jpg; 7599_1.jpg; 7599_5.jpg; 7598_13.jpg; 7598_8.jpg; 7598_7.jpg; 7598_9.jpg; 7599_1.jpg; 7599_2.jpg; 7598_10.jpg; 7960_19.jpg; 6597_16.jpg; 6594_15.jpg; 7789_16.jpg; 7959_11.jpg; 7959_12.jpg; 5163_9.jpg; 7950_11.jpg; 8050_9.jpg
7906,[중고] PX244M-03BA,[Used] PX244M-03BA,PX244M-03BA,16500,15.07,,Stepping motor/driver/BLDC,,7906_1.jpg; 7906_2.jpg; 7906_1.jpg; 7906_1.jpg; 7906_5.jpg; 7906_6.jpg; 7906_7.jpg; 7899_10.jpg; 7906_9.jpg; 7906_10.jpg; 7906_11.jpg; 7906_12.jpg; 7868_25.jpg; 7899_17.jpg; 7868_22.jpg; 7899_9.jpg; 7899_15.jpg; 7906_18.jpg; 7906_19.jpg; 7868_17.jpg; 7906_1.jpg; 7906_2.jpg; 7906_23.jpg; 7960_19.jpg; 6597_16.jpg; 6594_15.jpg; 7789_16.jpg; 7959_11.jpg; 7959_12.jpg; 5163_9.jpg; 7950_11.jpg; 8050_9.jpg
6911,[중고] GINGA++M2,[Used] GINGA++M2,GINGA++M2,99000,90.44,,Computer/Computer-related parts,,6911_1.jpg; 6911_1.jpg; 6911_3.jpg; 6911_1.jpg; 6911_1.jpg; 6911_6.jpg; 6911_7.jpg; 6911_8.jpg; 6911_9.jpg; 6911_10.jpg; 6911_11.jpg; 6911_12.jpg; 6911_13.jpg; 6911_14.jpg; 6911_15.jpg; 6911_16.jpg; 6911_17.jpg; 6911_18.jpg; 6911_19.jpg; 6911_20.jpg; 6911_21.jpg; 6911_1.jpg; 6911_3.jpg; 6911_24.jpg; 7960_19.jpg; 6597_16.jpg; 6594_15.jpg; 7789_16.jpg; 7959_11.jpg; 7959_12.jpg; 5163_9.jpg; 7950_11.jpg; 8050_9.jpg
7665,[중고] BROOKS GF125C VCR NF3 GF Series MFC,[Used] BROOKS GF125C VCR NF3 GF Series MFC,GF125C,110000,100.48,BROOKS,MFC/MFM,,7665_1.jpg; 7665_1.jpg; 7665_3.jpg; 7665_1.jpg; 7665_1.jpg; 7665_6.jpg; 7665_7.jpg; 7665_8.jpg; 7665_9.jpg; 7665_10.jpg; 7665_11.jpg; 7665_12.jpg; 7665_13.jpg; 7665_14.jpg; 7665_15.jpg; 7665_16.jpg; 7665_17.jpg; 7665_18.jpg; 7665_19.jpg; 7665_17.jpg; 7299_25.jpg; 7665_22.jpg; 7665_23.jpg; 7665_23.jpg; 7665_25.jpg; 7665_23.jpg; 7665_1.jpg; 7665_3.jpg; 7299_25.jpg; 7960_19.jpg; 6597_16.jpg; 6594_15.jpg; 7789_16.jpg; 7959_11.jpg; 7959_12.jpg; 5163_9.jpg; 7950_11.jpg; 8050_9.jpg
8074,[중고] GRANVILLE-PHILPS 275Mini-Convectron 275546-EU,[Used] GRANVILLE-PHILPS 275Mini-Convectron 275546-EU,275Mini-Convectron,165000,150.73,,vacuum gauge,,8074_1.jpg; 8074_1.jpg; 8074_3.jpg; 8074_1.jpg; 8074_1.jpg; 8074_6.jpg; 8074_7.jpg; 8073_18.jpg; 7498_8.jpg; 8073_12.jpg; 7496_23.jpg; 7498_17.jpg; 8073_8.jpg; 8073_20.jpg; 8073_10.jpg; 5599_27.jpg; 8073_15.jpg; 8073_8.jpg; 7498_11.jpg; 8073_9.jpg; 8074_21.jpg; 8074_1.jpg; 8074_3.jpg; 7496_13.jpg; 7299_25.jpg; 7960_19.jpg; 6597_16.jpg; 6594_15.jpg; 7789_16.jpg; 7959_11.jpg; 7959_12.jpg; 5163_9.jpg; 7950_11.jpg
7299,[중고] GRANVILLE-PHILPS 275Mini-Convectron 275534-EU,[Used] GRANVILLE-PHILPS 275Mini-Convectron 275534-EU,275Mini-Convectron,165000,150.73,,vacuum gauge,,7299_1.jpg; 7299_1.jpg; 7299_3.jpg; 7299_1.jpg; 7299_1.jpg; 7299_6.jpg; 7299_7.jpg; 7498_17.jpg; 7498_15.jpg; 7498_11.jpg; 7498_14.jpg; 8073_16.jpg; 8073_10.jpg; 8073_9.jpg; 8073_20.jpg; 8073_17.jpg; 7299_17.jpg; 7496_13.jpg; 7498_8.jpg; 8073_13.jpg; 7496_17.jpg; 7299_1.jpg; 7299_3.jpg; 8073_19.jpg; 7299_25.jpg; 7960_19.jpg; 6597_16.jpg; 6594_15.jpg; 7789_16.jpg; 7959_11.jpg; 7959_12.jpg; 5163_9.jpg; 7950_11.jpg
4075,[중고] THK YS (길이830mm/50파이) 스플라인 LM가이드 엘엠가이드 LM GUIDE THK IKO NSK 자동화부품 정밀부품 조각기 3D프린터 제작부품 삼익THK 베어링,[Used] THK YS (Length 830mm/50pi) Spline LM Guide LM Guide LM GUIDE THK IKO NSK Automation Parts Precision Parts Engraver 3D Printer Manufacturing Parts Samik THK Bearing,길이830mm/50파이,198000,180.87,THK,Ball screw/spline (SPLINE),,4075_1.jpg; 4075_1.jpg; 4075_3.jpg; 4075_1.jpg; 4075_5.jpg; 4075_6.jpg; 4075_7.jpg; 4075_1.jpg; 4075_3.jpg; 4075_10.jpg; 8073_19.jpg; 7299_25.jpg; 7960_19.jpg; 6597_16.jpg; 6594_15.jpg; 7789_16.jpg; 7959_11.jpg; 7959_12.jpg; 5163_9.jpg
7810,[중고] AERA PI-980 FCPIDN980C-ABA Part#:0190-27879  MFC,[Used] AERA PI-980 FCPIDN980C-ABA Part#:0190-27879 MFC,PI-980,110000,100.48,,MFC/MFM,,7810_1.jpg; 7810_1.jpg; 7810_3.jpg; 7810_1.jpg; 7810_1.jpg; 7810_6.jpg; 7810_7.jpg; 7810_8.jpg; 7810_9.jpg; 7812_5.jpg; 7810_11.jpg; 7810_12.jpg; 7810_13.jpg; 7810_14.jpg; 7812_3.jpg; 7810_16.jpg; 7810_17.jpg; 7810_18.jpg; 7810_19.jpg; 7812_8.jpg; 7810_1.jpg; 7810_3.jpg; 7810_23.jpg; 4075_10.jpg; 8073_19.jpg; 7299_25.jpg; 7960_19.jpg; 6597_16.jpg; 6594_15.jpg; 7789_16.jpg; 7959_11.jpg; 7959_12.jpg
7920,[중고] CKD ABSODEX AX0170H 티칭팬던트 Teaching Pendant 조작기 티칭박스,[Used] CKD ABSODEX AX0170H Teaching Pendant Manipulator Teaching Box,AX0170H,165000,150.73,,"Wafer transfer robot, aligner",,7920_1.jpg; 7920_1.jpg; 7920_3.jpg; 7920_1.jpg; 7920_1.jpg; 7920_6.jpg; 7920_7.jpg; 7932_9.jpg; 7923_12.jpg; 7932_21.jpg; 7923_10.jpg; 7932_19.jpg; 7920_13.jpg; 7923_9.jpg; 7920_15.jpg; 7932_14.jpg; 7920_17.jpg; 7923_16.jpg; 7932_15.jpg; 7932_11.jpg; 7932_13.jpg; 7920_1.jpg; 7920_3.jpg; 7920_24.jpg; 7810_23.jpg; 4075_10.jpg; 8073_19.jpg; 7299_25.jpg; 7960_19.jpg; 6597_16.jpg; 6594_15.jpg; 7789_16.jpg; 7959_11.jpg
7949,[중고] Advanced Energy M/N 3155169-006 A C D RF Navigator MATCH,[Used] Advanced Energy M/N 3155169-006 A C D RF Navigator MATCH,,3300000,3014.55,MKS,RF/DC/MATCH,,7949_1.jpg; 7949_2.jpg; 7949_3.jpg; 7949_4.jpg; 7949_2.jpg; 7949_6.jpg; 6594_12.jpg; 6594_17.jpg; 6512_22.jpg; 6594_9.jpg; 6512_15.jpg; 6503_16.jpg; 6594_16.jpg; 6594_8.jpg; 6594_13.jpg; 6594_20.jpg; 6594_18.jpg; 6594_14.jpg; 6594_24.jpg; 6512_16.jpg; 7949_2.jpg; 7949_1.jpg; 6512_18.jpg; 7920_24.jpg; 7810_23.jpg; 4075_10.jpg; 8073_19.jpg; 7299_25.jpg; 7960_19.jpg; 6597_16.jpg; 6594_15.jpg; 7789_16.jpg
7969,[중고] BROOKS 6256SCZVCMAC N2 MFC,[Used] BROOKS 6256SCZVCMAC N2 MFC,6256SCZVCMAC,55000,50.24,BROOKS,MFC/MFM,,7969_1.jpg; 7969_1.jpg; 7969_3.jpg; 7969_1.jpg; 7969_1.jpg; 7969_6.jpg; 7969_7.jpg; 7969_8.jpg; 7665_23.jpg; 7665_17.jpg; 7665_13.jpg; 7665_16.jpg; 7665_19.jpg; 7969_14.jpg; 7665_18.jpg; 7665_15.jpg; 7299_25.jpg; 7665_22.jpg; 7665_17.jpg; 7665_23.jpg; 7665_17.jpg; 7299_25.jpg; 7969_1.jpg; 7969_3.jpg; 7665_25.jpg; 6512_18.jpg; 7920_24.jpg; 7810_23.jpg; 4075_10.jpg; 8073_19.jpg; 7299_25.jpg; 7960_19.jpg; 6597_16.jpg; 6594_15.jpg
7413,[중고] QJ71LP21-25 Q시리즈 Mitsubishi Q-PLC MELSEC Q 피엘씨 미쓰비시피엘씨 자동화부품 공장자동화 미쯔비시PLC,[Used] QJ71LP21-25 Q Series Mitsubishi Q-PLC MELSEC Q PLC Mitsubishi PLC Automation Parts Factory Automation Mitsubishi PLC,QJ71LP21-25,99000,90.44,,PLC,,7413_1.jpg; 7413_1.jpg; 7413_3.jpg; 7413_1.jpg; 7413_1.jpg; 7413_6.jpg; 7413_7.jpg; 7413_8.jpg; 7413_9.jpg; 7413_10.jpg; 7413_11.jpg; 7413_12.jpg; 7413_13.jpg; 7413_14.jpg; 7413_15.jpg; 7413_16.jpg; 7413_17.jpg; 7413_18.jpg; 7413_19.jpg; 7413_20.jpg; 7413_21.jpg; 7413_1.jpg; 7413_3.jpg; 7413_24.jpg; 7665_25.jpg; 6512_18.jpg; 7920_24.jpg; 7810_23.jpg; 4075_10.jpg; 8073_19.jpg; 7299_25.jpg; 7960_19.jpg; 6597_16.jpg
7484,[미사용 새제품] OMRON D4JL-1NFA-D7-01 옴론 SAFTY-DOOR SWITCH,[New unused product] OMRON D4JL-1NFA-D7-01 OMRON SAFTY-DOOR SWITCH,D4JL-1NFA-D7-01,110000,100.48,OMRON,Electrical parts and other,,7484_1.jpg; 7484_1.jpg; 7484_3.jpg; 7484_1.jpg; 7484_1.jpg; 7484_6.jpg; 7484_7.jpg; 7484_8.jpg; 7734_9.jpg; 6627_8.jpg; 6627_10.jpg; 6541_14.jpg; 8065_24.jpg; 6541_21.jpg; 6627_15.jpg; 7734_12.jpg; 7354_18.jpg; 6627_13.jpg; 6541_17.jpg; 6627_17.jpg; 7734_23.jpg; 6627_14.jpg; 7484_1.jpg; 7484_3.jpg; 7734_13.jpg; 7413_24.jpg; 7665_25.jpg; 6512_18.jpg; 7920_24.jpg; 7810_23.jpg; 4075_10.jpg; 8073_19.jpg; 7299_25.jpg; 7960_19.jpg
3948,[중고] X-Axis Stage (40 x 40),[Used] X-Axis Stage (40 x 40),,44000,40.19,,Precision stage,,3948_1.jpg; 3948_1.jpg; 3948_3.jpg; 3948_1.jpg; 3948_5.jpg; 3944_8.jpg; 3944_13.jpg; 3944_14.jpg; 3944_7.jpg; 3944_11.jpg; 3944_10.jpg; 3944_9.jpg; 3944_17.jpg; 3944_6.jpg; 3948_1.jpg; 3948_3.jpg; 3944_12.jpg; 7734_13.jpg; 7413_24.jpg; 7665_25.jpg; 6512_18.jpg; 7920_24.jpg; 7810_23.jpg; 4075_10.jpg; 8073_19.jpg; 7299_25.jpg
6916,[중고] MOXA CP-168,[Used] MOXA CP-168,CP-168,55000,50.24,,Computer/Computer-related parts,,6916_1.jpg; 6916_1.jpg; 6916_3.jpg; 6916_1.jpg; 6916_1.jpg; 6916_6.jpg; 6916_7.jpg; 6916_8.jpg; 6916_9.jpg; 6916_10.jpg; 6916_11.jpg; 6916_12.jpg; 6916_13.jpg; 6916_14.jpg; 6916_15.jpg; 6916_16.jpg; 6916_17.jpg; 6916_18.jpg; 6916_19.jpg; 6916_20.jpg; 6916_1.jpg; 6916_3.jpg; 6916_23.jpg; 3944_12.jpg; 7734_13.jpg; 7413_24.jpg; 7665_25.jpg; 6512_18.jpg; 7920_24.jpg; 7810_23.jpg; 4075_10.jpg; 8073_19.jpg
7763,[중고] Mitutoyo No.150-191 미츠토요 마이크로미터 헤드,[Used] Mitutoyo No.150-191 Mitutoyo Micrometer Head,No.150-191,22000,20.1,,Indicator/Gauge/Measuring Tool,,7763_1.jpg; 7763_1.jpg; 7763_3.jpg; 7763_1.jpg; 7763_1.jpg; 7763_6.jpg; 7763_7.jpg; 7763_8.jpg; 7323_11.jpg; 7323_14.jpg; 7323_10.jpg; 7763_1.jpg; 7763_3.jpg; 7323_9.jpg; 6916_23.jpg; 3944_12.jpg; 7734_13.jpg; 7413_24.jpg; 7665_25.jpg; 6512_18.jpg; 7920_24.jpg; 7810_23.jpg; 4075_10.jpg
7975,[중고] ATS-M1000DA07W autobase Touch 터치스크린,[Used] ATS-M1000DA07W autobase Touch touch screen,ATS-M1000DA07W,110000,100.48,OMRON,touch screen,,7975_1.jpg; 7975_1.jpg; 7975_3.jpg; 7975_1.jpg; 7975_5.jpg; 7975_6.jpg; 7975_7.jpg; 7975_1.jpg; 7975_3.jpg; 7975_10.jpg; 7323_9.jpg; 6916_23.jpg; 3944_12.jpg; 7734_13.jpg; 7413_24.jpg; 7665_25.jpg; 6512_18.jpg; 7920_24.jpg; 7810_23.jpg
6994,[중고] ABR060-S2-P2 (100:1),[Used] ABR060-S2-P2 (100:1),ABR060-S2-P2,187000,170.82,,Reducer/Index/Coupling,,6994_1.jpg; 6994_1.jpg; 6994_3.jpg; 6994_1.jpg; 6990_5.jpg; 6994_1.jpg; 6994_7.jpg; 6994_8.jpg; 7627_10.jpg; 7617_20.jpg; 7617_12.jpg; 5897_17.jpg; 7627_17.jpg; 7627_15.jpg; 7617_14.jpg; 7627_21.jpg; 7072_14.jpg; 7627_14.jpg; 7627_19.jpg; 7617_13.jpg; 7617_10.jpg; 6994_22.jpg; 6994_1.jpg; 6994_3.jpg; 6994_25.jpg; 7323_9.jpg; 6916_23.jpg; 3944_12.jpg; 7734_13.jpg; 7413_24.jpg; 7665_25.jpg; 6512_18.jpg; 7920_24.jpg; 7810_23.jpg
7780,[중고] OMRON S82G-0605 (5V 12A) 파워써플라이 파워서플라이 POWER SUPPLY SMPS,[Used] OMRON S82G-0605 (5V 12A) Power supply Power supply POWER SUPPLY SMPS,S82G-0605,22000,20.1,OMRON,Power supply SMPS,,7780_1.jpg; 7780_1.jpg; 7780_3.jpg; 7780_1.jpg; 7780_1.jpg; 7780_6.jpg; 7780_7.jpg; 7780_8.jpg; 7780_9.jpg; 7780_10.jpg; 7780_11.jpg; 7780_12.jpg; 7780_13.jpg; 7780_14.jpg; 7780_15.jpg; 7780_16.jpg; 7780_14.jpg; 7780_18.jpg; 7780_1.jpg; 7780_3.jpg; 7780_21.jpg; 6994_25.jpg; 7323_9.jpg; 6916_23.jpg; 3944_12.jpg; 7734_13.jpg; 7413_24.jpg; 7665_25.jpg; 6512_18.jpg; 7920_24.jpg
7489,[중고] SL540 온도콘트롤러 온도컨트롤러 디지털 인디케이터 인디케이터 indicator,[Used] SL540 temperature controller temperature controller digital indicator indicator indicator,SL540,33000,30.15,,Temperature controller/indicator,,7489_1.jpg; 7489_1.jpg; 7489_3.jpg; 7489_1.jpg; 7489_1.jpg; 7489_6.jpg; 5694_15.jpg; 7489_8.jpg; 5694_13.jpg; 7474_16.jpg; 7489_11.jpg; 7489_12.jpg; 7489_13.jpg; 7489_14.jpg; 7236_16.jpg; 7366_19.jpg; 7489_17.jpg; 7489_18.jpg; 7474_17.jpg; 5599_22.jpg; 7489_1.jpg; 7489_3.jpg; 7489_23.jpg; 7780_21.jpg; 6994_25.jpg; 7323_9.jpg; 6916_23.jpg; 3944_12.jpg; 7734_13.jpg; 7413_24.jpg; 7665_25.jpg; 6512_18.jpg
7641,[중고] ALPHA 2축 직교로봇 Stoke: X 600mm Z 100mm,[Used] ALPHA 2-axis orthogonal robot Stoke:,600mm,517000,472.28,,Cartesian robot/actuator,,7641_1.jpg; 7641_1.jpg; 7641_3.jpg; 7641_1.jpg; 7641_5.jpg; 7641_6.jpg; 7640_6.jpg; 7640_8.jpg; 7640_9.jpg; 7640_10.jpg; 7640_11.jpg; 7640_12.jpg; 7640_17.jpg; 7640_13.jpg; 7641_1.jpg; 7641_3.jpg; 7640_14.jpg; 7489_23.jpg; 7780_21.jpg; 6994_25.jpg; 7323_9.jpg; 6916_23.jpg; 3944_12.jpg; 7734_13.jpg; 7413_24.jpg; 7665_25.jpg
6799,[중고] KEYENCE VT2-5MB  터치스크린,[Used] KEYENCE VT2-5MB Touch Screen,VT2-5MB,275000,251.21,,touch screen,,6799_1.jpg; 6799_1.jpg; 6799_3.jpg; 6799_1.jpg; 6799_1.jpg; 6799_6.jpg; 6799_7.jpg; 6799_8.jpg; 6799_9.jpg; 6799_1.jpg; 6799_3.jpg; 6799_12.jpg; 6799_13.jpg; 7640_14.jpg; 7489_23.jpg; 7780_21.jpg; 6994_25.jpg; 7323_9.jpg; 6916_23.jpg; 3944_12.jpg; 7734_13.jpg
5388,[중고] S9I60GS-TCE SPG기어드모터 인덕션모터 AC모터 AC기어드모터,[Used] S9I60GS-TCE SPG geared motor induction motor AC motor AC geared motor,S9I60GS-TCE,33000,30.15,,AC motor/geared motor/DC motor,,5388_1.jpg; 5388_1.jpg; 5388_3.jpg; 5388_1.jpg; 5388_1.jpg; 5380_6.jpg; 4735_14.jpg; 5380_12.jpg; 5383_11.jpg; 5972_20.jpg; 5388_11.jpg; 5388_12.jpg; 5401_9.jpg; 5388_14.jpg; 4735_7.jpg; 5388_16.jpg; 5388_17.jpg; 5383_10.jpg; 5378_11.jpg; 5388_1.jpg; 5388_3.jpg; 5401_8.jpg; 6799_13.jpg; 7640_14.jpg; 7489_23.jpg; 7780_21.jpg; 6994_25.jpg; 7323_9.jpg; 6916_23.jpg; 3944_12.jpg; 7734_13.jpg
8072,[중고] EBARA Dry Pump Interface Part No.217601-301A,[Used] EBARA Dry Pump Interface Part No.217601-301A,No.217601-301A,440000,401.94,,vacuum pump,,8072_1.jpg; 8072_1.jpg; 8072_3.jpg; 8072_1.jpg; 8072_1.jpg; 8072_6.jpg; 8072_7.jpg; 8072_8.jpg; 7314_9.jpg; 7314_15.jpg; 7314_11.jpg; 7314_12.jpg; 8072_1.jpg; 8072_3.jpg; 7314_10.jpg; 5401_8.jpg; 6799_13.jpg; 7640_14.jpg; 7489_23.jpg; 7780_21.jpg; 6994_25.jpg; 7323_9.jpg; 6916_23.jpg; 3944_12.jpg
7497,[중고] 385011-GD-T GRANVILLE-PHILLIPS Convectron,[Used] 385011-GD-T GRANVILLE-PHILLIPS Convectron,385011-GD-T,165000,150.73,,vacuum gauge,,7497_1.jpg; 7497_1.jpg; 7497_3.jpg; 7497_1.jpg; 7497_1.jpg; 7497_6.jpg; 7498_14.jpg; 7496_23.jpg; 8073_8.jpg; 7498_17.jpg; 7498_11.jpg; 8073_15.jpg; 8073_20.jpg; 8073_12.jpg; 8073_13.jpg; 8073_16.jpg; 7498_15.jpg; 7496_13.jpg; 8073_7.jpg; 8073_8.jpg; 7497_1.jpg; 7497_3.jpg; 8074_21.jpg; 7314_10.jpg; 5401_8.jpg; 6799_13.jpg; 7640_14.jpg; 7489_23.jpg; 7780_21.jpg; 6994_25.jpg; 7323_9.jpg; 6916_23.jpg
7818,[중고] MKS Baratron Pressure Transducer 722A13TGA2FA 722A12TGA2FA 722A13TCD2FA 722A21TCD2FA 722A01TCD2FK 722A02TBA2FK 722A-23739 722A12TCD2FA 722A13TCE2FA 722A11TCE2FA,[Used] MKS Baratron Pressure Transducer 722A13TGA2FA 722A12TGA2FA 722A13TCD2FA 722A21TCD2FA 722A01TCD2FK 722A02TBA2FK 722A-23739 722A12TCD2FA 722A13TCE2FA 722A11TCE2FA,722A13TGA2FA,330000,301.45,MKS,vacuum gauge,,7818_1.jpg; 7818_1.jpg; 7818_3.jpg; 7818_1.jpg; 7818_1.jpg; 7818_6.jpg; 7818_7.jpg; 7818_8.jpg; 7561_9.jpg; 7561_12.jpg; 7465_8.jpg; 7561_13.jpg; 7465_17.jpg; 7561_16.jpg; 7561_18.jpg; 7561_14.jpg; 7561_17.jpg; 7585_10.jpg; 7332_17.jpg; 7465_14.jpg; 7818_21.jpg; 7585_20.jpg; 7818_1.jpg; 7818_3.jpg; 7561_8.jpg; 8074_21.jpg; 7314_10.jpg; 5401_8.jpg; 6799_13.jpg; 7640_14.jpg; 7489_23.jpg; 7780_21.jpg; 6994_25.jpg; 7323_9.jpg
7930,[중고] RND RTP-1 티칭팬던트 Teaching Pendant 조작기 티칭박스,[Used] RND RTP-1 Teaching Pendant Manipulator Teaching Box,RTP-1,220000,200.97,,"Wafer transfer robot, aligner",,7930_1.jpg; 7930_1.jpg; 7930_3.jpg; 7930_1.jpg; 7930_1.jpg; 7930_6.jpg; 7930_7.jpg; 7923_9.jpg; 7932_20.jpg; 7930_10.jpg; 7932_21.jpg; 7932_16.jpg; 7932_12.jpg; 7920_17.jpg; 7923_10.jpg; 7932_9.jpg; 7930_17.jpg; 7920_24.jpg; 7932_15.jpg; 7932_13.jpg; 7923_16.jpg; 7930_1.jpg; 7930_3.jpg; 7920_13.jpg; 8074_21.jpg; 7314_10.jpg; 5401_8.jpg; 6799_13.jpg; 7640_14.jpg; 7489_23.jpg; 7780_21.jpg; 6994_25.jpg; 7323_9.jpg
7961,"[중고]  PARKER 94A0PLPNCSFSMM 암 1/4 VERIFLO CORP""","[Used] PARKER 94A0PLPNCSFSMM Female 1/4 VERIFLO CORP""",94A0PLPNCSFSMM,22000,20.1,PARKER,Gas valve/regulator/pressure gauge,,7961_1.jpg; 7961_1.jpg; 7961_3.jpg; 7961_1.jpg; 7961_1.jpg; 7961_6.jpg; 7961_7.jpg; 7961_8.jpg; 7961_9.jpg; 7961_10.jpg; 7961_11.jpg; 7961_12.jpg; 7961_3.jpg; 5894_21.jpg; 7920_13.jpg; 8074_21.jpg; 7314_10.jpg; 5401_8.jpg; 6799_13.jpg; 7640_14.jpg; 7489_23.jpg; 7780_21.jpg; 6994_25.jpg
5894,"[중고] HSR15-R (길이1,100mm/블럭2개) LM가이드 엘엠가이드 LM GUIDE THK IKO NSK 자동화부품 정밀부품 조각기 3D프린터 제작부품 삼익THK 베어링","[Used] HSR15-R (Length 1,100mm/2 blocks) LM Guide LM Guide LM GUIDE THK IKO NSK Automation Parts Precision Parts Engraver 3D Printer Manufacturing Parts Samik THK Bearing",HSR15-R,55000,50.24,THK,LM GUIDE / BUSHING,,5894_1.jpg; 5894_1.jpg; 5894_3.jpg; 5894_1.jpg; 5894_1.jpg; 7104_15.jpg; 7104_7.jpg; 7104_17.jpg; 7104_14.jpg; 7104_11.jpg; 7104_16.jpg; 7104_18.jpg; 7104_10.jpg; 7104_12.jpg; 7104_21.jpg; 7104_13.jpg; 7104_8.jpg; 5894_1.jpg; 5894_3.jpg; 7104_9.jpg; 5894_21.jpg; 7920_13.jpg; 8074_21.jpg; 7314_10.jpg; 5401_8.jpg; 6799_13.jpg; 7640_14.jpg; 7489_23.jpg; 7780_21.jpg
7892,[중고] KASHIYAMA KMB1203-2 BOOSTER PUMP,[Used] KASHIYAMA KMB1203-2 BOOSTER PUMP,KMB1203-2,1870000,1708.24,,vacuum pump,,7892_1.jpg; 7892_1.jpg; 7892_3.jpg; 7892_1.jpg; 7892_5.jpg; 7892_6.jpg; 7892_7.jpg; 7892_8.jpg; 7892_9.jpg; 7892_1.jpg; 7892_3.jpg; 7892_12.jpg; 7104_9.jpg; 5894_21.jpg; 7920_13.jpg; 8074_21.jpg; 7314_10.jpg; 5401_8.jpg; 6799_13.jpg; 7640_14.jpg; 7489_23.jpg
7042,[중고] Hitachi AS103-A SIH[N(CH3)2]3 1SLM,[Used] Hitachi AS103-A SIH[N(CH3)2]3 1SLM,AS103-A,1100000,1004.85,,Controller/Other,,7042_1.jpg; 7042_1.jpg; 7042_3.jpg; 7042_1.jpg; 7042_1.jpg; 7042_6.jpg; 8052_15.jpg; 8052_17.jpg; 8052_19.jpg; 8052_10.jpg; 8052_11.jpg; 5463_25.jpg; 8052_8.jpg; 8052_18.jpg; 8052_12.jpg; 8052_16.jpg; 8052_20.jpg; 8052_13.jpg; 8052_14.jpg; 7042_1.jpg; 7042_3.jpg; 8052_9.jpg; 7104_9.jpg; 5894_21.jpg; 7920_13.jpg; 8074_21.jpg; 7314_10.jpg; 5401_8.jpg; 6799_13.jpg; 7640_14.jpg; 7489_23.jpg
7229,[중고] CONVEX 리니어서보 셋트 CSDL-04AA0 스트로크 580mm ACTUATOR 엑츄에이터 자작 DIY CNC부품 3D프린터 제작 자동화 부품,[Used] CONVEX linear servo set CSDL-04AA0 stroke 580mm ACTUATOR actuator self-made DIY CNC parts 3D printer production automation parts,CSDL-04AA0,550000,502.42,NSK,Cartesian robot/actuator,,7229_1.jpg; 7229_1.jpg; 7229_3.jpg; 7229_1.jpg; 7229_1.jpg; 7229_6.jpg; 5274_8.jpg; 5274_13.jpg; 7215_25.jpg; 7215_15.jpg; 7215_14.jpg; 7215_16.jpg; 5274_9.jpg; 7215_20.jpg; 7215_19.jpg; 5404_13.jpg; 7215_24.jpg; 7215_26.jpg; 5769_17.jpg; 7653_17.jpg; 7229_1.jpg; 7229_3.jpg; 7650_24.jpg; 8052_9.jpg; 7104_9.jpg; 5894_21.jpg; 7920_13.jpg; 8074_21.jpg; 7314_10.jpg; 5401_8.jpg; 6799_13.jpg; 7640_14.jpg
2325,[중고] EYELA Pair stripper PS-100,[Used] EYELA Pair stripper PS-100,PS-100,200000,182.7,,"Measuring instruments, optics, experimental equipment",,2325_1.jpg; 2325_1.jpg; 2325_3.jpg; 2325_1.jpg; 2325_5.jpg; 2325_1.jpg; 2325_7.jpg; 2325_8.jpg; 2325_9.jpg; 2325_10.jpg; 2325_11.jpg; 2325_12.jpg; 2325_13.jpg; 2325_14.jpg; 2325_1.jpg; 2325_3.jpg; 2325_17.jpg; 8052_9.jpg; 7104_9.jpg; 5894_21.jpg; 7920_13.jpg; 8074_21.jpg; 7314_10.jpg; 5401_8.jpg; 6799_13.jpg; 7640_14.jpg
7870,[중고] ASM46AA,[Used] ASM46AA,ASM46AA,33000,30.15,,Stepping motor/driver/BLDC,,7870_1.jpg; 7870_1.jpg; 7870_3.jpg; 7870_1.jpg; 7870_1.jpg; 7870_6.jpg; 7870_7.jpg; 7870_8.jpg; 7870_9.jpg; 7870_10.jpg; 7870_11.jpg; 7870_12.jpg; 7870_13.jpg; 7870_14.jpg; 7870_15.jpg; 7870_16.jpg; 7870_17.jpg; 7870_18.jpg; 7870_19.jpg; 7870_20.jpg; 7870_21.jpg; 7870_22.jpg; 7870_23.jpg; 7870_24.jpg; 7870_25.jpg; 7870_26.jpg; 7870_27.jpg; 7870_28.jpg; 7899_16.jpg; 7868_26.jpg; 7899_14.jpg; 7906_7.jpg; 7906_10.jpg; 7870_34.jpg; 7868_31.jpg; 7870_36.jpg; 7870_37.jpg; 7899_13.jpg; 7870_39.jpg; 7906_11.jpg; 7870_1.jpg; 7870_3.jpg; 7906_9.jpg; 2325_17.jpg; 8052_9.jpg; 7104_9.jpg; 5894_21.jpg; 7920_13.jpg; 8074_21.jpg; 7314_10.jpg; 5401_8.jpg; 6799_13.jpg
2965,[중고] FR-E740-2.2K (2.2KW) 3마력 인버터 미쓰비시 INVERTER,[Used] FR-E740-2.2K (2.2KW) 3 horsepower inverter Mitsubishi INVERTER,FR-E740-2.2K,242000,221.07,,INVERTER,,2965_1.jpg; 2965_1.jpg; 2965_3.jpg; 2965_1.jpg; 2965_1.jpg; 2965_6.jpg; 2965_7.jpg; 2965_8.jpg; 2965_9.jpg; 3208_10.jpg; 3208_6.jpg; 3208_11.jpg; 3208_18.jpg; 3208_14.jpg; 3208_13.jpg; 3208_8.jpg; 3208_12.jpg; 3208_15.jpg; 3208_9.jpg; 2965_1.jpg; 2965_3.jpg; 3208_7.jpg; 7906_9.jpg; 2325_17.jpg; 8052_9.jpg; 7104_9.jpg; 5894_21.jpg; 7920_13.jpg; 8074_21.jpg; 7314_10.jpg; 5401_8.jpg
7928,[중고] TT1ENR2-1-TVS-ES-BROOKS8 Brooks 티칭팬던트 Teaching Pendant 조작기 티칭박스,[Used] TT1ENR2-1-TVS-ES-BROOKS8 Brooks Teaching Pendant Manipulator Teaching Box,TT1ENR2-1-TVS-ES-BROOKS8,220000,200.97,BROOKS,"Wafer transfer robot, aligner",,7928_1.jpg; 7928_1.jpg; 7928_3.jpg; 7928_1.jpg; 7928_1.jpg; 7928_6.jpg; 7928_7.jpg; 7930_10.jpg; 7932_8.jpg; 7923_9.jpg; 7932_19.jpg; 7923_10.jpg; 7932_13.jpg; 7923_17.jpg; 7932_15.jpg; 7932_10.jpg; 7932_9.jpg; 7920_17.jpg; 7920_13.jpg; 7932_20.jpg; 7923_16.jpg; 7928_1.jpg; 7928_3.jpg; 7920_15.jpg; 3208_7.jpg; 7906_9.jpg; 2325_17.jpg; 8052_9.jpg; 7104_9.jpg; 5894_21.jpg; 7920_13.jpg; 8074_21.jpg; 7314_10.jpg
5866,[중고] BROOKS LOADPORT FOUP OPENER 300mm wafer 12inch,[Used] BROOKS LOADPORT FOUP OPENER 300mm wafer 12inch,300mm,2750000,2512.12,BROOKS,LOAD PORT,,5866_1.jpg; 5866_1.jpg; 5866_3.jpg; 5866_1.jpg; 5866_5.jpg; 5866_6.jpg; 5810_16.jpg; 5810_13.jpg; 5810_9.jpg; 5810_11.jpg; 5810_12.jpg; 5866_1.jpg; 5866_3.jpg; 5810_10.jpg; 7920_15.jpg; 3208_7.jpg; 7906_9.jpg; 2325_17.jpg; 8052_9.jpg; 7104_9.jpg; 5894_21.jpg; 7920_13.jpg; 8074_21.jpg
6446,[중고] BOC EDWARDS EPX180N,[Used] BOC EDWARDS EPX180N,EPX180N,3300000,3014.55,EDWARDS,vacuum pump,,6446_1.jpg; 6446_2.jpg; 6446_1.jpg; 6447_11.jpg; 7674_25.jpg; 6447_6.jpg; 6447_10.jpg; 6447_8.jpg; 6447_9.jpg; 6447_12.jpg; 6447_7.jpg; 6446_1.jpg; 6446_2.jpg; 6447_13.jpg; 5810_10.jpg; 7920_15.jpg; 3208_7.jpg; 7906_9.jpg; 2325_17.jpg; 8052_9.jpg; 7104_9.jpg; 5894_21.jpg; 7920_13.jpg
6595,[중고] SEREN R3001 3000W 12.88-14.23MHz RF GENERATOR,[Used] SEREN R3001 3000W 12.88-14.23MHz RF GENERATOR,R3001,3300000,3014.55,,RF/DC/MATCH,,6595_1.jpg; 6595_2.jpg; 6595_1.jpg; 6595_1.jpg; 6595_5.jpg; 7741_16.jpg; 6595_7.jpg; 7741_12.jpg; 7741_24.jpg; 7741_14.jpg; 6593_21.jpg; 6942_19.jpg; 6593_13.jpg; 6593_17.jpg; 7741_21.jpg; 7741_13.jpg; 7741_20.jpg; 6593_20.jpg; 6942_12.jpg; 6595_1.jpg; 6595_2.jpg; 6942_8.jpg; 6447_13.jpg; 5810_10.jpg; 7920_15.jpg; 3208_7.jpg; 7906_9.jpg; 2325_17.jpg; 8052_9.jpg; 7104_9.jpg; 5894_21.jpg
3874,[중고] SV008IM-2N,[Used] SV008IM-2N,SV008IM-2N,66000,60.29,,INVERTER,,3874_1.jpg; 3874_1.jpg; 3874_3.jpg; 3874_1.jpg; 3874_5.jpg; 682_15.jpg; 682_11.jpg; 682_13.jpg; 682_12.jpg; 682_10.jpg; 682_18.jpg; 3874_1.jpg; 3874_3.jpg; 682_14.jpg; 6942_8.jpg; 6447_13.jpg; 5810_10.jpg; 7920_15.jpg; 3208_7.jpg; 7906_9.jpg; 2325_17.jpg; 8052_9.jpg; 7104_9.jpg
7878,[중고] RC-420 GENERATE MASTER RORZE,[Used] RC-420 GENERATE MASTER RORZE,RC-420,110000,100.48,RORZE,Stepping motor/driver/BLDC,,7878_1.jpg; 7878_1.jpg; 7878_3.jpg; 7878_1.jpg; 7878_1.jpg; 7878_6.jpg; 7878_7.jpg; 7878_8.jpg; 7878_9.jpg; 7878_10.jpg; 8026_8.jpg; 8026_14.jpg; 8026_19.jpg; 8026_10.jpg; 8026_9.jpg; 8026_13.jpg; 8026_23.jpg; 8026_16.jpg; 8026_20.jpg; 8026_15.jpg; 8026_17.jpg; 8026_11.jpg; 8026_18.jpg; 8026_12.jpg; 7878_1.jpg; 7878_3.jpg; 8026_7.jpg; 682_14.jpg; 6942_8.jpg; 6447_13.jpg; 5810_10.jpg; 7920_15.jpg; 3208_7.jpg; 7906_9.jpg; 2325_17.jpg; 8052_9.jpg
7972,[중고] W807iCD+ AnyTouch RS Automation 7인치 컬러터치스크린,[Used] W807iCD+ AnyTouch RS Automation 7-inch color touch screen,W807iCD+,165000,150.73,,touch screen,,7972_1.jpg; 7972_1.jpg; 7972_3.jpg; 7972_1.jpg; 7972_5.jpg; 7972_6.jpg; 7972_7.jpg; 7672_9.jpg; 5536_19.jpg; 7672_7.jpg; 7972_1.jpg; 7972_3.jpg; 7672_8.jpg; 8026_7.jpg; 682_14.jpg; 6942_8.jpg; 6447_13.jpg; 5810_10.jpg; 7920_15.jpg; 3208_7.jpg; 7906_9.jpg; 2325_17.jpg
7838,[중고] PARKER VERIFLO SQ140E1003PXFSMMM,[Used] PARKER VERIFLO SQ140E1003PXFSMMM,SQ140E1003PXFSMMM,110000,100.48,PARKER,Gas valve/regulator/pressure gauge,,7838_1.jpg; 7838_1.jpg; 7838_3.jpg; 7838_1.jpg; 7838_1.jpg; 7838_6.jpg; 7953_12.jpg; 7679_20.jpg; 7679_13.jpg; 7839_13.jpg; 7839_9.jpg; 7679_7.jpg; 7679_8.jpg; 7953_19.jpg; 7839_17.jpg; 7679_15.jpg; 7839_11.jpg; 7679_9.jpg; 7679_10.jpg; 7679_23.jpg; 7838_1.jpg; 7838_3.jpg; 7839_8.jpg; 8026_7.jpg; 682_14.jpg; 6942_8.jpg; 6447_13.jpg; 5810_10.jpg; 7920_15.jpg; 3208_7.jpg; 7906_9.jpg; 2325_17.jpg
6995,"[중고] ATG PGX44-H (15:1), 서보모터용 감속기, 50,100W","[Used] ATG PGX44-H (15:1), reducer for servo motor, 50,100W",PGX44-H,110000,100.48,,Reducer/Index/Coupling,,6995_1.jpg; 6995_1.jpg; 6995_3.jpg; 6995_1.jpg; 6990_5.jpg; 6995_1.jpg; 6995_7.jpg; 6995_8.jpg; 7071_11.jpg; 7071_14.jpg; 7071_9.jpg; 6995_1.jpg; 6995_3.jpg; 7071_10.jpg; 7839_8.jpg; 8026_7.jpg; 682_14.jpg; 6942_8.jpg; 6447_13.jpg; 5810_10.jpg; 7920_15.jpg; 3208_7.jpg; 7906_9.jpg
7748,[중고] RORZE RR741L1512-411-11X-1 CURR-8451-1 웨이퍼 핸들링 로봇 ATM ROBOT,[Used] RORZE RR741L1512-411-11X-1 CURR-8451-1 wafer handling robot ATM ROBOT,RR741L1512-411-11X-1,16500000,15072.75,RORZE,semiconductor equipment,,7747_6.jpg; 7747_6.jpg; 7748_3.jpg; 7747_6.jpg; 7748_5.jpg; 6631_23.jpg; 6631_19.jpg; 8029_19.jpg; 6631_21.jpg; 8029_13.jpg; 6631_18.jpg; 6631_18.jpg; 7440_20.jpg; 6631_20.jpg; 5729_18.jpg; 8050_9.jpg; 6632_16.jpg; 7748_18.jpg; 7298_7.jpg; 7747_6.jpg; 7748_3.jpg; 6631_22.jpg; 7071_10.jpg; 7839_8.jpg; 8026_7.jpg; 682_14.jpg; 6942_8.jpg; 6447_13.jpg; 5810_10.jpg; 7920_15.jpg; 3208_7.jpg
7929,[중고] TT1ENR2-1 Brooks 티칭팬던트 Teaching Pendant 조작기 티칭박스,[Used] TT1ENR2-1 Brooks Teaching Pendant Manipulator Teaching Box,TT1ENR2-1,220000,200.97,BROOKS,"Wafer transfer robot, aligner",,7929_1.jpg; 7929_1.jpg; 7929_3.jpg; 7929_1.jpg; 7929_1.jpg; 7929_6.jpg; 7929_7.jpg; 7930_17.jpg; 7923_12.jpg; 7920_24.jpg; 7923_10.jpg; 7923_16.jpg; 7920_15.jpg; 7932_9.jpg; 7932_21.jpg; 7932_18.jpg; 7923_15.jpg; 7932_19.jpg; 7932_10.jpg; 7929_20.jpg; 7932_12.jpg; 7929_1.jpg; 7929_3.jpg; 7932_8.jpg; 6631_22.jpg; 7071_10.jpg; 7839_8.jpg; 8026_7.jpg; 682_14.jpg; 6942_8.jpg; 6447_13.jpg; 5810_10.jpg; 7920_15.jpg
7686,[중고] RKD514HM-C + PK599AWM VEXTA 스테핑셋트,[Used] RKD514HM-C + PK599AWM VEXTA stepping set,RKD514HM-C,132000,120.58,,Stepping motor/driver/BLDC,,7686_1.jpg; 7686_1.jpg; 7686_3.jpg; 7686_1.jpg; 7686_1.jpg; 7686_6.jpg; 7686_7.jpg; 7874_24.jpg; 7874_9.jpg; 7874_21.jpg; 7874_8.jpg; 7874_19.jpg; 7874_17.jpg; 7874_20.jpg; 7874_15.jpg; 7874_11.jpg; 7874_16.jpg; 7874_10.jpg; 7874_13.jpg; 7874_14.jpg; 7874_18.jpg; 7686_1.jpg; 7686_3.jpg; 7874_12.jpg; 7932_8.jpg; 6631_22.jpg; 7071_10.jpg; 7839_8.jpg; 8026_7.jpg; 682_14.jpg; 6942_8.jpg; 6447_13.jpg; 5810_10.jpg
7109,[중고] HRW17 (길이140mm/블럭2개) LM가이드 엘엠가이드 LM GUIDE THK IKO NSK 자동화부품 정밀부품 조각기 3D프린터 제작부품 삼익THK 베어링,[Used] HRW17 (Length 140mm/2 blocks) LM Guide LM Guide LM GUIDE THK IKO NSK Automation Parts Precision Parts Engraver 3D Printer Manufacturing Parts Samik THK Bearing,HRW17,33000,30.15,THK,LM GUIDE / BUSHING,,7109_1.jpg; 7109_1.jpg; 7109_3.jpg; 7109_1.jpg; 7109_1.jpg; 7109_6.jpg; 7142_12.jpg; 7142_8.jpg; 7142_13.jpg; 7142_14.jpg; 7142_10.jpg; 7142_9.jpg; 7142_17.jpg; 7109_1.jpg; 7109_3.jpg; 7142_11.jpg; 7874_12.jpg; 7932_8.jpg; 6631_22.jpg; 7071_10.jpg; 7839_8.jpg; 8026_7.jpg; 682_14.jpg; 6942_8.jpg; 6447_13.jpg
7796,[중고] G6F-AD2A LS PLC 피엘씨 AD컨버터 AD Converter AD변환기,[Used] G6F-AD2A LS PLC PLC AD Converter AD Converter,G6F-AD2A,77000,70.34,,PLC,,7796_1.jpg; 7796_1.jpg; 7796_3.jpg; 7796_1.jpg; 7796_1.jpg; 7796_6.jpg; 7797_17.jpg; 7797_13.jpg; 7796_9.jpg; 7796_10.jpg; 7797_18.jpg; 7797_16.jpg; 7797_10.jpg; 7796_14.jpg; 7797_9.jpg; 7797_23.jpg; 7797_19.jpg; 7796_18.jpg; 7796_19.jpg; 7797_15.jpg; 7796_1.jpg; 7796_3.jpg; 7796_23.jpg; 7142_11.jpg; 7874_12.jpg; 7932_8.jpg; 6631_22.jpg; 7071_10.jpg; 7839_8.jpg; 8026_7.jpg; 682_14.jpg; 6942_8.jpg
7437,[미사용] AJ65SBTB1-16D 미쓰비시 CC-Link 입.출력모듈 미쯔비시 씨씨링크 피엘씨 PLC I/O모듈 자동화부품 공장자동화,[Unused] AJ65SBTB1-16D Mitsubishi CC-Link input/output module Mitsubishi CC-Link PLC PLC I/O module automation parts factory automation,AJ65SBTB1-16D,66000,60.29,,PLC,,7437_1.jpg; 7437_1.jpg; 7437_3.jpg; 7437_1.jpg; 7437_1.jpg; 7437_6.jpg; 7437_7.jpg; 7437_8.jpg; 7437_9.jpg; 7437_10.jpg; 7437_11.jpg; 7437_12.jpg; 7437_13.jpg; 7437_14.jpg; 7437_15.jpg; 7437_16.jpg; 7437_17.jpg; 7437_18.jpg; 7437_19.jpg; 7437_20.jpg; 7437_1.jpg; 7437_3.jpg; 7437_23.jpg; 7796_23.jpg; 7142_11.jpg; 7874_12.jpg; 7932_8.jpg; 6631_22.jpg; 7071_10.jpg; 7839_8.jpg; 8026_7.jpg; 682_14.jpg
7292,[중고] RORZE RR410L3802-0513-03-0 CURR-2612-2 PURR-2639-1,[Used] RORZE RR410L3802-0513-03-0 CURR-2612-2 PURR-2639-1,RR410L3802-0513-03-0,13200000,12058.2,RORZE,semiconductor equipment,,7292_1.jpg; 7292_2.jpg; 7292_1.jpg; 7292_1.jpg; 7292_5.jpg; 7292_6.jpg; 7292_7.jpg; 7292_8.jpg; 7292_9.jpg; 8054_15.jpg; 5820_10.jpg; 7440_21.jpg; 8029_23.jpg; 7934_21.jpg; 7440_22.jpg; 7292_16.jpg; 8029_28.jpg; 8029_21.jpg; 8050_18.jpg; 7440_18.jpg; 8029_25.jpg; 8029_15.jpg; 5729_19.jpg; 7292_1.jpg; 7292_2.jpg; 7934_23.jpg; 7796_23.jpg; 7142_11.jpg; 7874_12.jpg; 7932_8.jpg; 6631_22.jpg; 7071_10.jpg; 7839_8.jpg; 8026_7.jpg; 682_14.jpg
7613,[중고] GRANVILLE-PHILPS 275Mini-Convectron 275534-EU,[Used] GRANVILLE-PHILPS 275Mini-Convectron 275534-EU,275Mini-Convectron,165000,150.73,,vacuum gauge,,7613_1.jpg; 7613_1.jpg; 7613_3.jpg; 7613_1.jpg; 7613_1.jpg; 7613_6.jpg; 7498_17.jpg; 8073_20.jpg; 7498_11.jpg; 8073_13.jpg; 8073_10.jpg; 8073_7.jpg; 8074_21.jpg; 8073_14.jpg; 5599_27.jpg; 7496_17.jpg; 8073_8.jpg; 7299_17.jpg; 8073_19.jpg; 8073_17.jpg; 7613_1.jpg; 7613_3.jpg; 8073_16.jpg; 7796_23.jpg; 7142_11.jpg; 7874_12.jpg; 7932_8.jpg; 6631_22.jpg; 7071_10.jpg; 7839_8.jpg; 8026_7.jpg; 682_14.jpg
4594,[중고] SONY XC-ST50,[Used] SONY XC-ST50,XC-ST50,110000,100.48,,Industrial Cameras/Lens/Lighting,,4594_1.jpg; 4594_1.jpg; 4594_3.jpg; 4594_1.jpg; 4594_5.jpg; 4594_6.jpg; 4594_7.jpg; 5131_6.jpg; 4594_9.jpg; 5463_14.jpg; 5131_17.jpg; 4594_12.jpg; 4594_13.jpg; 5463_18.jpg; 5131_12.jpg; 4594_16.jpg; 5131_22.jpg; 5463_13.jpg; 5131_13.jpg; 4594_1.jpg; 4594_3.jpg; 5463_17.jpg; 7796_23.jpg; 7142_11.jpg; 7874_12.jpg; 7932_8.jpg; 6631_22.jpg; 7071_10.jpg; 7839_8.jpg; 8026_7.jpg; 682_14.jpg
5774,[미사용] SUNJE Hi-Tek SIB3-RD 이오나이저 Indicator,[Unused] SUNJE Hi-Tek SIB3-RD Ionizer Indicator,SIB3-RD,55000,50.24,,Clean auxiliary equipment,,5774_1.jpg; 5774_1.jpg; 5774_3.jpg; 5774_1.jpg; 5774_1.jpg; 5774_6.jpg; 5774_7.jpg; 5774_8.jpg; 5774_9.jpg; 5774_10.jpg; 5774_11.jpg; 5774_1.jpg; 5774_3.jpg; 6802_24.jpg; 7934_23.jpg; 7796_23.jpg; 7142_11.jpg; 7874_12.jpg; 7932_8.jpg; 6631_22.jpg; 7071_10.jpg; 7839_8.jpg; 8026_7.jpg
6802,[중고] NX1-07(*) 한영 HANYOUNG 온도콘트롤러 온도컨트롤러 디지털 인디케이터 인디케이터 indicator,[Used] NX1-07(*) HANYOUNG temperature controller temperature controller digital indicator indicator indicator,NX1-07,22000,20.1,,Temperature controller/indicator,,6802_1.jpg; 6802_1.jpg; 6802_3.jpg; 6802_1.jpg; 6802_1.jpg; 6802_6.jpg; 6804_9.jpg; 7236_11.jpg; 7474_17.jpg; 6802_10.jpg; 7489_23.jpg; 7474_19.jpg; 6804_7.jpg; 5694_14.jpg; 6802_15.jpg; 7474_14.jpg; 6802_17.jpg; 7236_9.jpg; 6802_19.jpg; 7366_12.jpg; 6802_1.jpg; 6802_3.jpg; 7366_15.jpg; 6802_24.jpg; 7934_23.jpg; 7796_23.jpg; 7142_11.jpg; 7874_12.jpg; 7932_8.jpg; 6631_22.jpg; 7071_10.jpg; 7839_8.jpg
7860,"[중고] SMC박형실린더(140파이/스트로크50,75mm) CDQ2B104C-J9485-50 CQ2BH140-DCG5795G-75","[Used] SMC thin cylinder (140pi/stroke 50,75mm) CDQ2B104C-J9485-50 CQ2BH140-DCG5795G-75","140파이/스트로크50,75mm",55000,50.24,,Pneumatic parts (PNEUMATIC),,7860_1.jpg; 7860_1.jpg; 7860_3.jpg; 7860_1.jpg; 7860_1.jpg; 7860_6.jpg; 7860_7.jpg; 7860_8.jpg; 7860_9.jpg; 7860_10.jpg; 7860_11.jpg; 7860_12.jpg; 7860_13.jpg; 7860_14.jpg; 7860_15.jpg; 7860_16.jpg; 7860_17.jpg; 7860_18.jpg; 7860_19.jpg; 7860_20.jpg; 7860_21.jpg; 7860_22.jpg; 7860_23.jpg; 7860_24.jpg; 7860_25.jpg; 7860_26.jpg; 7860_27.jpg; 7860_28.jpg; 7860_29.jpg; 7860_30.jpg; 7860_1.jpg; 7860_3.jpg; 7860_33.jpg; 7366_15.jpg; 6802_24.jpg; 7934_23.jpg; 7796_23.jpg; 7142_11.jpg; 7874_12.jpg; 7932_8.jpg; 6631_22.jpg; 7071_10.jpg
8039,[중고] VAT 65040-JACG-0001 PENDULUM VALVE 팬들럼 펜들럼 밸브,[Used] VAT 65040-JACG-0001 PENDULUM VALVE Pendulum valve,65040-JACG-0001,3300000,3014.55,VAT,vacuum valve,,8039_1.jpg; 8039_1.jpg; 8039_3.jpg; 8039_1.jpg; 8039_1.jpg; 8039_6.jpg; 8039_7.jpg; 8039_8.jpg; 7717_19.jpg; 7717_13.jpg; 7717_14.jpg; 7717_20.jpg; 7717_17.jpg; 7717_10.jpg; 7717_15.jpg; 7717_10.jpg; 7717_9.jpg; 7717_24.jpg; 7717_11.jpg; 7717_13.jpg; 7717_8.jpg; 7717_18.jpg; 8039_1.jpg; 8039_3.jpg; 7717_21.jpg; 7860_33.jpg; 7366_15.jpg; 6802_24.jpg; 7934_23.jpg; 7796_23.jpg; 7142_11.jpg; 7874_12.jpg; 7932_8.jpg; 6631_22.jpg
7821,[중고] DRT2-MD32ML OMRON,[Used] DRT2-MD32ML OMRON,DRT2-MD32ML,44000,40.19,OMRON,communication module,,7821_1.jpg; 7821_1.jpg; 7821_3.jpg; 7821_1.jpg; 7821_1.jpg; 7821_6.jpg; 8060_9.jpg; 7918_10.jpg; 7821_9.jpg; 7821_10.jpg; 7821_11.jpg; 7821_12.jpg; 7821_13.jpg; 7918_20.jpg; 7821_15.jpg; 7821_16.jpg; 7918_14.jpg; 7821_18.jpg; 8060_15.jpg; 8065_11.jpg; 7821_1.jpg; 7821_3.jpg; 7821_23.jpg; 7717_21.jpg; 7860_33.jpg; 7366_15.jpg; 6802_24.jpg; 7934_23.jpg; 7796_23.jpg; 7142_11.jpg; 7874_12.jpg; 7932_8.jpg
7438,[중고] MA901 8FK09-VV-4*ABN-N4/N/Y 온도콘트롤러 온도컨트롤러 디지털 인디케이터 인디케이터 indicator,[Used] MA901 8FK09-VV-4*ABN-N4/N/Y temperature controller temperature controller digital indicator indicator indicator,MA901,110000,100.48,,Temperature controller/indicator,,7438_1.jpg; 7438_1.jpg; 7438_3.jpg; 7438_1.jpg; 7438_1.jpg; 7438_6.jpg; 5694_7.jpg; 6804_11.jpg; 6804_9.jpg; 7489_17.jpg; 6804_19.jpg; 7489_13.jpg; 7236_16.jpg; 7474_24.jpg; 5599_9.jpg; 6804_20.jpg; 7474_14.jpg; 5599_17.jpg; 7366_15.jpg; 6804_7.jpg; 7438_1.jpg; 7438_3.jpg; 5694_16.jpg; 7821_23.jpg; 7717_21.jpg; 7860_33.jpg; 7366_15.jpg; 6802_24.jpg; 7934_23.jpg; 7796_23.jpg; 7142_11.jpg; 7874_12.jpg
7688,[중고] VAT 437129/****(A-1250789) Slit valve,[Used] VAT 437129/****(A-1250789) Slit valve,A-1250789,660000,602.91,VAT,vacuum valve,,7688_1.jpg; 7688_1.jpg; 7688_3.jpg; 7688_1.jpg; 7688_5.jpg; 7688_6.jpg; 7688_7.jpg; 7688_8.jpg; 7688_9.jpg; 7688_10.jpg; 7688_11.jpg; 7688_12.jpg; 7688_13.jpg; 7688_14.jpg; 7688_15.jpg; 7688_16.jpg; 7688_17.jpg; 7842_7.jpg; 7842_8.jpg; 7688_14.jpg; 7688_21.jpg; 7688_1.jpg; 7688_3.jpg; 7688_14.jpg; 5694_16.jpg; 7821_23.jpg; 7717_21.jpg; 7860_33.jpg; 7366_15.jpg; 6802_24.jpg; 7934_23.jpg; 7796_23.jpg; 7142_11.jpg
6262,[중고] MKS PDR-C-1C-BCD,[Used] MKS PDR-C-1C-BCD,PDR-C-1C-BCD,330000,301.45,MKS,Pressure controller/gas analyzer,,6262_1.jpg; 6262_2.jpg; 6262_1.jpg; 6262_4.jpg; 6262_5.jpg; 7789_11.jpg; 6235_16.jpg; 7789_20.jpg; 6262_9.jpg; 7640_18.jpg; 7789_15.jpg; 7789_18.jpg; 7789_9.jpg; 6235_15.jpg; 7789_8.jpg; 7789_16.jpg; 6235_19.jpg; 7789_19.jpg; 6262_1.jpg; 6262_2.jpg; 7789_9.jpg; 7688_14.jpg; 5694_16.jpg; 7821_23.jpg; 7717_21.jpg; 7860_33.jpg; 7366_15.jpg; 6802_24.jpg; 7934_23.jpg; 7796_23.jpg
7889,[중고] ULVAC C30MT CRYOGENICS,[Used] ULVAC C30MT CRYOGENICS,C30MT,2200000,2009.7,,vacuum pump,,7889_1.jpg; 7889_1.jpg; 7889_3.jpg; 7889_1.jpg; 7889_1.jpg; 7889_6.jpg; 7889_7.jpg; 7889_8.jpg; 7889_9.jpg; 7889_10.jpg; 7889_11.jpg; 7889_12.jpg; 7889_1.jpg; 7889_3.jpg; 4596_23.jpg; 7789_9.jpg; 7688_14.jpg; 5694_16.jpg; 7821_23.jpg; 7717_21.jpg; 7860_33.jpg; 7366_15.jpg; 6802_24.jpg; 7934_23.jpg
4596,[중고] NEOCam-2000HS NEOCam-2000HC,[Used] NEOCam-2000HS NEOCam-2000HC,NEOCam-2000HS,220000,200.97,,Industrial Cameras/Lens/Lighting,,4596_1.jpg; 4596_1.jpg; 4596_3.jpg; 4596_1.jpg; 4596_5.jpg; 4596_6.jpg; 4594_7.jpg; 5131_10.jpg; 5131_13.jpg; 5131_22.jpg; 4594_6.jpg; 5131_18.jpg; 5463_11.jpg; 4596_14.jpg; 5463_16.jpg; 5131_19.jpg; 5131_12.jpg; 5131_7.jpg; 5463_13.jpg; 4596_1.jpg; 4596_3.jpg; 5131_17.jpg; 4596_23.jpg; 7789_9.jpg; 7688_14.jpg; 5694_16.jpg; 7821_23.jpg; 7717_21.jpg; 7860_33.jpg; 7366_15.jpg; 6802_24.jpg
7931,[중고] BTP-02 BNT2011-0212 티칭팬던트 Teaching Pendant 조작기 티칭박스,[Used] BTP-02 BNT2011-0212 Teaching Pendant Manipulator Teaching Box,BTP-02,220000,200.97,,"Wafer transfer robot, aligner",,7931_1.jpg; 7931_1.jpg; 7931_3.jpg; 7931_1.jpg; 7931_1.jpg; 7931_6.jpg; 7931_7.jpg; 7923_12.jpg; 7932_9.jpg; 7932_13.jpg; 7932_11.jpg; 7932_19.jpg; 7932_18.jpg; 7932_10.jpg; 7930_17.jpg; 7930_10.jpg; 7923_10.jpg; 7923_15.jpg; 7931_19.jpg; 7920_24.jpg; 7920_15.jpg; 7931_1.jpg; 7931_3.jpg; 7932_17.jpg; 5131_17.jpg; 4596_23.jpg; 7789_9.jpg; 7688_14.jpg; 5694_16.jpg; 7821_23.jpg; 7717_21.jpg; 7860_33.jpg; 7366_15.jpg
5522,[중고] ALPHA 스트로크800mm 리드10mm THK LM ACTUATOR 엑츄에이터 자작 DIY CNC부품 3D프린터 제작 자동화 부품 AR230-PU2-800(910)-1KN-N-V1-S,[Used] ALPHA stroke 800mm lead 10mm THK LM ACTUATOR actuator self-made DIY CNC parts 3D printer manufacturing automation parts AR230-PU2-800(910)-1KN-N-V1-S,스트로크800mm,550000,502.42,THK,Cartesian robot/actuator,,5522_1.jpg; 5522_1.jpg; 5522_3.jpg; 5522_1.jpg; 5274_17.jpg; 6931_14.jpg; 6931_6.jpg; 7650_17.jpg; 5769_22.jpg; 7215_25.jpg; 7650_22.jpg; 7215_23.jpg; 5274_13.jpg; 7650_14.jpg; 7634_23.jpg; 7215_15.jpg; 7215_27.jpg; 5769_17.jpg; 5522_1.jpg; 5522_3.jpg; 7215_17.jpg; 7932_17.jpg; 5131_17.jpg; 4596_23.jpg; 7789_9.jpg; 7688_14.jpg; 5694_16.jpg; 7821_23.jpg; 7717_21.jpg; 7860_33.jpg
7730,[중고] JUSP-NS600 야스카와 서보 서보드라이버 SERVO Driver 서보앰프 시그마 Yaskawa 자동화 산업용 자동화부품 조각기 3D프린터 부품,[Used] JUSP-NS600 Yaskawa Servo Servo Driver SERVO Driver Servo Amplifier Sigma Yaskawa Automation Industrial Automation Parts Engraver 3D Printer Parts,JUSP-NS600,77000,70.34,YASKAWA,Servo motor/servo driver,,7730_1.jpg; 7730_1.jpg; 7730_3.jpg; 7730_1.jpg; 7730_1.jpg; 7730_6.jpg; 7730_7.jpg; 7727_10.jpg; 7730_9.jpg; 7730_10.jpg; 7730_11.jpg; 7727_23.jpg; 7727_11.jpg; 7727_20.jpg; 7730_15.jpg; 7730_16.jpg; 7730_17.jpg; 7730_18.jpg; 7730_19.jpg; 7730_20.jpg; 7730_1.jpg; 7730_3.jpg; 5839_13.jpg; 7932_17.jpg; 5131_17.jpg; 4596_23.jpg; 7789_9.jpg; 7688_14.jpg; 5694_16.jpg; 7821_23.jpg; 7717_21.jpg; 7860_33.jpg
5839,[중고] SweeperII ULTRASONIC GENERATOR 초음파 제너레이터,[Used] SweeperII ULTRASONIC GENERATOR ultrasonic generator,,330000,301.45,,ultrasonic generator,,5839_1.jpg; 5839_1.jpg; 5839_3.jpg; 5839_1.jpg; 5839_1.jpg; 5839_6.jpg; 5839_7.jpg; 5839_8.jpg; 5839_9.jpg; 5839_1.jpg; 5839_3.jpg; 5839_12.jpg; 5839_13.jpg; 7932_17.jpg; 5131_17.jpg; 4596_23.jpg; 7789_9.jpg; 7688_14.jpg; 5694_16.jpg; 7821_23.jpg; 7717_21.jpg
8006,[중고] TAKEX SEF-SR0A SAFETY RELAY,[Used] TAKEX SEF-SR0A SAFETY RELAY,SEF-SR0A,33000,30.15,,Electrical parts and other,,8006_1.jpg; 8006_1.jpg; 8006_3.jpg; 8006_1.jpg; 8006_1.jpg; 8006_6.jpg; 8006_7.jpg; 7483_10.jpg; 8059_19.jpg; 7483_9.jpg; 7483_13.jpg; 7483_12.jpg; 7483_14.jpg; 8059_15.jpg; 7483_17.jpg; 8006_16.jpg; 7483_19.jpg; 7483_16.jpg; 8006_19.jpg; 7483_20.jpg; 7483_18.jpg; 8006_1.jpg; 8006_3.jpg; 8059_14.jpg; 5839_12.jpg; 5839_13.jpg; 7932_17.jpg; 5131_17.jpg; 4596_23.jpg; 7789_9.jpg; 7688_14.jpg; 5694_16.jpg; 7821_23.jpg
3484,[중고] SURUGA SEIKI XZ+Tilt axis Stage (60x60mm),[Used] SURUGA SEIKI XZ+Tilt axis Stage (60x60mm),60x60mm,66000,60.29,,Precision stage,,3484_1.jpg; 3484_1.jpg; 3484_3.jpg; 3484_1.jpg; 3484_5.jpg; 3484_6.jpg; 3484_1.jpg; 3484_3.jpg; 3484_9.jpg; 8059_14.jpg; 5839_12.jpg; 5839_13.jpg; 7932_17.jpg; 5131_17.jpg; 4596_23.jpg; 7789_9.jpg; 7688_14.jpg; 5694_16.jpg
5817,[중고] Brooks Aligner 002-7391-08 002-7391-08R 002-7391-21 002-7391-07 171168 Wafer Aligner 얼라이너 prealigner 프리얼라이너 웨이퍼,[Used] Brooks Aligner 002-7391-08 002-7391-08R 002-7391-21 002-7391-07 171168 Wafer Aligner Aligner prealigner Prealigner Wafer,002-7391-08R,1210000,1105.34,BROOKS,semiconductor equipment,,5817_1.jpg; 5817_1.jpg; 5817_3.jpg; 5817_1.jpg; 5817_5.jpg; 5729_9.jpg; 8029_14.jpg; 5729_18.jpg; 7440_19.jpg; 7440_21.jpg; 8029_15.jpg; 7440_14.jpg; 8050_13.jpg; 5729_12.jpg; 8029_23.jpg; 8050_9.jpg; 7934_21.jpg; 6631_18.jpg; 6631_23.jpg; 5817_1.jpg; 5817_3.jpg; 8029_19.jpg; 3484_9.jpg; 8059_14.jpg; 5839_12.jpg; 5839_13.jpg; 7932_17.jpg; 5131_17.jpg; 4596_23.jpg; 7789_9.jpg; 7688_14.jpg
4871,[중고] MICRO-IMAGECHCKER M100 CONTROLLER ANM100T05,[Used] MICRO-IMAGECHCKER M100 CONTROLLER ANM100T05,M100,220000,200.97,,Industrial Cameras/Lens/Lighting,,4871_1.jpg; 4871_1.jpg; 4871_3.jpg; 4871_1.jpg; 4871_5.jpg; 5571_10.jpg; 5571_11.jpg; 5571_8.jpg; 5571_15.jpg; 5571_7.jpg; 5571_9.jpg; 4871_1.jpg; 4871_3.jpg; 5571_12.jpg; 8029_19.jpg; 3484_9.jpg; 8059_14.jpg; 5839_12.jpg; 5839_13.jpg; 7932_17.jpg; 5131_17.jpg; 4596_23.jpg; 7789_9.jpg
7895,[중고] QMB1200 Edwards Mechanical Booster,[Used] QMB1200 Edwards Mechanical Booster,QMB1200,1650000,1507.27,EDWARDS,vacuum pump,,7895_1.jpg; 7895_1.jpg; 7895_3.jpg; 7895_1.jpg; 7895_1.jpg; 7895_6.jpg; 7895_7.jpg; 7892_12.jpg; 7892_8.jpg; 7895_1.jpg; 7895_3.jpg; 7892_9.jpg; 8029_19.jpg; 3484_9.jpg; 8059_14.jpg; 5839_12.jpg; 5839_13.jpg; 7932_17.jpg; 5131_17.jpg; 4596_23.jpg; 7789_9.jpg
5122,[중고] HAMAMATSU C4742,[Used] HAMAMATSU C4742,C4742,330000,301.45,,Industrial Cameras/Lens/Lighting,,5122_1.jpg; 5122_1.jpg; 5122_3.jpg; 5122_1.jpg; 5122_1.jpg; 5122_6.jpg; 5131_14.jpg; 5463_9.jpg; 5463_16.jpg; 5463_18.jpg; 4596_14.jpg; 5131_17.jpg; 5131_9.jpg; 4594_9.jpg; 5122_15.jpg; 5463_11.jpg; 5463_17.jpg; 5463_14.jpg; 4594_16.jpg; 5131_11.jpg; 5122_1.jpg; 5122_3.jpg; 5131_19.jpg; 5571_12.jpg; 8029_19.jpg; 3484_9.jpg; 8059_14.jpg; 5839_12.jpg; 5839_13.jpg; 7932_17.jpg; 5131_17.jpg; 4596_23.jpg
6582,[중고] SSP20-TF NB (길이1360mm/블럭2개) LM가이드 엘엠가이드 LM GUIDE THK IKO NSK 자동화부품 정밀부품 조각기 3D프린터 제작부품 삼익THK 베어링,[Used] SSP20-TF NB (Length 1360mm/2 blocks) LM Guide LM Guide LM GUIDE THK IKO NSK Automation Parts Precision Parts Engraver 3D Printer Manufacturing Parts Samick THK Bearing,SSP20-TF,66000,60.29,THK,LM GUIDE / BUSHING,,6582_1.jpg; 6582_1.jpg; 6582_3.jpg; 6582_1.jpg; 6582_1.jpg; 6582_6.jpg; 5737_7.jpg; 5737_10.jpg; 5737_6.jpg; 5737_8.jpg; 5737_13.jpg; 6582_1.jpg; 6582_3.jpg; 5737_9.jpg; 5131_19.jpg; 5571_12.jpg; 8029_19.jpg; 3484_9.jpg; 8059_14.jpg; 5839_12.jpg; 5839_13.jpg; 7932_17.jpg; 5131_17.jpg
7736,[중고] PY2E015A3MH1P00 / P50B03003PXS01UW,[Used] PY2E015A3MH1P00 / P50B03003PXS01UW,PY2E015A3MH1P00,385000,351.7,YASKAWA,Servo motor/servo driver,,7736_1.jpg; 7736_1.jpg; 7736_3.jpg; 7736_1.jpg; 7736_1.jpg; 7736_6.jpg; 7736_7.jpg; 7628_21.jpg; 7736_9.jpg; 7883_24.jpg; 7628_18.jpg; 7628_9.jpg; 7628_20.jpg; 7628_13.jpg; 7736_15.jpg; 7628_15.jpg; 7628_22.jpg; 7736_18.jpg; 7736_19.jpg; 7628_14.jpg; 7628_16.jpg; 7736_1.jpg; 7736_3.jpg; 7628_10.jpg; 5737_9.jpg; 5131_19.jpg; 5571_12.jpg; 8029_19.jpg; 3484_9.jpg; 8059_14.jpg; 5839_12.jpg; 5839_13.jpg; 7932_17.jpg
7935,[중고] VTEX ROLLCAM Slit Valve 200mm,[Used] VTEX ROLLCAM Slit Valve 200mm,200mm,550000,502.42,,vacuum valve,,7935_1.jpg; 7935_1.jpg; 7935_3.jpg; 7935_1.jpg; 7935_1.jpg; 7935_6.jpg; 7935_7.jpg; 7772_8.jpg; 7772_15.jpg; 7772_11.jpg; 7772_12.jpg; 7772_10.jpg; 7935_1.jpg; 7935_3.jpg; 7772_9.jpg; 7628_10.jpg; 5737_9.jpg; 5131_19.jpg; 5571_12.jpg; 8029_19.jpg; 3484_9.jpg; 8059_14.jpg; 5839_12.jpg; 5839_13.jpg
7806,[중고] Bede scientific Minicam 3 Interface,[Used] Bede scientific Minicam 3 Interface,,550000,502.42,,Controller/Other,,7806_1.jpg; 7806_1.jpg; 7806_3.jpg; 7806_1.jpg; 7806_1.jpg; 7806_6.jpg; 7806_7.jpg; 8052_18.jpg; 8052_8.jpg; 8052_9.jpg; 8052_12.jpg; 8052_20.jpg; 8052_13.jpg; 8052_16.jpg; 5463_25.jpg; 8052_19.jpg; 8052_17.jpg; 8052_14.jpg; 8052_11.jpg; 8052_10.jpg; 7806_1.jpg; 7806_3.jpg; 8052_15.jpg; 7628_10.jpg; 5737_9.jpg; 5131_19.jpg; 5571_12.jpg; 8029_19.jpg; 3484_9.jpg; 8059_14.jpg; 5839_12.jpg; 5839_13.jpg
7676,[중고] MKS Type DPC DUAL-ZONE DPCA51T51C611 DPCA51T51C612 DPCA51T51C613 He,[Used] MKS Type DPC DUAL-ZONE DPCA51T51C611 DPCA51T51C612 DPCA51T51C613 He,DPCA51T51C611,220000,200.97,MKS,MFC/MFM,,7676_1.jpg; 7676_1.jpg; 7676_3.jpg; 7676_1.jpg; 7676_1.jpg; 7676_6.jpg; 7676_7.jpg; 7676_8.jpg; 7676_9.jpg; 7676_10.jpg; 7676_11.jpg; 7676_12.jpg; 7676_13.jpg; 7676_14.jpg; 7676_15.jpg; 7676_16.jpg; 7676_1.jpg; 7676_3.jpg; 7676_19.jpg; 8052_15.jpg; 7628_10.jpg; 5737_9.jpg; 5131_19.jpg; 5571_12.jpg; 8029_19.jpg; 3484_9.jpg; 8059_14.jpg; 5839_12.jpg
6505,[중고] AE M/N 3155162-046B 3155999-061A MATCH,[Used] AE M/N 3155162-046B 3155999-061A MATCH,3155162-046B,2200000,2009.7,,RF/DC/MATCH,,6505_1.jpg; 6505_1.jpg; 6505_3.jpg; 6505_1.jpg; 6505_1.jpg; 6505_6.jpg; 6505_7.jpg; 6594_9.jpg; 6594_18.jpg; 6594_13.jpg; 6512_22.jpg; 6503_18.jpg; 6512_15.jpg; 6594_15.jpg; 6594_10.jpg; 6512_16.jpg; 6594_8.jpg; 6594_20.jpg; 6594_24.jpg; 6594_12.jpg; 6594_21.jpg; 6505_1.jpg; 6505_3.jpg; 6594_17.jpg; 7676_19.jpg; 8052_15.jpg; 7628_10.jpg; 5737_9.jpg; 5131_19.jpg; 5571_12.jpg; 8029_19.jpg; 3484_9.jpg; 8059_14.jpg
7669,[중고] AGP3750-T1-AF Proface 프로페이스 터치스크린,[Used] AGP3750-T1-AF Proface Touch Screen,AGP3750-T1-AF,1100000,1004.85,,touch screen,,7669_1.jpg; 7669_1.jpg; 7669_3.jpg; 7669_1.jpg; 7669_1.jpg; 7669_6.jpg; 7669_7.jpg; 7669_8.jpg; 7669_9.jpg; 7669_10.jpg; 7669_11.jpg; 7669_12.jpg; 7669_13.jpg; 7669_14.jpg; 7669_15.jpg; 7669_16.jpg; 7669_17.jpg; 7669_18.jpg; 7669_19.jpg; 7669_20.jpg; 7669_1.jpg; 7669_3.jpg; 7669_23.jpg; 6594_17.jpg; 7676_19.jpg; 8052_15.jpg; 7628_10.jpg; 5737_9.jpg; 5131_19.jpg; 5571_12.jpg; 8029_19.jpg; 3484_9.jpg
6936,[중고] MT506LV3EV,[Used] MT506LV3EV,MT506LV3EV,110000,100.48,,touch screen,,6936_1.jpg; 6936_1.jpg; 6936_3.jpg; 6936_1.jpg; 6936_1.jpg; 6936_6.jpg; 6936_7.jpg; 6936_8.jpg; 7634_16.jpg; 7634_8.jpg; 7634_17.jpg; 7634_12.jpg; 7634_10.jpg; 7634_14.jpg; 7634_19.jpg; 7634_9.jpg; 7634_15.jpg; 7634_18.jpg; 7634_13.jpg; 7634_22.jpg; 6936_1.jpg; 6936_3.jpg; 7634_11.jpg; 7669_23.jpg; 6594_17.jpg; 7676_19.jpg; 8052_15.jpg; 7628_10.jpg; 5737_9.jpg; 5131_19.jpg; 5571_12.jpg; 8029_19.jpg
6821,[중고] OMRON E5ZD-SDL2-X 온도콘트롤러 온도컨트롤러 디지털 인디케이터 인디케이터 indicator,[Used] OMRON E5ZD-SDL2-X temperature controller temperature controller digital indicator indicator indicator,E5ZD-SDL2-X,44000,40.19,OMRON,Temperature controller/indicator,,6821_1.jpg; 6821_1.jpg; 6821_3.jpg; 6821_1.jpg; 6821_5.jpg; 6821_6.jpg; 6821_7.jpg; 6821_8.jpg; 6821_1.jpg; 6821_10.jpg; 6802_19.jpg; 6802_15.jpg; 6802_10.jpg; 7474_9.jpg; 6821_15.jpg; 5599_21.jpg; 7366_15.jpg; 6821_18.jpg; 7474_17.jpg; 5694_8.jpg; 7474_20.jpg; 7489_12.jpg; 7236_17.jpg; 5694_14.jpg; 6821_1.jpg; 6821_3.jpg; 6821_27.jpg; 7634_11.jpg; 7669_23.jpg; 6594_17.jpg; 7676_19.jpg; 8052_15.jpg; 7628_10.jpg; 5737_9.jpg; 5131_19.jpg; 5571_12.jpg
7068,[중고] MCR-S-10-50-UI-SW-DCI PHOENIX CONTACT,[Used] MCR-S-10-50-UI-SW-DCI PHOENIX CONTACT,MCR-S-10-50-UI-SW-DCI,44000,40.19,,Electrical parts and other,,7068_1.jpg; 7068_1.jpg; 7068_3.jpg; 7068_1.jpg; 7068_1.jpg; 7068_6.jpg; 7483_20.jpg; 7483_13.jpg; 7483_14.jpg; 7483_17.jpg; 8059_9.jpg; 8059_7.jpg; 8059_15.jpg; 7483_21.jpg; 7483_12.jpg; 7483_15.jpg; 7068_17.jpg; 7068_18.jpg; 7483_16.jpg; 7483_18.jpg; 7068_1.jpg; 7068_3.jpg; 8006_19.jpg; 6821_27.jpg; 7634_11.jpg; 7669_23.jpg; 6594_17.jpg; 7676_19.jpg; 8052_15.jpg; 7628_10.jpg; 5737_9.jpg; 5131_19.jpg
7944,[미사용] XLC-40-2M9BA SMC 고진공 앵글밸브,[Unused] XLC-40-2M9BA SMC high vacuum angle valve,XLC-40-2M9BA,220000,200.97,,vacuum valve,,7944_1.jpg; 7944_1.jpg; 7944_3.jpg; 7944_1.jpg; 7944_1.jpg; 7944_6.jpg; 7944_7.jpg; 7942_16.jpg; 7942_20.jpg; 7942_21.jpg; 7942_18.jpg; 7942_11.jpg; 7942_15.jpg; 7942_10.jpg; 7942_13.jpg; 7942_9.jpg; 7942_24.jpg; 7942_19.jpg; 7942_8.jpg; 7942_12.jpg; 7942_14.jpg; 7944_1.jpg; 7944_3.jpg; 7942_17.jpg; 7944_25.jpg; 8006_19.jpg; 6821_27.jpg; 7634_11.jpg; 7669_23.jpg; 6594_17.jpg; 7676_19.jpg; 8052_15.jpg; 7628_10.jpg
7588,"[중고] HORIBA STEC SEF-7330 Series SEF-7330M NH3,SiH2Cl2 MFC","[Used] HORIBA STEC SEF-7330 Series SEF-7330M NH3,SiH2Cl2 MFC",SEF-7330,110000,100.48,,MFC/MFM,,7588_1.jpg; 7588_1.jpg; 7588_3.jpg; 7588_1.jpg; 7588_1.jpg; 7588_6.jpg; 7588_7.jpg; 7618_11.jpg; 7618_19.jpg; 7618_8.jpg; 7950_13.jpg; 7610_15.jpg; 7950_5.jpg; 7618_23.jpg; 7618_17.jpg; 7950_7.jpg; 7588_17.jpg; 7610_17.jpg; 7588_19.jpg; 7588_20.jpg; 7588_21.jpg; 7588_1.jpg; 7588_3.jpg; 7950_14.jpg; 7944_25.jpg; 8006_19.jpg; 6821_27.jpg; 7634_11.jpg; 7669_23.jpg; 6594_17.jpg; 7676_19.jpg; 8052_15.jpg; 7628_10.jpg
5971,[중고] S9GX10BL SPG기어드모터 감속기 기어헤드 인덕션모터 AC모터 AC기어드모터,[Used] S9GX10BL SPG geared motor reducer gear head induction motor AC motor AC geared motor,S9GX10BL,22000,20.1,,AC motor/geared motor/DC motor,,5971_1.jpg; 5971_1.jpg; 5971_3.jpg; 5971_1.jpg; 5971_5.jpg; 5378_19.jpg; 5972_14.jpg; 4735_7.jpg; 5972_10.jpg; 5388_11.jpg; 5383_8.jpg; 5975_20.jpg; 4735_18.jpg; 5401_9.jpg; 5388_14.jpg; 5383_7.jpg; 5388_17.jpg; 5401_15.jpg; 5972_11.jpg; 5971_1.jpg; 5971_3.jpg; 5971_22.jpg; 7950_14.jpg; 7944_25.jpg; 8006_19.jpg; 6821_27.jpg; 7634_11.jpg; 7669_23.jpg; 6594_17.jpg; 7676_19.jpg; 8052_15.jpg
7635,[미사용 새제품] PBA600F-24 (24V 27A) COSEL 코셀,[New unused product] PBA600F-24 (24V 27A) COSEL,PBA600F-24,220000,200.97,,Power supply SMPS,,7635_1.jpg; 7635_1.jpg; 7635_3.jpg; 7635_1.jpg; 7635_1.jpg; 7635_6.jpg; 7635_7.jpg; 7635_8.jpg; 7635_9.jpg; 7635_10.jpg; 7635_11.jpg; 7635_12.jpg; 7635_13.jpg; 7635_14.jpg; 7635_15.jpg; 7635_16.jpg; 7635_17.jpg; 7635_18.jpg; 7635_19.jpg; 7635_1.jpg; 7635_3.jpg; 7981_26.jpg; 5971_22.jpg; 7950_14.jpg; 7944_25.jpg; 8006_19.jpg; 6821_27.jpg; 7634_11.jpg; 7669_23.jpg; 6594_17.jpg; 7676_19.jpg
7981,[중고] GP270-LG11-24V 프로페이스 터치스크린 Pro-Face Proface,[Used] GP270-LG11-24V Pro Face Touch Screen Pro-Face Proface,GP270-LG11-24V,110000,100.48,,touch screen,,7981_1.jpg; 7981_1.jpg; 7981_3.jpg; 7981_1.jpg; 7981_1.jpg; 7981_6.jpg; 7981_7.jpg; 7981_8.jpg; 7669_23.jpg; 7981_10.jpg; 7981_11.jpg; 7981_12.jpg; 7669_9.jpg; 7669_15.jpg; 7669_13.jpg; 7669_14.jpg; 7981_17.jpg; 7669_12.jpg; 7981_19.jpg; 7669_19.jpg; 7981_21.jpg; 7669_8.jpg; 7981_1.jpg; 7981_3.jpg; 7669_17.jpg; 7981_26.jpg; 5971_22.jpg; 7950_14.jpg; 7944_25.jpg; 8006_19.jpg; 6821_27.jpg; 7634_11.jpg; 7669_23.jpg; 6594_17.jpg
7715,[중고] DX4-KCSNR 온도콘트롤러 온도컨트롤러 디지털 인디케이터 인디케이터 indicator,[Used] DX4-KCSNR temperature controller temperature controller digital indicator indicator indicator,DX4-KCSNR,22000,20.1,,Temperature controller/indicator,,7715_1.jpg; 7715_1.jpg; 7715_3.jpg; 7715_1.jpg; 7715_1.jpg; 7715_6.jpg; 7715_7.jpg; 5694_13.jpg; 7366_18.jpg; 6804_17.jpg; 7715_11.jpg; 6804_16.jpg; 5694_20.jpg; 6804_9.jpg; 7489_23.jpg; 7236_7.jpg; 7715_17.jpg; 7474_12.jpg; 7715_19.jpg; 7236_9.jpg; 7474_24.jpg; 7715_1.jpg; 7715_3.jpg; 7366_13.jpg; 7715_25.jpg; 7981_26.jpg; 5971_22.jpg; 7950_14.jpg; 7944_25.jpg; 8006_19.jpg; 6821_27.jpg; 7634_11.jpg; 7669_23.jpg
7753,[중고] SGMAS-02ACA21 야스카와 서보 서보모터 AC서보모터 YASKAWA 시그마 자동화부품 조각기 3D프린터 부품 산업용 자동화설비,[Used] SGMAS-02ACA21 YASKAWA Servo Servo Motor AC Servo Motor YASKAWA Sigma Automation Parts Engraver 3D Printer Parts Industrial Automation Equipment,SGMAS-02ACA21,88000,80.39,YASKAWA,Servo motor/servo driver,,7753_1.jpg; 7753_1.jpg; 7753_3.jpg; 7753_1.jpg; 7753_1.jpg; 7753_6.jpg; 7753_7.jpg; 7753_8.jpg; 7753_9.jpg; 7753_10.jpg; 7968_15.jpg; 7753_12.jpg; 7733_15.jpg; 7968_9.jpg; 7733_13.jpg; 7968_20.jpg; 7753_17.jpg; 7968_11.jpg; 7733_7.jpg; 7733_19.jpg; 7753_21.jpg; 7753_22.jpg; 7968_17.jpg; 7753_24.jpg; 7753_1.jpg; 7753_3.jpg; 7753_27.jpg; 7366_13.jpg; 7715_25.jpg; 7981_26.jpg; 5971_22.jpg; 7950_14.jpg; 7944_25.jpg; 8006_19.jpg; 6821_27.jpg; 7634_11.jpg
6267,[중고] MKS 152D-PO TYPE 152 AUTOMATIC PRESSURE CONTROLLER,[Used] MKS 152D-PO TYPE 152 AUTOMATIC PRESSURE CONTROLLER,152D-PO,330000,301.45,MKS,Pressure controller/gas analyzer,,6267_1.jpg; 6267_1.jpg; 6267_3.jpg; 6267_1.jpg; 6267_5.jpg; 7789_21.jpg; 6262_9.jpg; 6235_19.jpg; 7789_20.jpg; 6235_15.jpg; 7789_8.jpg; 7640_18.jpg; 7789_18.jpg; 7789_9.jpg; 7789_13.jpg; 7789_17.jpg; 6262_5.jpg; 7789_15.jpg; 6235_14.jpg; 6267_1.jpg; 6267_3.jpg; 7789_14.jpg; 7753_27.jpg; 7366_13.jpg; 7715_25.jpg; 7981_26.jpg; 5971_22.jpg; 7950_14.jpg; 7944_25.jpg; 8006_19.jpg; 6821_27.jpg
4784,[중고] X-Axis Stage (80 x 80),[Used] X-Axis Stage (80 x 80),,55000,50.24,,Precision stage,,4784_1.jpg; 4784_1.jpg; 4784_3.jpg; 4784_1.jpg; 4784_5.jpg; 3944_10.jpg; 3944_8.jpg; 3944_9.jpg; 3944_17.jpg; 3944_13.jpg; 3944_12.jpg; 3944_11.jpg; 3944_6.jpg; 3944_14.jpg; 4784_1.jpg; 4784_3.jpg; 3944_7.jpg; 7789_14.jpg; 7753_27.jpg; 7366_13.jpg; 7715_25.jpg; 7981_26.jpg; 5971_22.jpg; 7950_14.jpg; 7944_25.jpg; 8006_19.jpg
7898,[중고] PK246PA  PK245-02A PK244M-02AA  PX243M-01A  PX243-03AA  PK245-02B  PK245-02A,[Used] PK246PA PK245-02A PK244M-02AA PX243M-01A PX243-03AA PK245-02B PK245-02A,PK246PA,22000,20.1,,Stepping motor/driver/BLDC,,7898_1.jpg; 7898_1.jpg; 7898_3.jpg; 7898_1.jpg; 7898_1.jpg; 7898_6.jpg; 7870_34.jpg; 7898_8.jpg; 7868_22.jpg; 7868_19.jpg; 7899_24.jpg; 7868_26.jpg; 7899_21.jpg; 7899_15.jpg; 7868_25.jpg; 7899_10.jpg; 7899_12.jpg; 7906_19.jpg; 7870_39.jpg; 7906_9.jpg; 7898_1.jpg; 7898_3.jpg; 7906_18.jpg; 3944_7.jpg; 7789_14.jpg; 7753_27.jpg; 7366_13.jpg; 7715_25.jpg; 7981_26.jpg; 5971_22.jpg; 7950_14.jpg; 7944_25.jpg
7794,[중고] G4F-PP2D,[Used] G4F-PP2D,G4F-PP2D,165000,150.73,,PLC,,7794_1.jpg; 7794_1.jpg; 7794_3.jpg; 7794_1.jpg; 7794_1.jpg; 7794_6.jpg; 7796_14.jpg; 7794_8.jpg; 7794_9.jpg; 7797_8.jpg; 7797_15.jpg; 7796_18.jpg; 7794_13.jpg; 7796_9.jpg; 7797_14.jpg; 7797_18.jpg; 7797_20.jpg; 7797_12.jpg; 7796_23.jpg; 7794_20.jpg; 7794_1.jpg; 7794_3.jpg; 7794_23.jpg; 7906_18.jpg; 3944_7.jpg; 7789_14.jpg; 7753_27.jpg; 7366_13.jpg; 7715_25.jpg; 7981_26.jpg; 5971_22.jpg; 7950_14.jpg
5121,[중고] AXIS 210 CCTV 카메라 CCD 산업용카메라,[Used] AXIS 210 CCTV Camera CCD Industrial Camera,,440000,401.94,,Industrial Cameras/Lens/Lighting,,5121_1.jpg; 5121_1.jpg; 5121_3.jpg; 5121_1.jpg; 5121_1.jpg; 5121_6.jpg; 5463_18.jpg; 5131_11.jpg; 5463_11.jpg; 5131_7.jpg; 5131_14.jpg; 5131_9.jpg; 4594_13.jpg; 5131_19.jpg; 5131_13.jpg; 5463_21.jpg; 5463_17.jpg; 4594_16.jpg; 5131_12.jpg; 5463_14.jpg; 5121_1.jpg; 5121_3.jpg; 5131_10.jpg; 7794_23.jpg; 7906_18.jpg; 3944_7.jpg; 7789_14.jpg; 7753_27.jpg; 7366_13.jpg; 7715_25.jpg; 7981_26.jpg; 5971_22.jpg
5149,[중고] CHUO SEIKI X축 스테이지 Stroke:30mm 1축 스테이지 오토스테이지 정밀스테이지,[Used] CHUO SEIKI X-axis stage Stroke: 30mm 1-axis stage auto stage precision stage,Stroke:30mm,88000,80.39,,Precision stage,,5149_1.jpg; 5149_1.jpg; 5149_3.jpg; 5149_1.jpg; 5149_5.jpg; 5149_1.jpg; 5149_7.jpg; 3012_15.jpg; 3012_14.jpg; 3012_17.jpg; 3012_18.jpg; 3012_22.jpg; 3012_19.jpg; 3012_13.jpg; 5149_1.jpg; 5149_3.jpg; 3012_16.jpg; 5131_10.jpg; 7794_23.jpg; 7906_18.jpg; 3944_7.jpg; 7789_14.jpg; 7753_27.jpg; 7366_13.jpg; 7715_25.jpg; 7981_26.jpg
6831,[중고] 삼익 SC16UU 440mm 680mm 리니어부싱 환봉 리니어가이드 자동화부품 정밀부품 조각기 3D프린터 제작부품 삼익 THK 베어링,[Used] Samik SC16UU 440mm 680mm Linear Bushing Round Bar Linear Guide Automation Parts Precision Parts Engraver 3D Printer Manufacturing Parts Samik THK Bearing,SC16UU,33000,30.15,THK,LM GUIDE / BUSHING,,6831_1.jpg; 6831_1.jpg; 6831_3.jpg; 6831_1.jpg; 6831_1.jpg; 6831_6.jpg; 6831_7.jpg; 6831_8.jpg; 6831_9.jpg; 6831_10.jpg; 6831_1.jpg; 6831_3.jpg; 6831_13.jpg; 3012_16.jpg; 5131_10.jpg; 7794_23.jpg; 7906_18.jpg; 3944_7.jpg; 7789_14.jpg; 7753_27.jpg; 7366_13.jpg; 7715_25.jpg
5360,[중고] TAKEX NC300,[Used] TAKEX NC300,NC300,99000,90.44,,Industrial Cameras/Lens/Lighting,,5360_1.jpg; 5360_1.jpg; 5360_3.jpg; 5360_1.jpg; 5360_1.jpg; 5360_6.jpg; 5360_7.jpg; 5131_17.jpg; 5463_21.jpg; 5463_14.jpg; 5131_9.jpg; 5463_18.jpg; 5463_13.jpg; 5463_9.jpg; 4594_9.jpg; 4594_16.jpg; 5131_16.jpg; 5131_19.jpg; 5122_15.jpg; 5131_11.jpg; 5131_7.jpg; 5360_1.jpg; 5360_3.jpg; 4594_7.jpg; 6831_13.jpg; 3012_16.jpg; 5131_10.jpg; 7794_23.jpg; 7906_18.jpg; 3944_7.jpg; 7789_14.jpg; 7753_27.jpg; 7366_13.jpg
6243,[중고] ULVAC GI-M IONIZATION VACUUM GAUGE CONTROLLER,[Used] ULVAC GI-M IONIZATION VACUUM GAUGE CONTROLLER,,1100000,1004.85,,Pressure controller/gas analyzer,,6243_1.jpg; 6243_1.jpg; 6243_3.jpg; 6243_1.jpg; 6243_5.jpg; 7789_17.jpg; 7789_16.jpg; 7789_8.jpg; 6235_14.jpg; 7789_19.jpg; 7640_18.jpg; 7789_21.jpg; 7789_20.jpg; 6235_15.jpg; 7789_12.jpg; 6262_9.jpg; 7789_13.jpg; 6235_19.jpg; 7789_11.jpg; 6243_1.jpg; 6243_3.jpg; 6262_5.jpg; 6831_13.jpg; 3012_16.jpg; 5131_10.jpg; 7794_23.jpg; 7906_18.jpg; 3944_7.jpg; 7789_14.jpg; 7753_27.jpg; 7366_13.jpg
5592,"[중고] 1축 엑츄에이터 리드5mm 스트로크 1,520mm 자작/DIY CNC부품, 3D프린터 제작","[Used] 1-axis actuator lead 5mm stroke 1,520mm do-it-yourself/DIY CNC parts, 3D printer production",리드5mm,440000,401.94,YASKAWA,Cartesian robot/actuator,,5592_1.jpg; 5592_1.jpg; 5592_3.jpg; 5592_1.jpg; 7215_15.jpg; 7215_16.jpg; 5274_13.jpg; 7215_19.jpg; 6931_14.jpg; 5769_17.jpg; 7650_22.jpg; 7215_22.jpg; 7653_17.jpg; 7215_21.jpg; 6931_6.jpg; 5274_20.jpg; 7215_23.jpg; 5274_9.jpg; 5592_1.jpg; 5592_3.jpg; 6931_15.jpg; 6831_13.jpg; 3012_16.jpg; 5131_10.jpg; 7794_23.jpg; 7906_18.jpg; 3944_7.jpg; 7789_14.jpg; 7753_27.jpg; 7366_13.jpg
5384,[중고] S6R06GB SPG기어드모터 감속기 기어헤드 인덕션모터 AC모터 AC기어드모터,[Used] S6R06GB SPG geared motor reducer gear head induction motor AC motor AC geared motor,S6R06GB,22000,20.1,,AC motor/geared motor/DC motor,,5384_1.jpg; 5384_1.jpg; 5384_3.jpg; 5384_1.jpg; 5384_1.jpg; 5388_17.jpg; 5972_9.jpg; 5380_10.jpg; 5401_10.jpg; 4735_7.jpg; 5401_8.jpg; 5380_12.jpg; 5378_11.jpg; 5972_7.jpg; 5383_6.jpg; 5975_17.jpg; 5380_17.jpg; 5972_23.jpg; 5383_11.jpg; 5384_1.jpg; 5384_3.jpg; 5401_9.jpg; 6831_13.jpg; 3012_16.jpg; 5131_10.jpg; 7794_23.jpg; 7906_18.jpg; 3944_7.jpg; 7789_14.jpg; 7753_27.jpg; 7366_13.jpg
7237,[중고] OMRON E5ZN-SDL 디지털 인디케이터 인디케이터 indicator,[Used] OMRON E5ZN-SDL digital indicator indicator indicator,E5ZN-SDL,44000,40.19,OMRON,Temperature controller/indicator,,7237_1.jpg; 7237_1.jpg; 7237_3.jpg; 7237_1.jpg; 7237_1.jpg; 7237_6.jpg; 7474_8.jpg; 7474_13.jpg; 7366_19.jpg; 7489_8.jpg; 7554_13.jpg; 5694_14.jpg; 7715_17.jpg; 6804_13.jpg; 5694_13.jpg; 7366_7.jpg; 6804_16.jpg; 7474_21.jpg; 6821_27.jpg; 7489_13.jpg; 7237_1.jpg; 7237_3.jpg; 7474_14.jpg; 6262_5.jpg; 6831_13.jpg; 3012_16.jpg; 5131_10.jpg; 7794_23.jpg; 7906_18.jpg; 3944_7.jpg; 7789_14.jpg; 7753_27.jpg
7530,[중고] RORZE EFEM 2Port Load Port Yaskawa Robot,[Used] RORZE EFEM 2Port Load Port Yaskawa Robot,2Port,9900000,9043.65,RORZE,semiconductor equipment,,7530_1.jpg; 7530_1.jpg; 7530_3.jpg; 7530_1.jpg; 7530_5.jpg; 6631_13.jpg; 7530_7.jpg; 6632_16.jpg; 7530_1.jpg; 7530_3.jpg; 6632_10.jpg; 7474_14.jpg; 6262_5.jpg; 6831_13.jpg; 3012_16.jpg; 5131_10.jpg; 7794_23.jpg; 7906_18.jpg; 3944_7.jpg; 7789_14.jpg
8008,[중고] XPS-AR XPSAR311144P,[Used] XPS-AR XPSAR311144P,XPSAR311144P,55000,50.24,,Electrical parts and other,,8008_1.jpg; 8008_1.jpg; 8008_3.jpg; 8008_1.jpg; 8008_1.jpg; 8008_6.jpg; 7483_9.jpg; 7483_20.jpg; 7483_10.jpg; 7483_18.jpg; 7483_11.jpg; 7483_14.jpg; 8059_7.jpg; 7483_24.jpg; 8006_19.jpg; 7483_16.jpg; 7483_13.jpg; 7483_12.jpg; 7483_19.jpg; 8059_19.jpg; 8008_1.jpg; 8008_3.jpg; 7483_15.jpg; 6632_10.jpg; 7474_14.jpg; 6262_5.jpg; 6831_13.jpg; 3012_16.jpg; 5131_10.jpg; 7794_23.jpg; 7906_18.jpg; 3944_7.jpg
7716,[중고] VAT 65150-PHCH-BJR1 PENDULUM VALVE 팬들럼 펜들럼 밸브,[Used] VAT 65150-PHCH-BJR1 PENDULUM VALVE,65150-PHCH-BJR1,5500000,5024.25,VAT,vacuum valve,,7716_1.jpg; 7716_1.jpg; 7716_3.jpg; 7716_1.jpg; 7716_1.jpg; 7716_6.jpg; 7716_7.jpg; 7717_10.jpg; 7717_24.jpg; 7717_13.jpg; 7717_21.jpg; 7717_13.jpg; 7717_15.jpg; 7717_14.jpg; 7717_18.jpg; 7717_9.jpg; 7717_19.jpg; 7717_11.jpg; 7717_8.jpg; 7717_10.jpg; 7717_17.jpg; 7716_1.jpg; 7716_3.jpg; 7717_20.jpg; 7716_25.jpg; 7483_15.jpg; 6632_10.jpg; 7474_14.jpg; 6262_5.jpg; 6831_13.jpg; 3012_16.jpg; 5131_10.jpg; 7794_23.jpg
7912,[중고] ST-3804 CREVIS DeviceNet,[Used] ST-3804 CREVIS DeviceNet,ST-3804,44000,40.19,,communication module,,7912_1.jpg; 7912_1.jpg; 7912_3.jpg; 7912_1.jpg; 7912_1.jpg; 7912_6.jpg; 7912_7.jpg; 8060_12.jpg; 7912_9.jpg; 7821_23.jpg; 7912_11.jpg; 8060_10.jpg; 7918_10.jpg; 8060_18.jpg; 7912_15.jpg; 7918_12.jpg; 7918_8.jpg; 8065_11.jpg; 7912_19.jpg; 8060_15.jpg; 7912_1.jpg; 7912_3.jpg; 7840_24.jpg; 7716_25.jpg; 7483_15.jpg; 6632_10.jpg; 7474_14.jpg; 6262_5.jpg; 6831_13.jpg; 3012_16.jpg; 5131_10.jpg; 7794_23.jpg
7840,[중고] CKD MAGD4A-11D-W-1,[Used] CKD MAGD4A-11D-W-1,MAGD4A-11D-W-1,22000,20.1,,Gas valve/regulator/pressure gauge,,7840_1.jpg; 7840_1.jpg; 7840_3.jpg; 7840_1.jpg; 7840_1.jpg; 7840_6.jpg; 7840_7.jpg; 7840_8.jpg; 7840_9.jpg; 7840_10.jpg; 7840_11.jpg; 7840_12.jpg; 7840_13.jpg; 7840_14.jpg; 7840_15.jpg; 7840_16.jpg; 7840_17.jpg; 7840_18.jpg; 7840_19.jpg; 7840_20.jpg; 7840_1.jpg; 7840_3.jpg; 7840_23.jpg; 7840_24.jpg; 7716_25.jpg; 7483_15.jpg; 6632_10.jpg; 7474_14.jpg; 6262_5.jpg; 6831_13.jpg; 3012_16.jpg; 5131_10.jpg
7925,[중고] TT1ENR2-1-TVS-ES-BROOKS8 Brooks 티칭팬던트 Teaching Pendant 조작기 티칭박스,[Used] TT1ENR2-1-TVS-ES-BROOKS8 Brooks Teaching Pendant Manipulator Teaching Box,TT1ENR2-1-TVS-ES-BROOKS8,220000,200.97,BROOKS,"Wafer transfer robot, aligner",,7925_1.jpg; 7925_1.jpg; 7925_3.jpg; 7925_1.jpg; 7925_1.jpg; 7925_6.jpg; 7925_7.jpg; 7925_8.jpg; 7930_10.jpg; 7932_16.jpg; 7932_20.jpg; 7932_11.jpg; 7932_10.jpg; 7931_19.jpg; 7920_17.jpg; 7932_17.jpg; 7923_15.jpg; 7932_18.jpg; 7932_13.jpg; 7920_15.jpg; 7923_10.jpg; 7923_9.jpg; 7925_1.jpg; 7925_3.jpg; 7925_25.jpg; 7840_23.jpg; 7840_24.jpg; 7716_25.jpg; 7483_15.jpg; 6632_10.jpg; 7474_14.jpg; 6262_5.jpg; 6831_13.jpg; 3012_16.jpg
8031,[중고] Brooks Razor M-Phase Part#162800-0001 176978 156904 제어기 ATM 로봇  반도체 웨이퍼 핸들링 Wafer Handling,[Used] Brooks Razor M-Phase Part#162800-0001 176978 156904 Controller ATM Robot Semiconductor Wafer Handling Wafer Handling,Part#162800-0001,5500000,5024.25,BROOKS,"Wafer transfer robot, aligner",,8031_1.jpg; 8031_1.jpg; 8031_3.jpg; 8031_1.jpg; 8031_1.jpg; 8031_6.jpg; 8031_7.jpg; 8031_8.jpg; 8031_9.jpg; 8031_10.jpg; 7440_17.jpg; 8050_18.jpg; 8030_17.jpg; 6631_23.jpg; 5729_9.jpg; 7440_25.jpg; 8054_11.jpg; 8028_24.jpg; 8029_16.jpg; 7440_23.jpg; 8030_21.jpg; 7934_21.jpg; 8029_23.jpg; 7440_21.jpg; 8031_1.jpg; 8031_3.jpg; 8029_18.jpg; 7925_25.jpg; 7840_23.jpg; 7840_24.jpg; 7716_25.jpg; 7483_15.jpg; 6632_10.jpg; 7474_14.jpg; 6262_5.jpg; 6831_13.jpg
7548,[중고] Swagelok SS-44S6 BALL VALVE,[Used] Swagelok SS-44S6 BALL VALVE,SS-44S6,22000,20.1,,Valve/tube fitting parts,,7548_1.jpg; 7548_1.jpg; 7548_3.jpg; 7548_1.jpg; 7548_5.jpg; 7548_6.jpg; 7296_8.jpg; 7296_14.jpg; 7296_11.jpg; 7296_9.jpg; 7548_1.jpg; 7548_3.jpg; 7296_10.jpg; 8029_18.jpg; 7925_25.jpg; 7840_23.jpg; 7840_24.jpg; 7716_25.jpg; 7483_15.jpg; 6632_10.jpg; 7474_14.jpg; 6262_5.jpg
7325,[미사용] PR30-10AO 오토닉스 PROXIMITY 센서,[Unused] PR30-10AO Autonics PROXIMITY sensor,PR30-10AO,11000,10.05,,Sensors / various cables,,7325_1.jpg; 7325_1.jpg; 7325_3.jpg; 7325_1.jpg; 7325_1.jpg; 7325_6.jpg; 7325_7.jpg; 5991_14.jpg; 5287_12.jpg; 5991_17.jpg; 7325_11.jpg; 5161_15.jpg; 8036_18.jpg; 7325_14.jpg; 5159_17.jpg; 5161_11.jpg; 5609_15.jpg; 5161_7.jpg; 5609_17.jpg; 8022_9.jpg; 5991_15.jpg; 7325_1.jpg; 7325_3.jpg; 5609_12.jpg; 7296_10.jpg; 8029_18.jpg; 7925_25.jpg; 7840_23.jpg; 7840_24.jpg; 7716_25.jpg; 7483_15.jpg; 6632_10.jpg; 7474_14.jpg
5818,[중고] JEL Dual Arm C4000 제어기 ATM 로봇  반도체 웨이퍼 핸들링 Wafer Handling 로보트 200mm 8inch,[Used] JEL Dual Arm C4000 Controller ATM Robot Semiconductor Wafer Handling Wafer Handling Robot 200mm 8inch,C4000,1650000,1507.27,RORZE,semiconductor equipment,,5818_1.jpg; 5818_1.jpg; 5818_3.jpg; 5818_1.jpg; 5818_5.jpg; 5818_6.jpg; 5818_7.jpg; 5818_8.jpg; 5818_9.jpg; 5818_10.jpg; 7440_14.jpg; 8030_17.jpg; 8028_24.jpg; 6631_23.jpg; 8029_21.jpg; 7440_19.jpg; 8029_19.jpg; 5729_12.jpg; 8050_18.jpg; 8029_14.jpg; 7934_21.jpg; 8054_19.jpg; 7934_18.jpg; 8029_13.jpg; 5818_1.jpg; 5818_3.jpg; 6631_10.jpg; 5609_12.jpg; 7296_10.jpg; 8029_18.jpg; 7925_25.jpg; 7840_23.jpg; 7840_24.jpg; 7716_25.jpg; 7483_15.jpg; 6632_10.jpg
7645,[중고] SONY XC-ST30CE,[Used] SONY XC-ST30CE,XC-ST30CE,110000,100.48,,Industrial Cameras/Lens/Lighting,,7645_1.jpg; 7645_1.jpg; 7645_3.jpg; 7645_1.jpg; 7645_1.jpg; 7645_6.jpg; 7645_7.jpg; 5463_17.jpg; 5131_6.jpg; 5463_18.jpg; 4596_6.jpg; 5463_16.jpg; 5463_11.jpg; 5131_14.jpg; 4594_12.jpg; 5131_17.jpg; 5131_18.jpg; 5131_8.jpg; 5131_12.jpg; 5131_22.jpg; 5131_13.jpg; 7645_1.jpg; 7645_3.jpg; 4594_16.jpg; 6631_10.jpg; 5609_12.jpg; 7296_10.jpg; 8029_18.jpg; 7925_25.jpg; 7840_23.jpg; 7840_24.jpg; 7716_25.jpg; 7483_15.jpg
7869,[중고] PH569-B  PH566-A,[Used] PH569-B PH566-A,PH569-B,33000,30.15,,Stepping motor/driver/BLDC,,7869_1.jpg; 7869_1.jpg; 7869_3.jpg; 7869_1.jpg; 7869_1.jpg; 7869_6.jpg; 7899_17.jpg; 7899_8.jpg; 7870_39.jpg; 7868_19.jpg; 7868_22.jpg; 7899_9.jpg; 7869_13.jpg; 7899_12.jpg; 7899_18.jpg; 7906_7.jpg; 7869_17.jpg; 7906_12.jpg; 7899_13.jpg; 7906_9.jpg; 7869_1.jpg; 7869_3.jpg; 403_16.jpg; 4594_16.jpg; 6631_10.jpg; 5609_12.jpg; 7296_10.jpg; 8029_18.jpg; 7925_25.jpg; 7840_23.jpg; 7840_24.jpg; 7716_25.jpg
403,[중고] SV110iP5A-4NE (15마력) LS 인버터 정상작동 테스트완료,[Used] SV110iP5A-4NE (15 horsepower) LS inverter normal operation test completed,SV110iP5A-4NE,440000,401.94,,INVERTER,,403_1.jpg; 403_1.jpg; 403_3.jpg; 403_1.jpg; 403_1.jpg; 403_6.jpg; 682_12.jpg; 682_18.jpg; 682_13.jpg; 682_10.jpg; 682_11.jpg; 682_14.jpg; 403_1.jpg; 403_3.jpg; 682_15.jpg; 403_16.jpg; 4594_16.jpg; 6631_10.jpg; 5609_12.jpg; 7296_10.jpg; 8029_18.jpg; 7925_25.jpg; 7840_23.jpg; 7840_24.jpg
5983,[중고] OMRON E3X-DRT21-S E3X-DA8TW-S SENSOR COMMUNICATION UNIT,[Used] OMRON E3X-DRT21-S E3X-DA8TW-S SENSOR COMMUNICATION UNIT,E3X-DRT21-S,110000,100.48,OMRON,Sensors / various cables,,5983_1.jpg; 5983_1.jpg; 5983_3.jpg; 5983_1.jpg; 5983_1.jpg; 5983_6.jpg; 5983_7.jpg; 5991_11.jpg; 5609_15.jpg; 5186_11.jpg; 5163_13.jpg; 8036_23.jpg; 5983_13.jpg; 5159_17.jpg; 5983_15.jpg; 5609_16.jpg; 5609_10.jpg; 7325_11.jpg; 5161_15.jpg; 5987_16.jpg; 8036_18.jpg; 5983_1.jpg; 5983_3.jpg; 5991_16.jpg; 682_15.jpg; 403_16.jpg; 4594_16.jpg; 6631_10.jpg; 5609_12.jpg; 7296_10.jpg; 8029_18.jpg; 7925_25.jpg; 7840_23.jpg
5987,[중고] KEYENCE FS-V31 FS-V31P 화이버센서 FIBER 화이바센서 앰프,[Used] KEYENCE FS-V31 FS-V31P Fiber Sensor FIBER Fiber Sensor Amplifier,FS-V31,55000,50.24,,Sensors / various cables,,5987_1.jpg; 5987_1.jpg; 5987_3.jpg; 5987_1.jpg; 5987_1.jpg; 5987_6.jpg; 5161_15.jpg; 5159_20.jpg; 5287_12.jpg; 5609_15.jpg; 5163_19.jpg; 5991_9.jpg; 5609_22.jpg; 5609_18.jpg; 5609_19.jpg; 5987_16.jpg; 5983_15.jpg; 5991_8.jpg; 5609_14.jpg; 5159_10.jpg; 5987_1.jpg; 5987_3.jpg; 8022_17.jpg; 5991_16.jpg; 682_15.jpg; 403_16.jpg; 4594_16.jpg; 6631_10.jpg; 5609_12.jpg; 7296_10.jpg; 8029_18.jpg; 7925_25.jpg
7914,[중고] MIX-H16H11 RORZE,[Used] MIX-H16H11 RORZE,MIX-H16H11,55000,50.24,RORZE,communication module,,7914_1.jpg; 7914_1.jpg; 7914_3.jpg; 7914_1.jpg; 7914_1.jpg; 7914_6.jpg; 7914_7.jpg; 7914_8.jpg; 7914_9.jpg; 8065_23.jpg; 7914_11.jpg; 7914_12.jpg; 7918_20.jpg; 7821_12.jpg; 7914_15.jpg; 7914_16.jpg; 7918_9.jpg; 7914_18.jpg; 8060_13.jpg; 7914_20.jpg; 7914_1.jpg; 7914_3.jpg; 7918_12.jpg; 8022_17.jpg; 5991_16.jpg; 682_15.jpg; 403_16.jpg; 4594_16.jpg; 6631_10.jpg; 5609_12.jpg; 7296_10.jpg; 8029_18.jpg
7695,[중고] MKS Baratron Pressure Transducer 722A13TGA2FA 722A12TGA2FA 722A13TCD2FA 722A21TCD2FA 722A01TCD2FK 722A02TBA2FK 722A-23739 722A12TCD2FA 722A13TCE2FA 722A11TCE2FA,[Used] MKS Baratron Pressure Transducer 722A13TGA2FA 722A12TGA2FA 722A13TCD2FA 722A21TCD2FA 722A01TCD2FK 722A02TBA2FK 722A-23739 722A12TCD2FA 722A13TCE2FA 722A11TCE2FA,722A13TGA2FA,330000,301.45,MKS,vacuum gauge,,7695_1.jpg; 7695_1.jpg; 7695_3.jpg; 7695_1.jpg; 7695_1.jpg; 7695_6.jpg; 7561_9.jpg; 7561_8.jpg; 7465_9.jpg; 7818_21.jpg; 7561_13.jpg; 7561_10.jpg; 7561_17.jpg; 7561_19.jpg; 7465_11.jpg; 7465_20.jpg; 7561_18.jpg; 7561_15.jpg; 7142_20.jpg; 7465_17.jpg; 7695_1.jpg; 7695_3.jpg; 7465_10.jpg; 7918_12.jpg; 8022_17.jpg; 5991_16.jpg; 682_15.jpg; 403_16.jpg; 4594_16.jpg; 6631_10.jpg; 5609_12.jpg; 7296_10.jpg
7375,[중고] OMRON NE1A-SCPU01-V1Y/ NE1A-SCPU01-V1Y-SM / NE1A-SCPU02,[Used] OMRON NE1A-SCPU01-V1Y/ NE1A-SCPU01-V1Y-SM / NE1A-SCPU02,NE1A-SCPU01-V1Y/,99000,90.44,OMRON,communication module,,7375_1.jpg; 7375_1.jpg; 7375_3.jpg; 7375_1.jpg; 7375_1.jpg; 7375_6.jpg; 7375_7.jpg; 7375_8.jpg; 7918_9.jpg; 7821_12.jpg; 7914_9.jpg; 7375_12.jpg; 7821_11.jpg; 7375_14.jpg; 7375_15.jpg; 7918_15.jpg; 7914_20.jpg; 7914_15.jpg; 7375_19.jpg; 7375_20.jpg; 8065_8.jpg; 7375_1.jpg; 7375_3.jpg; 7375_24.jpg; 7465_10.jpg; 7918_12.jpg; 8022_17.jpg; 5991_16.jpg; 682_15.jpg; 403_16.jpg; 4594_16.jpg; 6631_10.jpg; 5609_12.jpg
7223,[중고] Genmark 4S0609563 PN 9800106831 GB Robot Version GB-5.07,[Used] Genmark 4S0609563 PN 9800106831 GB Robot Version GB-5.07,4S0609563,9900000,9043.65,,semiconductor equipment,,7223_1.jpg; 7223_1.jpg; 7223_3.jpg; 7223_1.jpg; 7223_5.jpg; 7440_21.jpg; 7440_17.jpg; 7440_19.jpg; 8050_13.jpg; 8029_28.jpg; 8029_19.jpg; 8029_13.jpg; 6631_21.jpg; 8030_21.jpg; 7292_16.jpg; 8029_18.jpg; 8029_23.jpg; 7934_18.jpg; 8029_17.jpg; 7223_1.jpg; 7223_3.jpg; 8029_15.jpg; 7465_10.jpg; 7918_12.jpg; 8022_17.jpg; 5991_16.jpg; 682_15.jpg; 403_16.jpg; 4594_16.jpg; 6631_10.jpg; 5609_12.jpg
7843,"[중고] 1축 엑츄에이터 스트로크 1,500mm 리드 10mm  ACTUATOR 엑츄에이터 자작 DIY CNC부품 3D프린터 제작 자동화 부품","[Used] 1-axis actuator stroke 1,500mm lead 10mm ACTUATOR actuator self-made DIY CNC parts 3D printer production automation parts","1,500mm",550000,502.42,,Cartesian robot/actuator,,7843_1.jpg; 7843_1.jpg; 7843_3.jpg; 7843_1.jpg; 7843_1.jpg; 7843_6.jpg; 7843_7.jpg; 7843_8.jpg; 6931_14.jpg; 6931_6.jpg; 5404_13.jpg; 7215_20.jpg; 7650_14.jpg; 5769_17.jpg; 5274_15.jpg; 7215_26.jpg; 7650_17.jpg; 5274_14.jpg; 7215_15.jpg; 7227_18.jpg; 5274_12.jpg; 7215_23.jpg; 7843_1.jpg; 7843_3.jpg; 5274_9.jpg; 8029_15.jpg; 7465_10.jpg; 7918_12.jpg; 8022_17.jpg; 5991_16.jpg; 682_15.jpg; 403_16.jpg; 4594_16.jpg; 6631_10.jpg
7786,[중고] TERA TVM-KF100 Circular gate valve,[Used] TERA TVM-KF100 Circular gate valve,TVM-KF100,330000,301.45,,vacuum valve,,7786_1.jpg; 7786_1.jpg; 7786_3.jpg; 7786_1.jpg; 7786_5.jpg; 7786_6.jpg; 7786_1.jpg; 7786_8.jpg; 7786_9.jpg; 7786_10.jpg; 7786_11.jpg; 7786_1.jpg; 7786_3.jpg; 7786_14.jpg; 5274_9.jpg; 8029_15.jpg; 7465_10.jpg; 7918_12.jpg; 8022_17.jpg; 5991_16.jpg; 682_15.jpg; 403_16.jpg; 4594_16.jpg
7218,[중고] DELL PRECISION R7610 서버 서버컴퓨터,[Used] DELL PRECISION R7610 Server Server Computer,R7610,220000,200.97,,Computer/Computer-related parts,,7218_1.jpg; 7218_1.jpg; 7218_3.jpg; 7218_1.jpg; 7218_1.jpg; 7218_6.jpg; 7218_7.jpg; 7218_8.jpg; 7218_9.jpg; 7218_10.jpg; 7218_11.jpg; 7218_12.jpg; 7218_13.jpg; 7218_14.jpg; 7218_1.jpg; 7218_3.jpg; 7218_17.jpg; 7786_14.jpg; 5274_9.jpg; 8029_15.jpg; 7465_10.jpg; 7918_12.jpg; 8022_17.jpg; 5991_16.jpg; 682_15.jpg; 403_16.jpg
7858,[중고] FESTO 솔레노이드밸브 UMPO-PR10-2HPS20-F1P-SA39286KR 솔밸브,[Used] FESTO solenoid valve UMPO-PR10-2HPS20-F1P-SA39286KR Solenoid valve,UMPO-PR10-2HPS20-F1P-SA39286KR,66000,60.29,,Pneumatic parts (PNEUMATIC),,7858_1.jpg; 7858_1.jpg; 7858_3.jpg; 7858_1.jpg; 7858_1.jpg; 7858_6.jpg; 7858_7.jpg; 7858_8.jpg; 7858_9.jpg; 7858_10.jpg; 7858_11.jpg; 7858_12.jpg; 7858_13.jpg; 7858_14.jpg; 7858_15.jpg; 7858_16.jpg; 7858_17.jpg; 7858_18.jpg; 7858_19.jpg; 7858_20.jpg; 7858_21.jpg; 7858_22.jpg; 7858_23.jpg; 7858_24.jpg; 7858_25.jpg; 7858_26.jpg; 7858_27.jpg; 7858_28.jpg; 7853_42.jpg; 7855_42.jpg; 5463_26.jpg; 7858_32.jpg; 7858_33.jpg; 7854_13.jpg; 7849_12.jpg; 7850_8.jpg; 7828_15.jpg; 7855_40.jpg; 7847_17.jpg; 7858_40.jpg; 7847_23.jpg; 7855_34.jpg; 7858_1.jpg; 7858_3.jpg; 7828_8.jpg; 7218_17.jpg; 7786_14.jpg; 5274_9.jpg; 8029_15.jpg; 7465_10.jpg; 7918_12.jpg; 8022_17.jpg; 5991_16.jpg; 682_15.jpg
7636,[중고] Fine Suntronix PSF600-48 (48V 13A) 파워써플라이 파워서플라이 POWER SUPPLY SMPS,[Used] Fine Suntronix PSF600-48 (48V 13A) Power supply Power supply POWER SUPPLY SMPS,PSF600-48,66000,60.29,,Power supply SMPS,,7636_1.jpg; 7636_1.jpg; 7636_3.jpg; 7636_1.jpg; 7636_1.jpg; 7636_6.jpg; 7598_10.jpg; 7598_13.jpg; 7598_7.jpg; 7598_9.jpg; 7636_1.jpg; 7636_3.jpg; 7598_8.jpg; 7828_8.jpg; 7218_17.jpg; 7786_14.jpg; 5274_9.jpg; 8029_15.jpg; 7465_10.jpg; 7918_12.jpg; 8022_17.jpg; 5991_16.jpg
7407,[중고] TZ4ST-24S 온도콘트롤러 온도컨트롤러 디지털 인디케이터 인디케이터 indicator,[Used] TZ4ST-24S temperature controller temperature controller digital indicator indicator indicator,TZ4ST-24S,22000,20.1,,Temperature controller/indicator,,7407_1.jpg; 7407_1.jpg; 7407_3.jpg; 7407_1.jpg; 7407_1.jpg; 7407_6.jpg; 6821_18.jpg; 7407_8.jpg; 7236_12.jpg; 7474_16.jpg; 7474_8.jpg; 6802_17.jpg; 5599_13.jpg; 5694_23.jpg; 7407_15.jpg; 7489_23.jpg; 7474_18.jpg; 5694_20.jpg; 7236_11.jpg; 7236_13.jpg; 7407_1.jpg; 7407_3.jpg; 7236_7.jpg; 7828_8.jpg; 7218_17.jpg; 7786_14.jpg; 5274_9.jpg; 8029_15.jpg; 7465_10.jpg; 7918_12.jpg; 8022_17.jpg; 5991_16.jpg
8051,"[중고] Genmark Robot (Gencobot GPR Series) GB8-MT Flipper, Wafer Aligner 제어기 ATM 로봇  반도체 웨이퍼 핸들링 Wafer Handling 로보트 200mm 300mm 8inch 12inch","[Used] Genmark Robot (Gencobot GPR Series) GB8-MT Flipper, Wafer Aligner Controller ATM Robot Semiconductor Wafer Handling Wafer Handling Robot 200mm 300mm 8inch 12inch",GB8-MT,4400000,4019.4,BROOKS,"Wafer transfer robot, aligner",,8051_1.jpg; 8051_1.jpg; 8051_3.jpg; 8051_1.jpg; 8051_1.jpg; 8051_6.jpg; 8051_7.jpg; 8051_8.jpg; 8030_13.jpg; 8054_11.jpg; 7440_24.jpg; 7440_18.jpg; 7440_20.jpg; 7440_29.jpg; 8054_19.jpg; 8050_13.jpg; 7934_21.jpg; 5729_19.jpg; 7440_15.jpg; 8029_15.jpg; 8054_21.jpg; 7440_17.jpg; 8051_1.jpg; 8051_3.jpg; 7934_22.jpg; 7236_7.jpg; 7828_8.jpg; 7218_17.jpg; 7786_14.jpg; 5274_9.jpg; 8029_15.jpg; 7465_10.jpg; 7918_12.jpg; 8022_17.jpg
7509,[중고] MATROX Gen/Pro PPC 925-0101 Rev.A GPG4N/500/256/2,[Used] MATROX Gen/Pro PPC 925-0101 Rev.A GPG4N/500/256/2,GPG4N/500/256/2,220000,200.97,,Computer/Computer-related parts,,7509_1.jpg; 7509_1.jpg; 7509_3.jpg; 7509_1.jpg; 7509_1.jpg; 7509_6.jpg; 7509_7.jpg; 6916_8.jpg; 7509_9.jpg; 7509_10.jpg; 7509_11.jpg; 7509_12.jpg; 6916_23.jpg; 7509_14.jpg; 7509_15.jpg; 7509_16.jpg; 7509_17.jpg; 6911_14.jpg; 7509_19.jpg; 7509_20.jpg; 7509_1.jpg; 7509_3.jpg; 5127_24.jpg; 7934_22.jpg; 7236_7.jpg; 7828_8.jpg; 7218_17.jpg; 7786_14.jpg; 5274_9.jpg; 8029_15.jpg; 7465_10.jpg; 7918_12.jpg
5127,[중고] PULNIX TM-200,[Used] PULNIX TM-200,TM-200,99000,90.44,,Industrial Cameras/Lens/Lighting,,5127_1.jpg; 5127_1.jpg; 5127_3.jpg; 5127_1.jpg; 5127_1.jpg; 5127_6.jpg; 5122_15.jpg; 5131_7.jpg; 4594_6.jpg; 5463_17.jpg; 5131_13.jpg; 5131_14.jpg; 5131_11.jpg; 5131_18.jpg; 5131_12.jpg; 4594_13.jpg; 5131_10.jpg; 5131_17.jpg; 5131_8.jpg; 4594_12.jpg; 5127_1.jpg; 5127_3.jpg; 5131_11.jpg; 5127_24.jpg; 7934_22.jpg; 7236_7.jpg; 7828_8.jpg; 7218_17.jpg; 7786_14.jpg; 5274_9.jpg; 8029_15.jpg; 7465_10.jpg
5731,[중고] Brooks Aligner 002-7391-08 002-7391-08R 002-7391-21 002-7391-07 171168 Wafer Aligner 얼라이너 prealigner 프리얼라이너 웨이퍼,[Used] Brooks Aligner 002-7391-08 002-7391-08R 002-7391-21 002-7391-07 171168 Wafer Aligner Aligner prealigner Prealigner Wafer,002-7391-08R,1210000,1105.34,BROOKS,semiconductor equipment,,5731_1.jpg; 5731_1.jpg; 5731_3.jpg; 5731_1.jpg; 5731_1.jpg; 5731_6.jpg; 5731_7.jpg; 5729_9.jpg; 5729_10.jpg; 5729_8.jpg; 5729_11.jpg; 5731_12.jpg; 7440_20.jpg; 5729_21.jpg; 5729_17.jpg; 5729_19.jpg; 5729_12.jpg; 7440_23.jpg; 5729_14.jpg; 5729_13.jpg; 5729_16.jpg; 5731_1.jpg; 5731_3.jpg; 5729_18.jpg; 5131_11.jpg; 5127_24.jpg; 7934_22.jpg; 7236_7.jpg; 7828_8.jpg; 7218_17.jpg; 7786_14.jpg; 5274_9.jpg; 8029_15.jpg
7945,[중고] SMC XLD-40/ XLD-40-M9NA/ XLD-40HO/ XLD-40-X1043/ XLD-40L/ XLD-40-X586/ XLD-40K/ XLD-40-M9BA/ XLD-40-M9PA  Angle valve 앵글밸브,[Used] SMC XLD-40/ XLD-40-M9NA/ XLD-40HO/ XLD-40-X1043/ XLD-40L/ angle valve,XLD-40/,110000,100.48,,vacuum valve,,7945_1.jpg; 7945_1.jpg; 7945_3.jpg; 7945_1.jpg; 7945_1.jpg; 7945_6.jpg; 7942_8.jpg; 7942_19.jpg; 7942_9.jpg; 7942_10.jpg; 7942_14.jpg; 7942_15.jpg; 7942_11.jpg; 7942_17.jpg; 7942_18.jpg; 7942_24.jpg; 7942_12.jpg; 7942_21.jpg; 7942_13.jpg; 7942_20.jpg; 7945_1.jpg; 7945_3.jpg; 7942_16.jpg; 5729_18.jpg; 5131_11.jpg; 5127_24.jpg; 7934_22.jpg; 7236_7.jpg; 7828_8.jpg; 7218_17.jpg; 7786_14.jpg; 5274_9.jpg
5831,[중고] Brooks MagnaTran 8(Mag 8) 제어기 ATM 로봇  반도체 웨이퍼 핸들링 Wafer Handling 로보트 200mm 300mm 8inch 12inch,[Used] Brooks MagnaTran 8 (Mag 8) Controller ATM Robot Semiconductor Wafer Handling Wafer Handling Robot 200mm 300mm 8inch 12inch,200mm,16500000,15072.75,BROOKS,semiconductor equipment,,5831_1.jpg; 5831_1.jpg; 5831_3.jpg; 5831_1.jpg; 5831_5.jpg; 7934_18.jpg; 5820_10.jpg; 8029_23.jpg; 8054_15.jpg; 8050_18.jpg; 5729_12.jpg; 8029_16.jpg; 7440_22.jpg; 6631_21.jpg; 7440_19.jpg; 7934_23.jpg; 5729_18.jpg; 8029_15.jpg; 8054_21.jpg; 5831_1.jpg; 5831_3.jpg; 6631_18.jpg; 7942_16.jpg; 5729_18.jpg; 5131_11.jpg; 5127_24.jpg; 7934_22.jpg; 7236_7.jpg; 7828_8.jpg; 7218_17.jpg; 7786_14.jpg
7724,[중고] Swagelok SS-BN8VCR-2C,[Used] Swagelok SS-BN8VCR-2C,SS-BN8VCR-2C,22000,20.1,,Gas valve/regulator/pressure gauge,,7724_1.jpg; 7724_1.jpg; 7724_3.jpg; 7724_1.jpg; 7724_1.jpg; 7724_6.jpg; 7724_7.jpg; 7724_8.jpg; 7724_9.jpg; 7724_10.jpg; 7724_11.jpg; 7724_12.jpg; 7724_13.jpg; 7724_14.jpg; 7724_15.jpg; 7724_16.jpg; 7724_17.jpg; 7724_18.jpg; 7724_19.jpg; 7724_20.jpg; 7724_1.jpg; 7724_3.jpg; 7724_23.jpg; 7942_16.jpg; 5729_18.jpg; 5131_11.jpg; 5127_24.jpg; 7934_22.jpg; 7236_7.jpg; 7828_8.jpg; 7218_17.jpg; 7786_14.jpg
7941,[중고] SIGMA KOKI XY Axis Stage (50 x 25),[Used] SIGMA KOKI XY Axis Stage (50 x 25),,66000,60.29,,Precision stage,,7941_1.jpg; 7941_1.jpg; 7941_3.jpg; 7941_1.jpg; 7941_1.jpg; 7941_6.jpg; 7941_7.jpg; 4875_13.jpg; 4875_9.jpg; 4875_10.jpg; 4875_8.jpg; 4875_7.jpg; 7941_1.jpg; 7941_3.jpg; 4875_6.jpg; 7724_23.jpg; 7942_16.jpg; 5729_18.jpg; 5131_11.jpg; 5127_24.jpg; 7934_22.jpg; 7236_7.jpg; 7828_8.jpg; 7218_17.jpg
7370,[중고] JEL GHR4206-320-PM-04404 Edge grip Robot 제어기 ATM 로봇  반도체 웨이퍼 핸들링 Wafer Handling 로보트 200mm 300mm 8inch 12inch,[Used] JEL GHR4206-320-PM-04404 Edge grip Robot Controller ATM Robot Semiconductor Wafer Handling Wafer Handling Robot 200mm 300mm 8inch 12inch,GHR4206-320-PM-04404,2750000,2512.12,BROOKS,semiconductor equipment,,7370_1.jpg; 7370_1.jpg; 7370_3.jpg; 7370_1.jpg; 7370_5.jpg; 7370_1.jpg; 7370_7.jpg; 7370_8.jpg; 7370_9.jpg; 7370_10.jpg; 8030_18.jpg; 6631_18.jpg; 5729_19.jpg; 7440_17.jpg; 8029_15.jpg; 8029_20.jpg; 8029_28.jpg; 8030_13.jpg; 8050_13.jpg; 8050_19.jpg; 7934_23.jpg; 8029_24.jpg; 6631_21.jpg; 8029_21.jpg; 7370_1.jpg; 7370_3.jpg; 6631_20.jpg; 7724_23.jpg; 7942_16.jpg; 5729_18.jpg; 5131_11.jpg; 5127_24.jpg; 7934_22.jpg; 7236_7.jpg; 7828_8.jpg; 7218_17.jpg
7787,[중고] MKS 651CD2S1N 651CD2S2N 651DD2S2N2 651C-26831 600 Series  Pressure Controller,[Used] MKS 651CD2S1N 651CD2S2N 651DD2S2N2 651C-26831 600 Series Pressure Controller,651CD2S1N,880000,803.88,MKS,Pressure controller/gas analyzer,,7787_1.jpg; 7787_1.jpg; 7787_3.jpg; 7787_1.jpg; 7787_1.jpg; 7787_6.jpg; 7787_7.jpg; 7787_8.jpg; 7789_16.jpg; 6262_5.jpg; 7789_15.jpg; 7789_18.jpg; 7789_19.jpg; 7789_17.jpg; 7789_20.jpg; 7789_21.jpg; 6262_9.jpg; 7789_13.jpg; 7789_8.jpg; 7789_9.jpg; 7789_9.jpg; 6235_19.jpg; 7787_1.jpg; 7787_3.jpg; 6235_16.jpg; 6631_20.jpg; 7724_23.jpg; 7942_16.jpg; 5729_18.jpg; 5131_11.jpg; 5127_24.jpg; 7934_22.jpg; 7236_7.jpg; 7828_8.jpg
6962,[중고] V810CD+ AnyTouch RS OEMax,[Used] V810CD+ AnyTouch RS OEMax,V810CD+,165000,150.73,,touch screen,,6962_1.jpg; 6962_1.jpg; 6962_3.jpg; 6962_1.jpg; 6962_1.jpg; 6962_6.jpg; 6962_7.jpg; 7672_8.jpg; 5536_19.jpg; 7672_9.jpg; 6962_1.jpg; 6962_3.jpg; 7672_7.jpg; 6235_16.jpg; 6631_20.jpg; 7724_23.jpg; 7942_16.jpg; 5729_18.jpg; 5131_11.jpg; 5127_24.jpg; 7934_22.jpg; 7236_7.jpg
7979,[중고] MGPM20-125Z SMC 에어실린더,[Used] MGPM20-125Z SMC air cylinder,MGPM20-125Z,66000,60.29,,Pneumatic parts (PNEUMATIC),,7979_1.jpg; 7979_1.jpg; 7979_3.jpg; 7979_1.jpg; 7979_1.jpg; 7979_6.jpg; 7979_7.jpg; 7979_8.jpg; 7979_9.jpg; 7979_10.jpg; 7979_11.jpg; 7979_12.jpg; 7979_13.jpg; 7979_14.jpg; 7979_15.jpg; 7979_16.jpg; 7979_17.jpg; 7979_18.jpg; 7979_19.jpg; 7979_20.jpg; 7979_21.jpg; 7979_22.jpg; 7979_23.jpg; 7979_24.jpg; 7979_1.jpg; 7979_3.jpg; 7979_27.jpg; 6235_16.jpg; 6631_20.jpg; 7724_23.jpg; 7942_16.jpg; 5729_18.jpg; 5131_11.jpg; 5127_24.jpg; 7934_22.jpg; 7236_7.jpg
7900,[중고] EzM-56M-A FASTECH Ezi-SERVO,[Used] EzM-56M-A FASTECH Ezi-SERVO,EzM-56M-A,33000,30.15,,Stepping motor/driver/BLDC,,7900_1.jpg; 7900_1.jpg; 7900_3.jpg; 7900_1.jpg; 7900_1.jpg; 7900_6.jpg; 7900_7.jpg; 7900_1.jpg; 7900_3.jpg; 7900_10.jpg; 7979_27.jpg; 6235_16.jpg; 6631_20.jpg; 7724_23.jpg; 7942_16.jpg; 5729_18.jpg; 5131_11.jpg; 5127_24.jpg; 7934_22.jpg
7074,[중고] HS-AI8 HANYANG SYSTEM,[Used] HS-AI8 HANYANG SYSTEM,HS-AI8,44000,40.19,,Electrical parts and other,,7074_1.jpg; 7074_1.jpg; 7074_3.jpg; 7074_1.jpg; 7074_1.jpg; 7074_6.jpg; 7074_7.jpg; 7354_15.jpg; 7734_13.jpg; 7074_10.jpg; 6541_17.jpg; 7354_18.jpg; 6627_16.jpg; 6627_13.jpg; 6541_21.jpg; 6627_8.jpg; 6627_15.jpg; 7734_7.jpg; 6627_19.jpg; 7354_13.jpg; 6627_10.jpg; 7074_1.jpg; 7074_3.jpg; 7354_20.jpg; 7900_10.jpg; 7979_27.jpg; 6235_16.jpg; 6631_20.jpg; 7724_23.jpg; 7942_16.jpg; 5729_18.jpg; 5131_11.jpg; 5127_24.jpg
7744,[중고] ULVAC RFS-1305A3 500W 13.56MHz RF GENERATOR,[Used] ULVAC RFS-1305A3 500W 13.56MHz RF GENERATOR,RFS-1305A3,2200000,2009.7,,RF/DC/MATCH,,7744_1.jpg; 7744_1.jpg; 7744_3.jpg; 7744_1.jpg; 7744_5.jpg; 7744_1.jpg; 7744_7.jpg; 7741_9.jpg; 7741_19.jpg; 7741_15.jpg; 7741_24.jpg; 6593_21.jpg; 7741_14.jpg; 6942_12.jpg; 7741_12.jpg; 6593_10.jpg; 6593_19.jpg; 7741_21.jpg; 7741_18.jpg; 6593_17.jpg; 7741_16.jpg; 7744_1.jpg; 7744_3.jpg; 6593_20.jpg; 7354_20.jpg; 7900_10.jpg; 7979_27.jpg; 6235_16.jpg; 6631_20.jpg; 7724_23.jpg; 7942_16.jpg; 5729_18.jpg; 5131_11.jpg
7885,[중고] ONTEC SN-4202-MOT,[Used] ONTEC SN-4202-MOT,SN-4202-MOT,99000,90.44,,Stepping motor/driver/BLDC,,7885_1.jpg; 7885_1.jpg; 7885_3.jpg; 7885_1.jpg; 7885_1.jpg; 7885_6.jpg; 7885_7.jpg; 7885_8.jpg; 7885_9.jpg; 7885_10.jpg; 7885_1.jpg; 7885_3.jpg; 7885_13.jpg; 6593_20.jpg; 7354_20.jpg; 7900_10.jpg; 7979_27.jpg; 6235_16.jpg; 6631_20.jpg; 7724_23.jpg; 7942_16.jpg; 5729_18.jpg
5896,[중고] SHS15V (길이320mm/블럭1개) LM가이드 엘엠가이드 LM GUIDE THK IKO NSK 자동화부품 정밀부품 조각기 3D프린터 제작부품 삼익THK 베어링,[Used] SHS15V (Length 320mm/1 block) LM Guide LM Guide LM GUIDE THK IKO NSK Automation Parts Precision Parts Engraver 3D Printer Manufacturing Parts Samik THK Bearing,SHS15V,22000,20.1,THK,LM GUIDE / BUSHING,,5896_1.jpg; 5896_1.jpg; 5896_3.jpg; 5896_1.jpg; 5896_1.jpg; 5896_6.jpg; 7104_18.jpg; 7104_8.jpg; 7104_10.jpg; 7104_14.jpg; 7104_21.jpg; 7104_9.jpg; 7104_12.jpg; 7104_16.jpg; 7104_13.jpg; 7104_17.jpg; 7104_7.jpg; 7104_11.jpg; 5896_1.jpg; 5896_3.jpg; 7104_15.jpg; 7885_13.jpg; 6593_20.jpg; 7354_20.jpg; 7900_10.jpg; 7979_27.jpg; 6235_16.jpg; 6631_20.jpg; 7724_23.jpg; 7942_16.jpg
3014,[중고] XMSG430-LA24 X축 스테이지 1축 스테이지 오토스테이지 정밀스테이지 Misumi 미스미,[Used] XMSG430-LA24 X-axis stage 1-axis stage auto stage precision stage Misumi,XMSG430-LA24,330000,301.45,,Precision stage,,3014_1.jpg; 3014_1.jpg; 3014_3.jpg; 3014_1.jpg; 3014_1.jpg; 3014_6.jpg; 3014_7.jpg; 3014_8.jpg; 3014_9.jpg; 3014_10.jpg; 3012_22.jpg; 3012_16.jpg; 3012_13.jpg; 3012_18.jpg; 3012_17.jpg; 3012_15.jpg; 3012_14.jpg; 3014_1.jpg; 3014_3.jpg; 3012_19.jpg; 7104_15.jpg; 7885_13.jpg; 6593_20.jpg; 7354_20.jpg; 7900_10.jpg; 7979_27.jpg; 6235_16.jpg; 6631_20.jpg; 7724_23.jpg
5661,[중고] VRAF-15C (15:1),[Used] VRAF-15C (15:1),VRAF-15C,88000,80.39,,Reducer/Index/Coupling,,5661_1.jpg; 5661_1.jpg; 5661_3.jpg; 5661_1.jpg; 6990_5.jpg; 5661_1.jpg; 5661_7.jpg; 7627_15.jpg; 7627_18.jpg; 7617_15.jpg; 7627_19.jpg; 7627_14.jpg; 7072_14.jpg; 7617_9.jpg; 7617_17.jpg; 7617_14.jpg; 7617_13.jpg; 7627_21.jpg; 7617_19.jpg; 5661_20.jpg; 7617_21.jpg; 5661_1.jpg; 5661_3.jpg; 6994_22.jpg; 3012_19.jpg; 7104_15.jpg; 7885_13.jpg; 6593_20.jpg; 7354_20.jpg; 7900_10.jpg; 7979_27.jpg; 6235_16.jpg; 6631_20.jpg
7866,[중고] B1456-D23AIPM,[Used] B1456-D23AIPM,B1456-D23AIPM,33000,30.15,,Stepping motor/driver/BLDC,,7866_1.jpg; 7866_1.jpg; 7866_3.jpg; 7866_1.jpg; 7866_1.jpg; 7866_6.jpg; 7866_7.jpg; 7866_8.jpg; 7866_9.jpg; 7866_10.jpg; 7866_11.jpg; 7866_12.jpg; 7866_13.jpg; 7866_14.jpg; 7866_15.jpg; 7866_16.jpg; 7866_17.jpg; 7866_18.jpg; 7866_19.jpg; 7870_27.jpg; 7868_20.jpg; 7899_12.jpg; 7868_17.jpg; 403_16.jpg; 7899_10.jpg; 7866_26.jpg; 7868_27.jpg; 7906_19.jpg; 7866_29.jpg; 7868_18.jpg; 7866_31.jpg; 7899_18.jpg; 7866_1.jpg; 7866_3.jpg; 7870_34.jpg; 6994_22.jpg; 3012_19.jpg; 7104_15.jpg; 7885_13.jpg; 6593_20.jpg; 7354_20.jpg; 7900_10.jpg; 7979_27.jpg; 6235_16.jpg
7995,[중고] PARKER SQ130E302PFS8MM SQ130E1002PFS8FFPA SQ130E502PUPGFUJIKIN VERIFLO,[Used] PARKER SQ130E302PFS8MM SQ130E1002PFS8FFPA SQ130E502PUPGFUJIKIN VERIFLO,SQ130E302PFS8MM,110000,100.48,PARKER,Gas valve/regulator/pressure gauge,,7995_1.jpg; 7995_1.jpg; 7995_3.jpg; 7995_1.jpg; 7995_1.jpg; 7995_6.jpg; 7995_7.jpg; 7679_17.jpg; 7839_9.jpg; 7839_13.jpg; 7679_18.jpg; 7839_17.jpg; 7679_8.jpg; 7679_11.jpg; 7679_14.jpg; 7839_18.jpg; 7679_23.jpg; 7839_14.jpg; 7679_16.jpg; 7679_9.jpg; 7953_10.jpg; 7995_1.jpg; 7995_3.jpg; 7679_12.jpg; 6994_22.jpg; 3012_19.jpg; 7104_15.jpg; 7885_13.jpg; 6593_20.jpg; 7354_20.jpg; 7900_10.jpg; 7979_27.jpg; 6235_16.jpg
7226,[중고] Brooks Reliance™ ATR™ 8 제어기 ATM 로봇  반도체 웨이퍼 핸들링 Wafer Handling 로보트 200mm 300mm 8inch 12inch,[Used] Brooks Reliance™ ATR™ 8 Controller ATM Robot Semiconductor Wafer Handling Wafer Handling Robot 200mm 300mm 8inch 12inch,200mm,5500000,5024.25,BROOKS,semiconductor equipment,,7226_1.jpg; 7226_1.jpg; 7226_3.jpg; 7226_1.jpg; 7226_5.jpg; 7292_16.jpg; 7226_7.jpg; 8029_20.jpg; 7934_21.jpg; 5729_12.jpg; 8029_13.jpg; 5820_11.jpg; 7440_15.jpg; 8029_15.jpg; 7440_17.jpg; 7440_25.jpg; 7934_22.jpg; 7997_24.jpg; 6631_23.jpg; 7226_1.jpg; 7226_3.jpg; 7226_22.jpg; 6994_22.jpg; 3012_19.jpg; 7104_15.jpg; 7885_13.jpg; 6593_20.jpg; 7354_20.jpg; 7900_10.jpg; 7979_27.jpg; 6235_16.jpg
8056,[중고] TEM TECH LAB SKPTFV-WD420,[Used] TEM TECH LAB SKPTFV-WD420,SKPTFV-WD420,22000,20.1,,Gas valve/regulator/pressure gauge,,8056_1.jpg; 8056_1.jpg; 8056_3.jpg; 8056_1.jpg; 8056_1.jpg; 8056_6.jpg; 7607_10.jpg; 7607_11.jpg; 7997_13.jpg; 7997_15.jpg; 7997_8.jpg; 7607_18.jpg; 8056_13.jpg; 7607_13.jpg; 7997_18.jpg; 7607_15.jpg; 7607_12.jpg; 8056_18.jpg; 7607_8.jpg; 7823_15.jpg; 8056_1.jpg; 8056_3.jpg; 7997_12.jpg; 6994_22.jpg; 3012_19.jpg; 7104_15.jpg; 7885_13.jpg; 6593_20.jpg; 7354_20.jpg; 7900_10.jpg; 7979_27.jpg; 6235_16.jpg
7999,[중고] COMI-SD402 V3.0 COMIZOA 커미조아,[Used] COMI-SD402 V3.0 COMIZOA,COMI-SD402,55000,50.24,,Computer/Computer-related parts,,7999_1.jpg; 7999_1.jpg; 7999_3.jpg; 7999_1.jpg; 7999_1.jpg; 7999_6.jpg; 7999_7.jpg; 6911_21.jpg; 7509_9.jpg; 7509_14.jpg; 7999_11.jpg; 6916_14.jpg; 7999_13.jpg; 7999_14.jpg; 6911_12.jpg; 7999_16.jpg; 7999_17.jpg; 7999_18.jpg; 7999_19.jpg; 7509_7.jpg; 7999_1.jpg; 7999_3.jpg; 7999_23.jpg; 7999_24.jpg; 7679_12.jpg; 6994_22.jpg; 3012_19.jpg; 7104_15.jpg; 7885_13.jpg; 6593_20.jpg; 7354_20.jpg; 7900_10.jpg
2168,[중고] MD-91,[Used] MD-91,MD-91,220000,200.97,,Dispenser,,2168_1.jpg; 2168_1.jpg; 2168_3.jpg; 2168_1.jpg; 2168_1.jpg; 2168_6.jpg; 2168_7.jpg; 2168_8.jpg; 2168_9.jpg; 2168_1.jpg; 2168_3.jpg; 2168_12.jpg; 7999_23.jpg; 7999_24.jpg; 7679_12.jpg; 6994_22.jpg; 3012_19.jpg; 7104_15.jpg; 7885_13.jpg; 6593_20.jpg; 7354_20.jpg
7348,[중고] IR-FA Series IR-FACMX06 FA05ZC001 IR-FL9NX00.5 Fiber Optic Radiation Thermometer,[Used] IR-FA Series IR-FACMX06 FA05ZC001 IR-FL9NX00.5 Fiber Optic Radiation Thermometer,IR-FACMX06,220000,200.97,OMRON,Temperature controller/indicator,,7348_1.jpg; 7348_1.jpg; 7348_3.jpg; 7348_1.jpg; 7348_1.jpg; 7348_6.jpg; 7489_8.jpg; 7489_12.jpg; 7715_17.jpg; 7474_11.jpg; 5599_17.jpg; 7348_12.jpg; 7236_16.jpg; 7366_8.jpg; 7236_13.jpg; 7236_12.jpg; 6804_17.jpg; 7489_18.jpg; 7348_19.jpg; 7474_20.jpg; 7348_1.jpg; 7348_3.jpg; 6804_8.jpg; 2168_12.jpg; 7999_23.jpg; 7999_24.jpg; 7679_12.jpg; 6994_22.jpg; 3012_19.jpg; 7104_15.jpg; 7885_13.jpg; 6593_20.jpg
7800,[중고] ASM46AK,[Used] ASM46AK,ASM46AK,33000,30.15,,Stepping motor/driver/BLDC,,7800_1.jpg; 7800_1.jpg; 7800_3.jpg; 7800_1.jpg; 7800_1.jpg; 7800_6.jpg; 403_16.jpg; 7906_23.jpg; 7899_18.jpg; 7868_24.jpg; 7906_9.jpg; 7906_19.jpg; 7868_21.jpg; 7800_14.jpg; 7868_16.jpg; 7870_28.jpg; 7899_17.jpg; 7906_11.jpg; 7868_22.jpg; 7899_19.jpg; 7800_1.jpg; 7800_3.jpg; 7899_14.jpg; 2168_12.jpg; 7999_23.jpg; 7999_24.jpg; 7679_12.jpg; 6994_22.jpg; 3012_19.jpg; 7104_15.jpg; 7885_13.jpg; 6593_20.jpg
6241,[중고] ULVAC GI-M IONIZATION VACUUM GAUGE CONTROLLER,[Used] ULVAC GI-M IONIZATION VACUUM GAUGE CONTROLLER,,1100000,1004.85,,Pressure controller/gas analyzer,,6241_1.jpg; 6241_1.jpg; 6241_3.jpg; 6241_1.jpg; 6241_5.jpg; 7789_17.jpg; 7789_9.jpg; 6235_19.jpg; 7789_20.jpg; 6235_15.jpg; 6235_14.jpg; 7789_9.jpg; 7789_13.jpg; 7640_18.jpg; 7789_14.jpg; 7789_19.jpg; 7789_21.jpg; 7789_12.jpg; 6262_9.jpg; 6241_1.jpg; 6241_3.jpg; 7789_11.jpg; 7899_14.jpg; 2168_12.jpg; 7999_23.jpg; 7999_24.jpg; 7679_12.jpg; 6994_22.jpg; 3012_19.jpg; 7104_15.jpg; 7885_13.jpg
7127,[중고] KFPB-475C Ontec SN-1002-PCIMA-N,[Used] KFPB-475C Ontec SN-1002-PCIMA-N,KFPB-475C,66000,60.29,,Computer/Computer-related parts,,7127_1.jpg; 7127_1.jpg; 7127_3.jpg; 7127_1.jpg; 7127_1.jpg; 7127_6.jpg; 7127_7.jpg; 7127_8.jpg; 6911_10.jpg; 7127_10.jpg; 7127_11.jpg; 7127_12.jpg; 7127_13.jpg; 6911_12.jpg; 6911_8.jpg; 7127_16.jpg; 7127_17.jpg; 6916_13.jpg; 6911_11.jpg; 7127_20.jpg; 6916_8.jpg; 7509_20.jpg; 7127_1.jpg; 7127_3.jpg; 7509_9.jpg; 7789_11.jpg; 7899_14.jpg; 2168_12.jpg; 7999_23.jpg; 7999_24.jpg; 7679_12.jpg; 6994_22.jpg; 3012_19.jpg; 7104_15.jpg
7214,[중고] COMI-SD402 V3.0 COMIZOA 커미조아,[Used] COMI-SD402 V3.0 COMIZOA,COMI-SD402,55000,50.24,,Computer/Computer-related parts,,7214_1.jpg; 7214_1.jpg; 7214_3.jpg; 7214_1.jpg; 7214_1.jpg; 7214_6.jpg; 7214_7.jpg; 7999_7.jpg; 7127_12.jpg; 7214_10.jpg; 6911_16.jpg; 6911_21.jpg; 7214_13.jpg; 7127_13.jpg; 7214_15.jpg; 7214_16.jpg; 7999_11.jpg; 7509_16.jpg; 7127_10.jpg; 7214_20.jpg; 6916_12.jpg; 7214_1.jpg; 7214_3.jpg; 6911_9.jpg; 7509_9.jpg; 7789_11.jpg; 7899_14.jpg; 2168_12.jpg; 7999_23.jpg; 7999_24.jpg; 7679_12.jpg; 6994_22.jpg; 3012_19.jpg
7467,[중고] MT6050i V2EV,[Used] MT6050i V2EV,MT6050i,77000,70.34,,touch screen,,7467_1.jpg; 7467_1.jpg; 7467_3.jpg; 7467_1.jpg; 7467_1.jpg; 7467_6.jpg; 7467_7.jpg; 7634_15.jpg; 7634_14.jpg; 7634_9.jpg; 7634_22.jpg; 7634_16.jpg; 7634_11.jpg; 7634_19.jpg; 7634_8.jpg; 7634_18.jpg; 7634_12.jpg; 7634_13.jpg; 7634_17.jpg; 7467_1.jpg; 7467_3.jpg; 7634_10.jpg; 6911_9.jpg; 7509_9.jpg; 7789_11.jpg; 7899_14.jpg; 2168_12.jpg; 7999_23.jpg; 7999_24.jpg; 7679_12.jpg; 6994_22.jpg
7814,[중고] VAT 04112-BA24-AAK2/AEY1/ABZ2/0002/AAG4 04112-BH24-ACS2/ACS5/AEJ1/AEH1/AAK2 Slit valve,[Used] VAT 04112-BA24-AAK2/AEY1/ABZ2/0002/AAG4 04112-BH24-ACS2/ACS5/AEJ1/AEH1/AAK2 Slit valve,04112-BA24-AAK2/AEY1/ABZ2/0002/AAG4,660000,602.91,VAT,vacuum valve,,7814_1.jpg; 7814_1.jpg; 7814_3.jpg; 7814_1.jpg; 7814_1.jpg; 7814_6.jpg; 7814_7.jpg; 7688_16.jpg; 7688_10.jpg; 7688_13.jpg; 7688_8.jpg; 7814_12.jpg; 7814_13.jpg; 7688_15.jpg; 7688_12.jpg; 7688_14.jpg; 7688_14.jpg; 7688_21.jpg; 7688_9.jpg; 7814_20.jpg; 7688_11.jpg; 7814_1.jpg; 7814_3.jpg; 7842_7.jpg; 6911_9.jpg; 7509_9.jpg; 7789_11.jpg; 7899_14.jpg; 2168_12.jpg; 7999_23.jpg; 7999_24.jpg; 7679_12.jpg; 6994_22.jpg
7647,[중고] 13-MXS12-30 공압실린더 SMC,[Used] 13-MXS12-30 Pneumatic Cylinder SMC,13-MXS12-30,44000,40.19,,Pneumatic parts (PNEUMATIC),,7647_1.jpg; 7647_1.jpg; 7647_3.jpg; 7647_1.jpg; 7647_1.jpg; 7647_6.jpg; 7647_7.jpg; 7647_8.jpg; 7956_20.jpg; 7647_10.jpg; 7956_21.jpg; 7647_12.jpg; 7956_12.jpg; 7956_11.jpg; 7647_15.jpg; 7956_18.jpg; 7956_9.jpg; 7956_8.jpg; 7647_19.jpg; 7956_19.jpg; 7647_1.jpg; 7647_3.jpg; 7956_13.jpg; 7842_7.jpg; 6911_9.jpg; 7509_9.jpg; 7789_11.jpg; 7899_14.jpg; 2168_12.jpg; 7999_23.jpg; 7999_24.jpg; 7679_12.jpg
5164,[중고] SICK WL12G-3B2531,[Used] SICK WL12G-3B2531,WL12G-3B2531,66000,60.29,,Sensors / various cables,,5164_1.jpg; 5164_1.jpg; 5164_3.jpg; 5164_1.jpg; 5164_1.jpg; 5164_6.jpg; 5609_19.jpg; 5163_23.jpg; 5609_14.jpg; 7354_25.jpg; 5991_14.jpg; 5161_15.jpg; 5159_9.jpg; 5991_12.jpg; 5983_13.jpg; 5991_9.jpg; 5159_20.jpg; 8036_23.jpg; 8022_10.jpg; 5991_13.jpg; 5164_1.jpg; 5164_3.jpg; 5163_13.jpg; 7956_13.jpg; 7842_7.jpg; 6911_9.jpg; 7509_9.jpg; 7789_11.jpg; 7899_14.jpg; 2168_12.jpg; 7999_23.jpg; 7999_24.jpg
6002,[중고] THK (98/33mm) 볼스크류 볼나사 Ballscrew TM스크류 베어링 삼익THK 자동화부품 조각기 3D프린터 제작부품 자작 DIY,[Used] THK (98/33mm) Ball Screw Ball Screw Ballscrew TM Screw Bearing Samick THK Automation Parts Engraver 3D Printer Manufacturing Parts DIY,98/33mm,11000,10.05,THK,Ball screw/spline (SPLINE),,6002_1.jpg; 6002_1.jpg; 6002_3.jpg; 6002_1.jpg; 6002_1.jpg; 6002_6.jpg; 6012_12.jpg; 6012_7.jpg; 6012_13.jpg; 6002_10.jpg; 6008_23.jpg; 853_10.jpg; 853_21.jpg; 6012_8.jpg; 6012_16.jpg; 6012_19.jpg; 6002_17.jpg; 853_13.jpg; 6012_11.jpg; 853_26.jpg; 6002_1.jpg; 6002_3.jpg; 6012_20.jpg; 5163_13.jpg; 7956_13.jpg; 7842_7.jpg; 6911_9.jpg; 7509_9.jpg; 7789_11.jpg; 7899_14.jpg; 2168_12.jpg; 7999_23.jpg
7974,[중고] V606eM20 HAKKO ELECTRONICS,[Used] V606eM20 HAKKO ELECTRONICS,V606eM20,165000,150.73,,touch screen,,7974_1.jpg; 7974_1.jpg; 7974_3.jpg; 7974_1.jpg; 7974_1.jpg; 7974_6.jpg; 7974_7.jpg; 7974_8.jpg; 7974_9.jpg; 7974_10.jpg; 7974_11.jpg; 7974_1.jpg; 7974_3.jpg; 7974_14.jpg; 6012_20.jpg; 5163_13.jpg; 7956_13.jpg; 7842_7.jpg; 6911_9.jpg; 7509_9.jpg; 7789_11.jpg; 7899_14.jpg; 2168_12.jpg
7825,[중고] MR-C20A1 서보 미쓰비시 Mitsubishi Servo 서보앰프 서보드라이버 자동화 산업용부품 자동화부품 servo driver AC서보 200W,[Used] MR-C20A1 Servo Mitsubishi Servo Servo Amplifier Servo Driver Automation Industrial Parts Automation Parts servo driver AC Servo 200W,MR-C20A1,110000,100.48,,Servo motor/servo driver,,7825_1.jpg; 7825_1.jpg; 7825_3.jpg; 7825_1.jpg; 7825_1.jpg; 7825_6.jpg; 7825_7.jpg; 7825_8.jpg; 7825_9.jpg; 7825_10.jpg; 7825_11.jpg; 7825_12.jpg; 7825_13.jpg; 7825_14.jpg; 7825_15.jpg; 7825_16.jpg; 7825_17.jpg; 7825_18.jpg; 7825_19.jpg; 7825_20.jpg; 7825_1.jpg; 7825_3.jpg; 7943_25.jpg; 7974_14.jpg; 6012_20.jpg; 5163_13.jpg; 7956_13.jpg; 7842_7.jpg; 6911_9.jpg; 7509_9.jpg; 7789_11.jpg; 7899_14.jpg
7745,[중고] AE RFPP RF30S M/N 3150017-009 7520758052 3000W 2000W 13.56MHz RF GENERATOR,[Used] AE RFPP RF30S M/N 3150017-009 7520758052 3000W 2000W 13.56MHz RF GENERATOR,RF30S,3300000,3014.55,,RF/DC/MATCH,,7745_1.jpg; 7745_1.jpg; 7745_3.jpg; 7745_1.jpg; 7745_1.jpg; 7745_6.jpg; 7745_7.jpg; 7745_8.jpg; 6593_13.jpg; 6593_20.jpg; 7741_10.jpg; 6942_24.jpg; 6595_7.jpg; 6942_15.jpg; 7741_18.jpg; 6942_8.jpg; 7741_13.jpg; 6942_17.jpg; 7741_16.jpg; 7745_20.jpg; 6593_17.jpg; 7745_1.jpg; 7745_3.jpg; 7741_15.jpg; 7943_25.jpg; 7974_14.jpg; 6012_20.jpg; 5163_13.jpg; 7956_13.jpg; 7842_7.jpg; 6911_9.jpg; 7509_9.jpg; 7789_11.jpg
7943,[중고] SMC  Angle XLA-100 XLD-100 XLA-160 XLD-100-X valve 앵글밸브,[Used] SMC Angle XLA-100 XLD-100 XLA-160 XLD-100-X valve angle valve,XLA-100,220000,200.97,,vacuum valve,,7943_1.jpg; 7943_1.jpg; 7943_3.jpg; 7943_1.jpg; 7943_1.jpg; 7943_6.jpg; 7943_7.jpg; 7942_20.jpg; 7942_12.jpg; 7942_18.jpg; 7942_9.jpg; 7942_19.jpg; 7942_13.jpg; 7942_14.jpg; 7942_10.jpg; 7942_16.jpg; 7942_8.jpg; 7942_11.jpg; 7942_17.jpg; 7942_24.jpg; 7942_21.jpg; 7943_1.jpg; 7943_3.jpg; 7942_15.jpg; 7943_25.jpg; 7974_14.jpg; 6012_20.jpg; 5163_13.jpg; 7956_13.jpg; 7842_7.jpg; 6911_9.jpg; 7509_9.jpg; 7789_11.jpg
6926,[중고] LS XP30-TTA/DC,[Used] LS XP30-TTA/DC,XP30-TTA/DC,220000,200.97,,touch screen,,6926_1.jpg; 6926_1.jpg; 6926_3.jpg; 6926_1.jpg; 6926_1.jpg; 6926_6.jpg; 6926_7.jpg; 7634_9.jpg; 7634_8.jpg; 7634_17.jpg; 7634_12.jpg; 7634_19.jpg; 7634_16.jpg; 7634_11.jpg; 7634_13.jpg; 7634_18.jpg; 7634_15.jpg; 7634_22.jpg; 7634_10.jpg; 6926_1.jpg; 6926_3.jpg; 7634_14.jpg; 7942_15.jpg; 7943_25.jpg; 7974_14.jpg; 6012_20.jpg; 5163_13.jpg; 7956_13.jpg; 7842_7.jpg; 6911_9.jpg; 7509_9.jpg
7805,[중고] TERA TVM-KF100 Circular gate valve,[Used] TERA TVM-KF100 Circular gate valve,TVM-KF100,330000,301.45,,vacuum valve,,7805_1.jpg; 7805_1.jpg; 7805_3.jpg; 7805_1.jpg; 7805_1.jpg; 7805_6.jpg; 7805_7.jpg; 7805_8.jpg; 7786_9.jpg; 7786_10.jpg; 7786_14.jpg; 7805_1.jpg; 7805_3.jpg; 7786_11.jpg; 7634_14.jpg; 7942_15.jpg; 7943_25.jpg; 7974_14.jpg; 6012_20.jpg; 5163_13.jpg; 7956_13.jpg; 7842_7.jpg; 6911_9.jpg
4732,[중고] PULNIX TM-200,[Used] PULNIX TM-200,TM-200,99000,90.44,,Industrial Cameras/Lens/Lighting,,4732_1.jpg; 4732_1.jpg; 4732_3.jpg; 4732_1.jpg; 4732_5.jpg; 5122_15.jpg; 4594_13.jpg; 5463_21.jpg; 5463_14.jpg; 5131_18.jpg; 4594_12.jpg; 5131_7.jpg; 5463_18.jpg; 5463_11.jpg; 5131_19.jpg; 5131_11.jpg; 4594_9.jpg; 5131_22.jpg; 5131_10.jpg; 4732_1.jpg; 4732_3.jpg; 4596_14.jpg; 7786_11.jpg; 7634_14.jpg; 7942_15.jpg; 7943_25.jpg; 7974_14.jpg; 6012_20.jpg; 5163_13.jpg; 7956_13.jpg; 7842_7.jpg
6510,[중고] COMDEL CPMX-6000 MATCH,[Used] COMDEL CPMX-6000 MATCH,CPMX-6000,2200000,2009.7,,RF/DC/MATCH,,6510_1.jpg; 6510_1.jpg; 6510_3.jpg; 6510_1.jpg; 6510_1.jpg; 6510_6.jpg; 6510_7.jpg; 6512_14.jpg; 6512_18.jpg; 6512_15.jpg; 6503_18.jpg; 6594_15.jpg; 6594_13.jpg; 6594_20.jpg; 6594_12.jpg; 6594_10.jpg; 6594_17.jpg; 6594_16.jpg; 6503_14.jpg; 6594_9.jpg; 6594_19.jpg; 6510_1.jpg; 6510_3.jpg; 6594_14.jpg; 7874_8.jpg; 4596_14.jpg; 7786_11.jpg; 7634_14.jpg; 7942_15.jpg; 7943_25.jpg; 7974_14.jpg; 6012_20.jpg; 5163_13.jpg
7976,[중고] PS3650A-T42S-1G-XM250  프로페이스 터치스크린 PC Pro-Face Proface,[Used] PS3650A-T42S-1G-XM250 Pro Face Touch Screen PC Pro-Face Proface,PS3650A-T42S-1G-XM250,880000,803.88,,touch screen,,7976_1.jpg; 7976_1.jpg; 7976_3.jpg; 7976_1.jpg; 7976_5.jpg; 7976_6.jpg; 7976_7.jpg; 7981_17.jpg; 7669_14.jpg; 7981_10.jpg; 7669_9.jpg; 7981_11.jpg; 7669_15.jpg; 7981_12.jpg; 7669_16.jpg; 7981_21.jpg; 7976_17.jpg; 7669_20.jpg; 7669_13.jpg; 7669_12.jpg; 7669_18.jpg; 7976_1.jpg; 7976_3.jpg; 2319_16.jpg; 6594_14.jpg; 7874_8.jpg; 4596_14.jpg; 7786_11.jpg; 7634_14.jpg; 7942_15.jpg; 7943_25.jpg; 7974_14.jpg; 6012_20.jpg
2319,[중고] wisebath WHB-6,[Used] wisebath WHB-6,WHB-6,300000,274.05,,"Measuring instruments, optics, experimental equipment",,2319_1.jpg; 2319_1.jpg; 2319_3.jpg; 2319_1.jpg; 2319_1.jpg; 2319_6.jpg; 2319_7.jpg; 2319_8.jpg; 2325_17.jpg; 2325_11.jpg; 2325_12.jpg; 2325_14.jpg; 2319_1.jpg; 2319_3.jpg; 2325_13.jpg; 2319_16.jpg; 6594_14.jpg; 7874_8.jpg; 4596_14.jpg; 7786_11.jpg; 7634_14.jpg; 7942_15.jpg; 7943_25.jpg; 7974_14.jpg
7538,[중고] SICK WL12-2B560,[Used] SICK WL12-2B560,WL12-2B560,66000,60.29,OMRON,Sensors / various cables,,7538_1.jpg; 7538_1.jpg; 7538_3.jpg; 7538_1.jpg; 7538_1.jpg; 7538_6.jpg; 7538_7.jpg; 7538_8.jpg; 7538_9.jpg; 5609_19.jpg; 5991_12.jpg; 8022_16.jpg; 5163_14.jpg; 5987_16.jpg; 5609_19.jpg; 8036_23.jpg; 5609_13.jpg; 8036_24.jpg; 7354_25.jpg; 5991_18.jpg; 5609_16.jpg; 5159_9.jpg; 7325_14.jpg; 7538_1.jpg; 7538_3.jpg; 8036_18.jpg; 2325_13.jpg; 2319_16.jpg; 6594_14.jpg; 7874_8.jpg; 4596_14.jpg; 7786_11.jpg; 7634_14.jpg; 7942_15.jpg; 7943_25.jpg
4802,[중고] Dunkermotoren GR53X30 24V,[Used] Dunkermotoren GR53X30 24V,GR53X30,55000,50.24,PARKER,AC motor/geared motor/DC motor,,4802_1.jpg; 4802_1.jpg; 4802_3.jpg; 4802_1.jpg; 4802_5.jpg; 5196_7.jpg; 5196_8.jpg; 5196_12.jpg; 5196_12.jpg; 5196_19.jpg; 5196_11.jpg; 5196_13.jpg; 5196_9.jpg; 5196_16.jpg; 5196_15.jpg; 4802_1.jpg; 4802_3.jpg; 5196_10.jpg; 2325_13.jpg; 2319_16.jpg; 6594_14.jpg; 7874_8.jpg; 4596_14.jpg; 7786_11.jpg; 7634_14.jpg; 7942_15.jpg; 7943_25.jpg
6851,[중고] KEYENCE FS-V33R 화이버센서 FIBER 화이바센서 앰프,[Used] KEYENCE FS-V33R Fiber Sensor FIBER Fiber Sensor Amplifier,FS-V33R,55000,50.24,,Sensors / various cables,,6851_1.jpg; 6851_1.jpg; 6851_3.jpg; 6851_1.jpg; 6851_1.jpg; 6851_6.jpg; 6851_7.jpg; 5983_15.jpg; 5987_16.jpg; 5991_14.jpg; 8022_9.jpg; 5161_15.jpg; 5991_13.jpg; 5159_17.jpg; 5163_15.jpg; 5186_11.jpg; 5163_7.jpg; 5163_20.jpg; 8036_11.jpg; 5163_9.jpg; 5163_13.jpg; 6851_1.jpg; 6851_3.jpg; 7325_14.jpg; 5196_10.jpg; 2325_13.jpg; 2319_16.jpg; 6594_14.jpg; 7874_8.jpg; 4596_14.jpg; 7786_11.jpg; 7634_14.jpg; 7942_15.jpg
7668,[중고] MTCTS 온도콘트롤러MISUMI 온도컨트롤러 디지털 인디케이터 인디케이터 indicator,[Used] MTCTS temperature controller MISUMI temperature controller digital indicator indicator indicator,,25000,22.84,,Temperature controller/indicator,,7668_1.jpg; 7668_1.jpg; 7668_3.jpg; 7668_1.jpg; 7668_1.jpg; 7668_6.jpg; 7668_7.jpg; 7474_16.jpg; 5694_13.jpg; 5599_21.jpg; 5694_23.jpg; 6804_7.jpg; 7668_13.jpg; 5599_9.jpg; 6804_16.jpg; 7366_15.jpg; 5694_18.jpg; 7366_7.jpg; 5694_14.jpg; 6804_9.jpg; 7668_21.jpg; 7668_1.jpg; 7668_3.jpg; 5694_8.jpg; 7325_14.jpg; 5196_10.jpg; 2325_13.jpg; 2319_16.jpg; 6594_14.jpg; 7874_8.jpg; 4596_14.jpg; 7786_11.jpg; 7634_14.jpg
7940,[중고] X-Axis Stage (40 x 40),[Used] X-Axis Stage (40 x 40),,44000,40.19,,Precision stage,,7940_1.jpg; 7940_1.jpg; 7940_3.jpg; 7940_1.jpg; 7940_1.jpg; 7940_6.jpg; 3944_12.jpg; 3944_7.jpg; 3944_13.jpg; 3944_10.jpg; 3944_17.jpg; 3944_11.jpg; 3944_14.jpg; 3944_6.jpg; 3944_8.jpg; 7940_1.jpg; 7940_3.jpg; 3944_9.jpg; 7325_14.jpg; 5196_10.jpg; 2325_13.jpg; 2319_16.jpg; 6594_14.jpg; 7874_8.jpg; 4596_14.jpg; 7786_11.jpg; 7634_14.jpg
7865,[중고] UPH266-B,[Used] UPH266-B,UPH266-B,35000,31.97,,Stepping motor/driver/BLDC,,7865_1.jpg; 7865_1.jpg; 7865_3.jpg; 7865_1.jpg; 7865_1.jpg; 7865_6.jpg; 7865_7.jpg; 7870_39.jpg; 7865_9.jpg; 7899_14.jpg; 403_16.jpg; 7865_12.jpg; 7868_24.jpg; 7800_14.jpg; 7870_34.jpg; 7869_13.jpg; 7906_7.jpg; 7870_37.jpg; 7899_12.jpg; 7865_20.jpg; 7865_1.jpg; 7865_3.jpg; 7899_13.jpg; 3944_9.jpg; 7325_14.jpg; 5196_10.jpg; 2325_13.jpg; 2319_16.jpg; 6594_14.jpg; 7874_8.jpg; 4596_14.jpg; 7786_11.jpg
7937,[중고] ULVAC KRC-4000Z XU-MVS3122 XU-BDB0603,[Used] ULVAC KRC-4000Z XU-MVS3122 XU-BDB0603,KRC-4000Z,5500000,5024.25,,"Wafer transfer robot, aligner",,7937_1.jpg; 7937_1.jpg; 7937_3.jpg; 7937_1.jpg; 7937_1.jpg; 7937_6.jpg; 7937_7.jpg; 7937_8.jpg; 8029_19.jpg; 8029_21.jpg; 8054_11.jpg; 8029_13.jpg; 7440_16.jpg; 8050_19.jpg; 8030_18.jpg; 7440_18.jpg; 8028_24.jpg; 8029_18.jpg; 8054_21.jpg; 6631_23.jpg; 6631_10.jpg; 8029_15.jpg; 7937_1.jpg; 7937_3.jpg; 8050_13.jpg; 3944_9.jpg; 7325_14.jpg; 5196_10.jpg; 2325_13.jpg; 2319_16.jpg; 6594_14.jpg; 7874_8.jpg; 4596_14.jpg; 7786_11.jpg
7697,[중고] AERA Analog TC FC-R7810CD H2 NH3,[Used] AERA Analog TC FC-R7810CD H2 NH3,FC-R7810CD,110000,100.48,,MFC/MFM,,7697_1.jpg; 7697_1.jpg; 7697_3.jpg; 7697_1.jpg; 7697_1.jpg; 7697_6.jpg; 7810_11.jpg; 7697_8.jpg; 7812_3.jpg; 7697_10.jpg; 7812_8.jpg; 7810_16.jpg; 7810_9.jpg; 7812_3.jpg; 7810_23.jpg; 7697_16.jpg; 7697_17.jpg; 7812_3.jpg; 7810_18.jpg; 7697_20.jpg; 7697_1.jpg; 7697_3.jpg; 7810_17.jpg; 8050_13.jpg; 3944_9.jpg; 7325_14.jpg; 5196_10.jpg; 2325_13.jpg; 2319_16.jpg; 6594_14.jpg; 7874_8.jpg; 4596_14.jpg
7998,[중고] HMI530T-006 Maple System,[Used] HMI530T-006 Maple System,HMI530T-006,77000,70.34,,touch screen,,7998_1.jpg; 7998_1.jpg; 7998_3.jpg; 7998_1.jpg; 7998_1.jpg; 7998_6.jpg; 7998_7.jpg; 7669_12.jpg; 7669_16.jpg; 7669_20.jpg; 7976_17.jpg; 7669_11.jpg; 7669_13.jpg; 7981_10.jpg; 7669_7.jpg; 7669_10.jpg; 7669_19.jpg; 2319_16.jpg; 7981_17.jpg; 7669_23.jpg; 7981_12.jpg; 7998_1.jpg; 7998_3.jpg; 7981_11.jpg; 8050_13.jpg; 3944_9.jpg; 7325_14.jpg; 5196_10.jpg; 2325_13.jpg; 2319_16.jpg; 6594_14.jpg; 7874_8.jpg; 4596_14.jpg
6888,[중고] TAKEX SEF-SR0A SAFETY RELAY,[Used] TAKEX SEF-SR0A SAFETY RELAY,SEF-SR0A,33000,30.15,,Electrical parts and other,,6888_1.jpg; 6888_1.jpg; 6888_3.jpg; 6888_1.jpg; 6888_1.jpg; 6888_6.jpg; 7483_10.jpg; 8006_16.jpg; 7483_9.jpg; 7483_11.jpg; 7068_17.jpg; 7483_14.jpg; 7068_18.jpg; 7483_20.jpg; 8006_19.jpg; 7483_15.jpg; 7483_17.jpg; 7483_19.jpg; 7483_16.jpg; 7483_21.jpg; 6888_1.jpg; 6888_3.jpg; 7483_13.jpg; 7981_11.jpg; 8050_13.jpg; 3944_9.jpg; 7325_14.jpg; 5196_10.jpg; 2325_13.jpg; 2319_16.jpg; 6594_14.jpg; 7874_8.jpg
5730,[중고] 로보스타 RPS-3201 Wafer Aligner 얼라이너 prealigner 프리얼라이너 웨이퍼 12inch 300mm,[Used] Robostar RPS-3201 Wafer Aligner prealigner prealigner wafer 12inch 300mm,RPS-3201,1100000,1004.85,,semiconductor equipment,,5730_1.jpg; 5730_1.jpg; 5730_3.jpg; 5730_1.jpg; 5730_1.jpg; 5730_6.jpg; 5730_7.jpg; 5730_8.jpg; 5730_9.jpg; 7440_23.jpg; 5729_11.jpg; 5729_19.jpg; 7440_20.jpg; 5729_15.jpg; 5729_8.jpg; 5729_12.jpg; 5729_9.jpg; 5729_14.jpg; 5729_16.jpg; 5729_10.jpg; 5729_21.jpg; 5729_18.jpg; 5731_12.jpg; 5730_1.jpg; 5730_3.jpg; 5729_13.jpg; 7483_13.jpg; 7981_11.jpg; 8050_13.jpg; 3944_9.jpg; 7325_14.jpg; 5196_10.jpg; 2325_13.jpg; 2319_16.jpg; 6594_14.jpg
6783,[중고] HRW17 (길이140mm/블럭2개) LM가이드 엘엠가이드 LM GUIDE THK IKO NSK 자동화부품 정밀부품 조각기 3D프린터 제작부품 삼익THK 베어링,[Used] HRW17 (Length 140mm/2 blocks) LM Guide LM Guide LM GUIDE THK IKO NSK Automation Parts Precision Parts Engraver 3D Printer Manufacturing Parts Samik THK Bearing,HRW17,33000,30.15,THK,LM GUIDE / BUSHING,,6783_1.jpg; 6783_1.jpg; 6783_3.jpg; 6783_1.jpg; 6783_1.jpg; 6783_6.jpg; 7142_12.jpg; 7142_11.jpg; 7142_8.jpg; 7142_10.jpg; 7142_14.jpg; 7142_17.jpg; 7142_9.jpg; 6783_1.jpg; 6783_3.jpg; 7142_13.jpg; 5729_13.jpg; 7483_13.jpg; 7981_11.jpg; 8050_13.jpg; 3944_9.jpg; 7325_14.jpg; 5196_10.jpg; 2325_13.jpg; 2319_16.jpg
4595,[중고] JAI CV-M9CL 3 CCD RGB,[Used] JAI CV-M9CL 3 CCD RGB,CV-M9CL,220000,200.97,,Industrial Cameras/Lens/Lighting,,4595_1.jpg; 4595_1.jpg; 4595_3.jpg; 4595_1.jpg; 4595_5.jpg; 4596_14.jpg; 5131_14.jpg; 5131_15.jpg; 5131_16.jpg; 5463_9.jpg; 5131_11.jpg; 5131_9.jpg; 4594_6.jpg; 5463_17.jpg; 4594_9.jpg; 5131_19.jpg; 4594_16.jpg; 5463_21.jpg; 4594_12.jpg; 4595_1.jpg; 4595_3.jpg; 4596_6.jpg; 7142_13.jpg; 5729_13.jpg; 7483_13.jpg; 7981_11.jpg; 8050_13.jpg; 3944_9.jpg; 7325_14.jpg; 5196_10.jpg; 2325_13.jpg
8013,[중고] S8VS-18024A (24V 7.5A) 파워써플라이 파워서플라이 POWER SUPPLY SMPS,[Used] S8VS-18024A (24V 7.5A) Power supply Power supply POWER SUPPLY SMPS,S8VS-18024A,77000,70.34,,Power supply SMPS,,8013_1.jpg; 8013_1.jpg; 8013_3.jpg; 8013_1.jpg; 8013_1.jpg; 8013_6.jpg; 8013_7.jpg; 8013_8.jpg; 8013_9.jpg; 8013_10.jpg; 8013_11.jpg; 8013_12.jpg; 8013_13.jpg; 8013_14.jpg; 8013_15.jpg; 8013_16.jpg; 8013_17.jpg; 8013_18.jpg; 8013_19.jpg; 8013_20.jpg; 8013_1.jpg; 8013_3.jpg; 8013_23.jpg; 4596_6.jpg; 7142_13.jpg; 5729_13.jpg; 7483_13.jpg; 7981_11.jpg; 8050_13.jpg; 3944_9.jpg; 7325_14.jpg; 5196_10.jpg
7921,[중고] 3080028-02 GP2301H-SC41-24V PRO-FACE,[Used] 3080028-02 GP2301H-SC41-24V PRO-FACE,GP2301H-SC41-24V,440000,401.94,,"Wafer transfer robot, aligner",,7921_1.jpg; 7921_1.jpg; 7921_3.jpg; 7921_1.jpg; 7921_5.jpg; 7921_6.jpg; 7932_8.jpg; 7923_16.jpg; 7932_10.jpg; 7932_20.jpg; 7930_10.jpg; 7923_8.jpg; 7932_24.jpg; 7932_17.jpg; 7923_10.jpg; 7931_19.jpg; 7932_15.jpg; 7923_15.jpg; 7932_9.jpg; 7932_16.jpg; 7921_1.jpg; 7921_3.jpg; 7932_19.jpg; 8013_23.jpg; 4596_6.jpg; 7142_13.jpg; 5729_13.jpg; 7483_13.jpg; 7981_11.jpg; 8050_13.jpg; 3944_9.jpg; 7325_14.jpg
7596,[중고] MEANWELL NES-75-24(24V 3.2A) 파워써플라이 파워서플라이 POWER SUPPLY SMPS(24V),[Used] MEANWELL NES-75-24(24V 3.2A) Power Supply Power Supply POWER SUPPLY SMPS(24V),NES-75-24,11000,10.05,,Power supply SMPS,,7596_1.jpg; 7596_1.jpg; 7596_3.jpg; 7596_1.jpg; 7596_1.jpg; 7596_6.jpg; 8011_19.jpg; 7596_8.jpg; 8011_17.jpg; 7596_10.jpg; 8011_11.jpg; 7596_12.jpg; 7596_13.jpg; 8011_9.jpg; 7596_15.jpg; 7596_16.jpg; 8011_20.jpg; 8011_7.jpg; 7596_19.jpg; 7596_20.jpg; 7596_1.jpg; 7596_3.jpg; 7596_23.jpg; 7932_19.jpg; 8013_23.jpg; 4596_6.jpg; 7142_13.jpg; 5729_13.jpg; 7483_13.jpg; 7981_11.jpg; 8050_13.jpg; 3944_9.jpg
7073,[중고] GALIL DMC-2280 Motion Controller 모션컨트롤러,[Used] GALIL DMC-2280 Motion Controller,DMC-2280,440000,401.94,,Electrical parts and other,,7073_1.jpg; 7073_1.jpg; 7073_3.jpg; 7073_1.jpg; 7073_1.jpg; 7073_6.jpg; 7073_7.jpg; 6627_9.jpg; 7073_9.jpg; 6627_13.jpg; 7354_20.jpg; 7734_13.jpg; 6627_18.jpg; 6627_16.jpg; 7734_12.jpg; 6627_12.jpg; 6627_14.jpg; 6627_21.jpg; 7354_15.jpg; 6627_11.jpg; 6627_19.jpg; 7073_1.jpg; 7073_3.jpg; 6627_8.jpg; 7596_23.jpg; 7932_19.jpg; 8013_23.jpg; 4596_6.jpg; 7142_13.jpg; 5729_13.jpg; 7483_13.jpg; 7981_11.jpg; 8050_13.jpg
7750,[중고] FCUA-DX100 서보 미쓰비시 Mitsubishi Servo 서보앰프 서보드라이버 자동화 산업용부품 자동화부품 servo driver AC서보 200W,[Used] FCUA-DX100 Servo Mitsubishi Servo Servo Amplifier Servo Driver Automation Industrial Parts Automation Parts servo driver AC Servo 200W,FCUA-DX100,220000,200.97,,Servo motor/servo driver,,7750_1.jpg; 7750_1.jpg; 7750_3.jpg; 7750_1.jpg; 7750_1.jpg; 7750_6.jpg; 7750_7.jpg; 7750_8.jpg; 7825_18.jpg; 7750_10.jpg; 7750_11.jpg; 7750_12.jpg; 7825_7.jpg; 7825_19.jpg; 7750_15.jpg; 7750_16.jpg; 7825_13.jpg; 7750_18.jpg; 7750_19.jpg; 7750_20.jpg; 7750_21.jpg; 7750_1.jpg; 7750_3.jpg; 7825_10.jpg; 6627_8.jpg; 7596_23.jpg; 7932_19.jpg; 8013_23.jpg; 4596_6.jpg; 7142_13.jpg; 5729_13.jpg; 7483_13.jpg; 7981_11.jpg
5962,[중고 MZS-1206-33 (6A),[Used MZS-1206-33 (6A),MZS-1206-33,2200,2.01,,Electrical parts and other,,5962_1.jpg; 5962_1.jpg; 5962_3.jpg; 5962_1.jpg; 5962_1.jpg; 5962_6.jpg; 5962_7.jpg; 5962_8.jpg; 5962_9.jpg; 5962_10.jpg; 7589_15.jpg; 5962_12.jpg; 5962_13.jpg; 5962_14.jpg; 5962_15.jpg; 7589_21.jpg; 5962_17.jpg; 5962_18.jpg; 5962_19.jpg; 5962_20.jpg; 5962_1.jpg; 5962_3.jpg; 7586_19.jpg; 7825_10.jpg; 6627_8.jpg; 7596_23.jpg; 7932_19.jpg; 8013_23.jpg; 4596_6.jpg; 7142_13.jpg; 5729_13.jpg; 7483_13.jpg
7586,[중고] NC Nor-Cal Intellisys Adaptive Pressure Controller,[Used] NC Nor-Cal Intellisys Adaptive Pressure Controller,,1650000,1507.27,,vacuum valve,,7586_1.jpg; 7586_1.jpg; 7586_3.jpg; 7586_1.jpg; 7586_1.jpg; 7586_6.jpg; 7586_7.jpg; 7586_8.jpg; 7586_9.jpg; 7586_10.jpg; 7586_11.jpg; 7586_12.jpg; 7586_13.jpg; 7586_14.jpg; 7586_15.jpg; 7586_1.jpg; 7586_3.jpg; 7586_18.jpg; 7586_19.jpg; 7825_10.jpg; 6627_8.jpg; 7596_23.jpg; 7932_19.jpg; 8013_23.jpg; 4596_6.jpg; 7142_13.jpg; 5729_13.jpg
5697,[중고] S8KA15B SPG기어드모터 감속기 기어헤드 인덕션모터 AC모터 AC기어드모터,[Used] S8KA15B SPG geared motor reducer gear head induction motor AC motor AC geared motor,S8KA15B,22000,20.1,,AC motor/geared motor/DC motor,,5697_1.jpg; 5697_1.jpg; 5697_3.jpg; 5697_1.jpg; 5697_1.jpg; 5697_6.jpg; 5401_19.jpg; 5972_8.jpg; 5972_12.jpg; 5378_11.jpg; 4735_14.jpg; 5972_16.jpg; 5380_10.jpg; 5972_11.jpg; 4735_19.jpg; 4735_10.jpg; 5975_20.jpg; 5388_17.jpg; 5401_9.jpg; 5972_17.jpg; 5697_1.jpg; 5697_3.jpg; 5383_10.jpg; 7586_18.jpg; 7586_19.jpg; 7825_10.jpg; 6627_8.jpg; 7596_23.jpg; 7932_19.jpg; 8013_23.jpg; 4596_6.jpg; 7142_13.jpg
8069,[중고] AC4-OHZFT-00 (24V 6.5A +15-15 2.5A 15V 10A 12V 4.2A 5V 10A) ACE450F COSEL,[Used] AC4-OHZFT-00 (24V 6.5A +15-15 2.5A 15V 10A 12V 4.2A 5V 10A) ACE450F COSEL,AC4-OHZFT-00,110000,100.48,,Power supply SMPS,,8069_1.jpg; 8069_1.jpg; 8069_3.jpg; 8069_1.jpg; 8069_1.jpg; 8069_6.jpg; 7844_7.jpg; 7844_9.jpg; 7844_12.jpg; 8069_1.jpg; 8069_3.jpg; 7844_8.jpg; 5383_10.jpg; 7586_18.jpg; 7586_19.jpg; 7825_10.jpg; 6627_8.jpg; 7596_23.jpg; 7932_19.jpg; 8013_23.jpg; 4596_6.jpg
6448,[중고] BOC EDWARDS EPX180N,[Used] BOC EDWARDS EPX180N,EPX180N,3300000,3014.55,EDWARDS,vacuum pump,,6448_1.jpg; 6448_1.jpg; 6448_3.jpg; 6448_1.jpg; 6448_5.jpg; 6447_11.jpg; 6447_8.jpg; 6447_6.jpg; 7674_25.jpg; 6447_7.jpg; 6447_9.jpg; 6447_12.jpg; 6447_13.jpg; 6448_1.jpg; 6448_3.jpg; 6447_10.jpg; 7844_8.jpg; 5383_10.jpg; 7586_18.jpg; 7586_19.jpg; 7825_10.jpg; 6627_8.jpg; 7596_23.jpg; 7932_19.jpg; 8013_23.jpg
5155,[중고] R511B-042E 110W SANYO DENKI PANASONIC ENCODER POTENTIONMETER UNIT EPU-150-E2A0-PC,[Used] R511B-042E 110W SANYO DENKI PANASONIC ENCODER POTENTIONMETER UNIT EPU-150-E2A0-PC,R511B-042E,198000,180.87,,AC motor/geared motor/DC motor,,5155_1.jpg; 5155_1.jpg; 5155_3.jpg; 5155_1.jpg; 5155_1.jpg; 5196_9.jpg; 5196_16.jpg; 5196_11.jpg; 5196_15.jpg; 5196_12.jpg; 5196_12.jpg; 5196_10.jpg; 5196_8.jpg; 5196_19.jpg; 5196_7.jpg; 5155_1.jpg; 5155_3.jpg; 5196_13.jpg; 7844_8.jpg; 5383_10.jpg; 7586_18.jpg; 7586_19.jpg; 7825_10.jpg; 6627_8.jpg; 7596_23.jpg; 7932_19.jpg; 8013_23.jpg
861,[중고] NSK (158/72mm) 볼스크류 볼나사 Ballscrew TM스크류 베어링 삼익THK 자동화부품 조각기 3D프린터 제작부품 자작 DIY,[Used] NSK (158/72mm) Ball Screw Ball Screw Ballscrew TM Screw Bearing Samick THK Automation Parts Engraver 3D Printer Manufacturing Parts DIY,158/72mm,16500,15.07,THK,Ball screw/spline (SPLINE),,861_1.jpg; 861_1.jpg; 861_3.jpg; 861_1.jpg; 861_1.jpg; 861_6.jpg; 861_7.jpg; 861_8.jpg; 861_9.jpg; 861_10.jpg; 861_11.jpg; 6012_23.jpg; 853_21.jpg; 5579_17.jpg; 6012_7.jpg; 6012_11.jpg; 6012_20.jpg; 6012_9.jpg; 6012_17.jpg; 853_26.jpg; 853_13.jpg; 6008_19.jpg; 853_22.jpg; 6012_13.jpg; 6012_19.jpg; 861_1.jpg; 861_3.jpg; 6002_10.jpg; 7844_8.jpg; 5383_10.jpg; 7586_18.jpg; 7586_19.jpg; 7825_10.jpg; 6627_8.jpg; 7596_23.jpg; 7932_19.jpg; 8013_23.jpg
8046,[중고] LINTEC MC-3102L-NC-4JR2AAA00 O2 7SCCM MFC,[Used] LINTEC MC-3102L-NC-4JR2AAA00 O2 7SCCM MFC,MC-3102L-NC-4JR2AAA00,55000,50.24,,MFC/MFM,,8046_1.jpg; 8046_1.jpg; 8046_3.jpg; 8046_1.jpg; 8046_1.jpg; 8046_6.jpg; 8046_7.jpg; 7664_20.jpg; 7664_16.jpg; 7664_17.jpg; 8046_11.jpg; 8046_12.jpg; 7664_21.jpg; 8046_14.jpg; 8046_15.jpg; 7664_15.jpg; 7664_13.jpg; 7664_18.jpg; 7664_13.jpg; 7664_14.jpg; 7664_22.jpg; 8046_1.jpg; 8046_3.jpg; 7664_11.jpg; 6002_10.jpg; 7844_8.jpg; 5383_10.jpg; 7586_18.jpg; 7586_19.jpg; 7825_10.jpg; 6627_8.jpg; 7596_23.jpg; 7932_19.jpg
2220,[중고] HP 4084B,[Used] HP 4084B,4084B,500000,456.75,,"Measuring instruments, optics, experimental equipment",,2220_1.jpg; 2220_1.jpg; 2220_3.jpg; 2220_1.jpg; 2220_1.jpg; 2220_6.jpg; 2220_7.jpg; 2220_8.jpg; 2220_9.jpg; 5119_10.jpg; 5119_13.jpg; 5119_9.jpg; 2220_1.jpg; 2220_3.jpg; 5119_8.jpg; 7664_11.jpg; 6002_10.jpg; 7844_8.jpg; 5383_10.jpg; 7586_18.jpg; 7586_19.jpg; 7825_10.jpg; 6627_8.jpg; 7596_23.jpg
5517,[중고] YAMAHA T402BK-50 ERCX Linear Actuator,[Used] YAMAHA T402BK-50 ERCX Linear Actuator,T402BK-50,330000,301.45,,Cartesian robot/actuator,,5517_1.jpg; 5517_1.jpg; 5517_3.jpg; 5517_1.jpg; 5274_9.jpg; 5404_13.jpg; 5274_15.jpg; 5274_8.jpg; 7227_18.jpg; 7650_14.jpg; 7650_24.jpg; 7215_22.jpg; 5274_24.jpg; 5769_17.jpg; 7215_24.jpg; 5274_20.jpg; 7215_16.jpg; 5274_14.jpg; 5517_1.jpg; 5517_3.jpg; 7215_15.jpg; 5119_8.jpg; 7664_11.jpg; 6002_10.jpg; 7844_8.jpg; 5383_10.jpg; 7586_18.jpg; 7586_19.jpg; 7825_10.jpg; 6627_8.jpg
7510,[중고] MITSUBISHI MR-MC110 SSCNETⅢ 대응 포지션보드,[Used] MITSUBISHI MR-MC110 SSCNETⅢ compatible position board,MR-MC110,330000,301.45,,Computer/Computer-related parts,,7510_1.jpg; 7510_1.jpg; 7510_3.jpg; 7510_1.jpg; 7510_1.jpg; 7510_6.jpg; 6911_20.jpg; 7509_20.jpg; 6911_13.jpg; 6911_24.jpg; 7509_7.jpg; 6916_16.jpg; 7999_18.jpg; 6916_9.jpg; 7510_15.jpg; 7214_10.jpg; 7127_13.jpg; 7510_18.jpg; 6916_13.jpg; 7510_20.jpg; 7510_1.jpg; 7510_3.jpg; 7214_13.jpg; 7215_15.jpg; 5119_8.jpg; 7664_11.jpg; 6002_10.jpg; 7844_8.jpg; 5383_10.jpg; 7586_18.jpg; 7586_19.jpg; 7825_10.jpg
7801,[중고] D40B-J2 OMRON,[Used] D40B-J2 OMRON,D40B-J2,33000,30.15,OMRON,communication module,,7801_1.jpg; 7801_1.jpg; 7801_3.jpg; 7801_1.jpg; 7801_5.jpg; 7801_1.jpg; 7801_7.jpg; 8065_8.jpg; 7801_9.jpg; 7801_10.jpg; 8065_20.jpg; 7674_24.jpg; 8060_8.jpg; 8060_11.jpg; 7918_10.jpg; 7801_16.jpg; 8065_14.jpg; 7821_15.jpg; 7914_18.jpg; 7914_11.jpg; 7821_16.jpg; 7801_1.jpg; 7801_3.jpg; 5166_25.jpg; 7215_15.jpg; 5119_8.jpg; 7664_11.jpg; 6002_10.jpg; 7844_8.jpg; 5383_10.jpg; 7586_18.jpg; 7586_19.jpg; 7825_10.jpg
7896,[중고] NeoDry30EU-003B KASHIYAMA,[Used] NeoDry30EU-003B KASHIYAMA,NeoDry30EU-003B,3300000,3014.55,,vacuum pump,,7896_1.jpg; 7896_1.jpg; 7896_3.jpg; 7896_1.jpg; 7896_1.jpg; 7896_6.jpg; 7896_7.jpg; 7314_10.jpg; 7314_15.jpg; 7314_9.jpg; 7314_12.jpg; 7896_1.jpg; 7896_3.jpg; 7314_11.jpg; 5166_25.jpg; 7215_15.jpg; 5119_8.jpg; 7664_11.jpg; 6002_10.jpg; 7844_8.jpg; 5383_10.jpg; 7586_18.jpg; 7586_19.jpg
5166,[중고] SICK WL12-2B560,[Used] SICK WL12-2B560,WL12-2B560,66000,60.29,,Sensors / various cables,,5166_1.jpg; 5166_1.jpg; 5166_3.jpg; 5166_1.jpg; 5166_5.jpg; 5166_1.jpg; 5609_19.jpg; 8036_24.jpg; 5609_12.jpg; 7325_14.jpg; 5983_13.jpg; 5287_12.jpg; 5186_11.jpg; 5609_20.jpg; 5609_22.jpg; 5991_15.jpg; 5163_15.jpg; 8022_10.jpg; 8022_16.jpg; 8022_17.jpg; 5166_1.jpg; 5166_3.jpg; 8036_23.jpg; 7314_11.jpg; 5166_25.jpg; 7215_15.jpg; 5119_8.jpg; 7664_11.jpg; 6002_10.jpg; 7844_8.jpg; 5383_10.jpg; 7586_18.jpg
5775,[미사용] SUNJE Hi-Tek SBP-RB 이오나이저 파워 컨트롤러,[Unused] SUNJE Hi-Tek SBP-RB Ionizer Power Controller,,330000,301.45,,Clean auxiliary equipment,,5775_1.jpg; 5775_1.jpg; 5775_3.jpg; 5775_1.jpg; 5775_1.jpg; 5775_6.jpg; 5775_7.jpg; 5774_9.jpg; 5774_10.jpg; 6802_24.jpg; 5774_8.jpg; 5775_1.jpg; 5775_3.jpg; 5774_11.jpg; 8036_23.jpg; 7314_11.jpg; 5166_25.jpg; 7215_15.jpg; 5119_8.jpg; 7664_11.jpg; 6002_10.jpg; 7844_8.jpg; 5383_10.jpg
3011,[중고] SIGMA KOKI XYZ축 스테이지 SGSP20-20 SGSP60-10ZF 스테이지 오토스테이지 정밀스테이지,[Used] SIGMA KOKI XYZ axis stage SGSP20-20 SGSP60-10ZF stage auto stage precision stage,SGSP20-20,330000,301.45,,Precision stage,,3011_1.jpg; 3011_1.jpg; 3011_3.jpg; 3011_1.jpg; 3011_1.jpg; 3011_6.jpg; 3011_7.jpg; 3011_8.jpg; 3011_9.jpg; 3011_10.jpg; 3011_11.jpg; 3011_12.jpg; 3011_13.jpg; 3012_18.jpg; 3012_22.jpg; 3012_19.jpg; 3012_15.jpg; 3012_16.jpg; 3012_13.jpg; 3012_17.jpg; 3011_1.jpg; 3011_3.jpg; 3012_14.jpg; 5774_11.jpg; 8036_23.jpg; 7314_11.jpg; 5166_25.jpg; 7215_15.jpg; 5119_8.jpg; 7664_11.jpg; 6002_10.jpg; 7844_8.jpg
6516,[중고] RFPP AM-30 TFT MATCH,[Used] RFPP AM-30 TFT MATCH,AM-30,2200000,2009.7,,RF/DC/MATCH,,6516_1.jpg; 6516_1.jpg; 6516_3.jpg; 6516_1.jpg; 6516_1.jpg; 6516_6.jpg; 6594_21.jpg; 6594_12.jpg; 6594_17.jpg; 6594_24.jpg; 6594_15.jpg; 6594_13.jpg; 6512_15.jpg; 6512_18.jpg; 6594_18.jpg; 6594_16.jpg; 6594_11.jpg; 6503_16.jpg; 6512_16.jpg; 6503_14.jpg; 6516_1.jpg; 6516_3.jpg; 6594_20.jpg; 5774_11.jpg; 8036_23.jpg; 7314_11.jpg; 5166_25.jpg; 7215_15.jpg; 5119_8.jpg; 7664_11.jpg; 6002_10.jpg; 7844_8.jpg
5406,"[중고] TPC 1축 밸트타입 엑츄에이터 스트로크700mm QB80-S-ST700-1000-3P-TA-JBM-3M-UST 자작/DIY CNC부품, 3D프린터 제작","[Used] TPC 1-axis belt type actuator stroke 700mm QB80-S-ST700-1000-3P-TA-JBM-3M-UST Self-made/DIY CNC parts, 3D printer production",스트로크700mm,132000,120.58,NSK,Cartesian robot/actuator,,5406_1.jpg; 5406_1.jpg; 5406_3.jpg; 5406_1.jpg; 7229_6.jpg; 5404_13.jpg; 7215_16.jpg; 7215_17.jpg; 7215_21.jpg; 5274_16.jpg; 7215_22.jpg; 7215_27.jpg; 7634_23.jpg; 7650_14.jpg; 5769_17.jpg; 6931_14.jpg; 7227_18.jpg; 5769_22.jpg; 5274_20.jpg; 5406_1.jpg; 5406_3.jpg; 7215_20.jpg; 6594_20.jpg; 5774_11.jpg; 8036_23.jpg; 7314_11.jpg; 5166_25.jpg; 7215_15.jpg; 5119_8.jpg; 7664_11.jpg; 6002_10.jpg
5792,[중고] TZ4ST-14S 온도콘트롤러 온도컨트롤러 디지털 인디케이터 인디케이터 indicator,[Used] TZ4ST-14S temperature controller temperature controller digital indicator indicator indicator,TZ4ST-14S,22000,20.1,,Temperature controller/indicator,,5792_1.jpg; 5792_1.jpg; 5792_3.jpg; 5792_1.jpg; 5792_1.jpg; 5792_6.jpg; 7474_14.jpg; 5599_18.jpg; 7489_18.jpg; 5694_14.jpg; 7489_11.jpg; 7348_12.jpg; 6804_13.jpg; 7407_15.jpg; 5694_8.jpg; 7668_13.jpg; 7366_12.jpg; 6821_15.jpg; 5694_15.jpg; 7236_7.jpg; 5792_1.jpg; 5792_3.jpg; 5599_17.jpg; 7215_20.jpg; 6594_20.jpg; 5774_11.jpg; 8036_23.jpg; 7314_11.jpg; 5166_25.jpg; 7215_15.jpg; 5119_8.jpg; 7664_11.jpg
7434,[중고] Q04UDHCPU Q시리즈 Mitsubishi Q-PLC MELSEC Q 피엘씨 미쓰비시피엘씨 자동화부품 공장자동화 미쯔비시PLC,[Used] Q04UDHCPU Q Series Mitsubishi Q-PLC MELSEC Q PLC Mitsubishi PLC Automation Parts Factory Automation Mitsubishi PLC,Q04UDHCPU,220000,200.97,,PLC,,7434_1.jpg; 7434_1.jpg; 7434_3.jpg; 7434_1.jpg; 7434_5.jpg; 7434_6.jpg; 7434_7.jpg; 7434_8.jpg; 7434_9.jpg; 7434_10.jpg; 7434_11.jpg; 7413_15.jpg; 7434_13.jpg; 7413_20.jpg; 7434_15.jpg; 7434_16.jpg; 7413_13.jpg; 7434_18.jpg; 7413_13.jpg; 7434_20.jpg; 7434_1.jpg; 7434_3.jpg; 7434_23.jpg; 5599_17.jpg; 7215_20.jpg; 6594_20.jpg; 5774_11.jpg; 8036_23.jpg; 7314_11.jpg; 5166_25.jpg; 7215_15.jpg; 5119_8.jpg
7916,[중고] ST-1228 CREVIS DeviceNet,[Used] ST-1228 CREVIS DeviceNet,ST-1228,44000,40.19,,communication module,,7916_1.jpg; 7916_1.jpg; 7916_3.jpg; 7916_1.jpg; 7916_1.jpg; 7916_6.jpg; 7918_13.jpg; 8065_7.jpg; 7375_12.jpg; 7916_10.jpg; 7918_12.jpg; 7916_12.jpg; 7918_8.jpg; 7916_14.jpg; 7912_11.jpg; 8065_9.jpg; 7916_17.jpg; 7916_18.jpg; 7916_19.jpg; 7916_20.jpg; 7916_1.jpg; 7916_3.jpg; 7801_16.jpg; 7434_23.jpg; 5599_17.jpg; 7215_20.jpg; 6594_20.jpg; 5774_11.jpg; 8036_23.jpg; 7314_11.jpg; 5166_25.jpg; 7215_15.jpg
7881,[중고] DFC5103P,[Used] DFC5103P,DFC5103P,33000,30.15,,Stepping motor/driver/BLDC,,7881_1.jpg; 7881_1.jpg; 7881_3.jpg; 7881_1.jpg; 7881_1.jpg; 7881_6.jpg; 7881_7.jpg; 7881_8.jpg; 7883_10.jpg; 7881_10.jpg; 7881_11.jpg; 7883_15.jpg; 7883_11.jpg; 7881_14.jpg; 7881_15.jpg; 7883_16.jpg; 7883_17.jpg; 7883_23.jpg; 7883_20.jpg; 7883_18.jpg; 7883_13.jpg; 7883_9.jpg; 7881_1.jpg; 7881_3.jpg; 7883_12.jpg; 7801_16.jpg; 7434_23.jpg; 5599_17.jpg; 7215_20.jpg; 6594_20.jpg; 5774_11.jpg; 8036_23.jpg; 7314_11.jpg; 5166_25.jpg
5275,"[중고] 1축 엑츄에이터 스트로크2,800mm 자작/DIY CNC부품, 3D프린터 제작","[Used] 1-axis actuator stroke 2,800mm Do-it-yourself/DIY CNC parts, 3D printer production","스트로크2,800mm",1650000,1507.27,,Cartesian robot/actuator,,5275_1.jpg; 5275_1.jpg; 5275_3.jpg; 5275_1.jpg; 5275_1.jpg; 5275_6.jpg; 5275_7.jpg; 7653_17.jpg; 7650_14.jpg; 6931_6.jpg; 7215_22.jpg; 6931_14.jpg; 5274_15.jpg; 7650_13.jpg; 5274_8.jpg; 5274_16.jpg; 5404_13.jpg; 5769_17.jpg; 7215_21.jpg; 7215_26.jpg; 5274_9.jpg; 5275_1.jpg; 5275_3.jpg; 7650_23.jpg; 7883_12.jpg; 7801_16.jpg; 7434_23.jpg; 5599_17.jpg; 7215_20.jpg; 6594_20.jpg; 5774_11.jpg; 8036_23.jpg; 7314_11.jpg
7778,[중고] EWS1500-24 (24V 63A) 파워써플라이 파워서플라이 POWER SUPPLY SMPS,[Used] EWS1500-24 (24V 63A) Power supply Power supply POWER SUPPLY SMPS,EWS1500-24,165000,150.73,,Power supply SMPS,,7778_1.jpg; 7778_1.jpg; 7778_3.jpg; 7778_1.jpg; 7778_5.jpg; 7778_6.jpg; 7635_17.jpg; 7635_10.jpg; 7635_9.jpg; 7635_12.jpg; 7635_6.jpg; 7635_18.jpg; 7635_11.jpg; 7635_8.jpg; 7635_7.jpg; 7635_15.jpg; 7635_19.jpg; 7635_14.jpg; 7981_26.jpg; 7635_16.jpg; 7778_1.jpg; 7778_3.jpg; 7635_13.jpg; 7650_23.jpg; 7883_12.jpg; 7801_16.jpg; 7434_23.jpg; 5599_17.jpg; 7215_20.jpg; 6594_20.jpg; 5774_11.jpg; 8036_23.jpg
7167,[중고] CHILLER REX-F900 RASCO WTC-2200-AKT,[Used] CHILLER REX-F900 RASCO WTC-2200-AKT,REX-F900,4400000,4019.4,,CHILLER,,7167_1.jpg; 7167_1.jpg; 7167_3.jpg; 7167_1.jpg; 7167_1.jpg; 7167_6.jpg; 7167_7.jpg; 7167_8.jpg; 7167_9.jpg; 7159_10.jpg; 5737_14.jpg; 7159_8.jpg; 7168_12.jpg; 7159_9.jpg; 7159_13.jpg; 7167_1.jpg; 7167_3.jpg; 7168_10.jpg; 7635_13.jpg; 7650_23.jpg; 7883_12.jpg; 7801_16.jpg; 7434_23.jpg; 5599_17.jpg; 7215_20.jpg; 6594_20.jpg; 5774_11.jpg
7002,[중고] FR-E720-0.2K (200W),[Used] FR-E720-0.2K (200W),FR-E720-0.2K,55000,50.24,,INVERTER,,7002_1.jpg; 7002_1.jpg; 7002_3.jpg; 7002_1.jpg; 7002_1.jpg; 7002_6.jpg; 3208_12.jpg; 3208_6.jpg; 3208_15.jpg; 3208_18.jpg; 3208_13.jpg; 3208_11.jpg; 3208_9.jpg; 3208_8.jpg; 3208_14.jpg; 3208_7.jpg; 7002_1.jpg; 7002_3.jpg; 3208_10.jpg; 7168_10.jpg; 7635_13.jpg; 7650_23.jpg; 7883_12.jpg; 7801_16.jpg; 7434_23.jpg; 5599_17.jpg; 7215_20.jpg; 6594_20.jpg
7799,[중고] UDX5107N  UDX5107,[Used] UDX5107N UDX5107,UDX5107N,55000,50.24,,Stepping motor/driver/BLDC,,7799_1.jpg; 7799_1.jpg; 7799_3.jpg; 7799_1.jpg; 7799_5.jpg; 7799_6.jpg; 7799_7.jpg; 7883_12.jpg; 7881_11.jpg; 7883_10.jpg; 7881_14.jpg; 7883_15.jpg; 7883_16.jpg; 7799_14.jpg; 7883_17.jpg; 7883_13.jpg; 7883_18.jpg; 7883_8.jpg; 7799_19.jpg; 7883_23.jpg; 7881_15.jpg; 7799_1.jpg; 7799_3.jpg; 7883_20.jpg; 3208_10.jpg; 7168_10.jpg; 7635_13.jpg; 7650_23.jpg; 7883_12.jpg; 7801_16.jpg; 7434_23.jpg; 5599_17.jpg; 7215_20.jpg
5992,"[중고] F35J-A0270P30-L-S, F35J-A0270P30-D-S 250mm AREA SENSOR Safty Sensor 에어리어센서","[Used] F35J-A0270P30-L-S, F35J-A0270P30-D-S 250mm AREA SENSOR Safety Sensor Area sensor","F35J-A0270P30-L-S,",55000,50.24,,Sensors / various cables,,5992_1.jpg; 5992_1.jpg; 5992_3.jpg; 5992_1.jpg; 5992_1.jpg; 5991_9.jpg; 5163_14.jpg; 5991_22.jpg; 5991_17.jpg; 5161_14.jpg; 5609_16.jpg; 5609_21.jpg; 5161_7.jpg; 8036_11.jpg; 8022_16.jpg; 5163_15.jpg; 5609_20.jpg; 5609_22.jpg; 7325_11.jpg; 5992_1.jpg; 5992_3.jpg; 5983_15.jpg; 7883_20.jpg; 3208_10.jpg; 7168_10.jpg; 7635_13.jpg; 7650_23.jpg; 7883_12.jpg; 7801_16.jpg; 7434_23.jpg; 5599_17.jpg
1029,[중고] ISSOKU (310/180mm) 볼스크류 볼나사 Ballscrew TM스크류 베어링 삼익THK 자동화부품 조각기 3D프린터 제작부품 자작 DIY,[Used] ISSOKU (310/180mm) Ballscrew Ball Screw Ballscrew TM Screw Bearing Samick THK Automation Parts Engraver 3D Printer Manufacturing Parts DIY,310/180mm,44000,40.19,THK,Ball screw/spline (SPLINE),,1029_1.jpg; 1029_1.jpg; 1029_3.jpg; 1029_1.jpg; 1029_1.jpg; 1029_6.jpg; 1029_7.jpg; 1029_8.jpg; 1029_9.jpg; 1029_10.jpg; 1029_11.jpg; 1029_12.jpg; 1029_13.jpg; 1029_14.jpg; 1029_15.jpg; 1029_16.jpg; 853_26.jpg; 6012_20.jpg; 853_22.jpg; 853_13.jpg; 6012_7.jpg; 853_10.jpg; 6012_9.jpg; 6012_23.jpg; 6012_14.jpg; 853_21.jpg; 6008_19.jpg; 6008_23.jpg; 6012_17.jpg; 6012_18.jpg; 1029_1.jpg; 1029_3.jpg; 6012_15.jpg; 5983_15.jpg; 7883_20.jpg; 3208_10.jpg; 7168_10.jpg; 7635_13.jpg; 7650_23.jpg; 7883_12.jpg; 7801_16.jpg; 7434_23.jpg
6524,[중고] JET 1410001-0043 Brooks Automation,[Used] JET 1410001-0043 Brooks Automation,,1650000,1507.27,BROOKS,Controller/Other,,6524_1.jpg; 6524_1.jpg; 6524_3.jpg; 6524_1.jpg; 6524_1.jpg; 6524_6.jpg; 6524_7.jpg; 6524_8.jpg; 5463_25.jpg; 8052_15.jpg; 8052_14.jpg; 8052_8.jpg; 8052_20.jpg; 8052_17.jpg; 8052_9.jpg; 8052_18.jpg; 8052_12.jpg; 8052_11.jpg; 8052_19.jpg; 8052_13.jpg; 8052_10.jpg; 6524_1.jpg; 6524_3.jpg; 8052_16.jpg; 6012_15.jpg; 5983_15.jpg; 7883_20.jpg; 3208_10.jpg; 7168_10.jpg; 7635_13.jpg; 7650_23.jpg; 7883_12.jpg; 7801_16.jpg
4096,[미사용 세재품] 4GN30K 감속기 오리엔탈모터 기어드모터 인덕션모터 스피드컨트롤모터 Orientalmotor,[Unused cleaning products] 4GN30K reducer Oriental motor Geared motor Induction motor Speed ​​control motor Orientalmotor,4GN30K,44000,40.19,,AC motor/geared motor/DC motor,,4096_1.jpg; 4096_1.jpg; 4096_3.jpg; 4096_1.jpg; 4096_5.jpg; 4096_6.jpg; 4096_7.jpg; 4096_8.jpg; 4096_9.jpg; 5156_13.jpg; 4096_11.jpg; 4096_12.jpg; 4096_13.jpg; 5378_23.jpg; 5156_6.jpg; 4096_16.jpg; 4096_17.jpg; 5156_11.jpg; 5156_7.jpg; 4096_1.jpg; 4096_3.jpg; 5979_24.jpg; 8052_16.jpg; 6012_15.jpg; 5983_15.jpg; 7883_20.jpg; 3208_10.jpg; 7168_10.jpg; 7635_13.jpg; 7650_23.jpg; 7883_12.jpg
5979,[중고] TZN4S-14S 온도콘트롤러 온도컨트롤러 디지털 인디케이터 인디케이터 indicator,[Used] TZN4S-14S temperature controller temperature controller digital indicator indicator indicator,TZN4S-14S,33000,30.15,,Temperature controller/indicator,,5979_1.jpg; 5979_1.jpg; 5979_3.jpg; 5979_1.jpg; 5979_1.jpg; 5979_6.jpg; 5694_17.jpg; 5979_8.jpg; 6804_12.jpg; 7474_19.jpg; 7489_13.jpg; 7474_9.jpg; 7366_7.jpg; 7474_8.jpg; 6804_11.jpg; 7474_12.jpg; 7366_18.jpg; 6802_19.jpg; 6804_17.jpg; 7366_23.jpg; 5979_1.jpg; 5979_3.jpg; 7668_21.jpg; 5979_24.jpg; 8052_16.jpg; 6012_15.jpg; 5983_15.jpg; 7883_20.jpg; 3208_10.jpg; 7168_10.jpg; 7635_13.jpg; 7650_23.jpg
5130,[중고] JAI CV-M9CL 3 CCD RGB,[Used] JAI CV-M9CL 3 CCD RGB,CV-M9CL,220000,200.97,,Industrial Cameras/Lens/Lighting,,5130_1.jpg; 5130_1.jpg; 5130_3.jpg; 5130_1.jpg; 5130_1.jpg; 5130_6.jpg; 4596_14.jpg; 5463_14.jpg; 5131_19.jpg; 4594_9.jpg; 5131_11.jpg; 5131_10.jpg; 5131_22.jpg; 4596_6.jpg; 5131_18.jpg; 5122_15.jpg; 5131_9.jpg; 4594_7.jpg; 5131_17.jpg; 5463_13.jpg; 5130_1.jpg; 5130_3.jpg; 5463_9.jpg; 7668_21.jpg; 5979_24.jpg; 8052_16.jpg; 6012_15.jpg; 5983_15.jpg; 7883_20.jpg; 3208_10.jpg; 7168_10.jpg; 7635_13.jpg
6005,[중고] NSK (87/31mm) 볼스크류 볼나사 Ballscrew TM스크류 베어링 삼익THK 자동화부품 조각기 3D프린터 제작부품 자작 DIY,[Used] NSK (87/31mm) Ballscrew Ball Screw Ballscrew TM Screw Bearing Samik THK Automation Parts Engraver 3D Printer Manufacturing Parts DIY,87/31mm,11000,10.05,THK,Ball screw/spline (SPLINE),,6005_1.jpg; 6005_1.jpg; 6005_3.jpg; 6005_1.jpg; 6005_1.jpg; 6005_6.jpg; 6008_19.jpg; 6012_13.jpg; 853_10.jpg; 6002_10.jpg; 6012_17.jpg; 6012_20.jpg; 6012_19.jpg; 6012_8.jpg; 6012_9.jpg; 853_21.jpg; 6012_15.jpg; 6002_17.jpg; 6012_16.jpg; 5579_17.jpg; 6005_1.jpg; 6005_3.jpg; 6012_14.jpg; 5463_9.jpg; 7668_21.jpg; 5979_24.jpg; 8052_16.jpg; 6012_15.jpg; 5983_15.jpg; 7883_20.jpg; 3208_10.jpg; 7168_10.jpg
4870,[중고] MICRO-IMAGECHCKER M100 CONTROLLER ANM100T05,[Used] MICRO-IMAGECHCKER M100 CONTROLLER ANM100T05,M100,220000,200.97,,Industrial Cameras/Lens/Lighting,,4870_1.jpg; 4870_1.jpg; 4870_3.jpg; 4870_1.jpg; 4870_5.jpg; 5571_10.jpg; 5571_12.jpg; 5571_7.jpg; 5571_9.jpg; 5571_11.jpg; 5571_15.jpg; 4870_1.jpg; 4870_3.jpg; 5571_8.jpg; 6012_14.jpg; 5463_9.jpg; 7668_21.jpg; 5979_24.jpg; 8052_16.jpg; 6012_15.jpg; 5983_15.jpg; 7883_20.jpg; 3208_10.jpg
5977,[중고] KEYENCE PJ-V90,[Used] KEYENCE PJ-V90,PJ-V90,99000,90.44,,Electrical parts and other,,5977_1.jpg; 5977_1.jpg; 5977_3.jpg; 5977_1.jpg; 5977_1.jpg; 5977_6.jpg; 7734_23.jpg; 6541_18.jpg; 7073_9.jpg; 7074_10.jpg; 7354_15.jpg; 8065_24.jpg; 7354_13.jpg; 7734_12.jpg; 5977_15.jpg; 7354_20.jpg; 7734_10.jpg; 6627_12.jpg; 6627_19.jpg; 6627_13.jpg; 5977_1.jpg; 5977_3.jpg; 7734_18.jpg; 5571_8.jpg; 6012_14.jpg; 5463_9.jpg; 7668_21.jpg; 5979_24.jpg; 8052_16.jpg; 6012_15.jpg; 5983_15.jpg; 7883_20.jpg
7178,[중고] NSK PU15L (길이150mm/블럭2개) LM가이드 엘엠가이드 LM GUIDE THK IKO NSK 자동화부품 정밀부품 조각기 3D프린터 제작부품 삼익THK 베어링,[Used] NSK PU15L (length 150mm/2 blocks) LM Guide LM Guide LM GUIDE THK IKO NSK Automation Parts Precision Parts Engraver 3D Printer Manufacturing Parts Samik THK Bearing,PU15L,22000,20.1,THK,LM GUIDE / BUSHING,,7178_1.jpg; 7178_2.jpg; 6838_22.jpg; 7178_4.jpg; 7178_5.jpg; 7178_6.jpg; 6838_10.jpg; 6838_8.jpg; 6838_14.jpg; 6838_16.jpg; 7178_11.jpg; 7178_12.jpg; 6838_13.jpg; 6838_9.jpg; 6838_7.jpg; 7178_16.jpg; 6838_6.jpg; 7734_18.jpg; 5571_8.jpg; 6012_14.jpg; 5463_9.jpg; 7668_21.jpg; 5979_24.jpg; 8052_16.jpg; 6012_15.jpg; 5983_15.jpg
6003,[중고] NSK (103/42mm) 볼스크류 볼나사 Ballscrew TM스크류 베어링 삼익THK 자동화부품 조각기 3D프린터 제작부품 자작 DIY,[Used] NSK (103/42mm) Ball Screw Ball Screw Ballscrew TM Screw Bearing Samick THK Automation Parts Engraver 3D Printer Manufacturing Parts DIY,103/42mm,11000,10.05,THK,Ball screw/spline (SPLINE),,6003_1.jpg; 6003_1.jpg; 6003_3.jpg; 6003_1.jpg; 6003_1.jpg; 6003_6.jpg; 6012_14.jpg; 6012_8.jpg; 6012_11.jpg; 6012_12.jpg; 853_26.jpg; 6002_17.jpg; 853_22.jpg; 6012_20.jpg; 853_21.jpg; 6012_16.jpg; 6012_19.jpg; 6012_13.jpg; 6008_23.jpg; 6012_10.jpg; 6003_1.jpg; 6003_3.jpg; 6012_17.jpg; 6838_6.jpg; 7734_18.jpg; 5571_8.jpg; 6012_14.jpg; 5463_9.jpg; 7668_21.jpg; 5979_24.jpg; 8052_16.jpg; 6012_15.jpg
6263,[중고] NANOTEK AEGIS-7NH SPOES,[Used] NANOTEK AEGIS-7NH SPOES,AEGIS-7NH,1100000,1004.85,,Pressure controller/gas analyzer,,6263_1.jpg; 6263_1.jpg; 6263_3.jpg; 6263_1.jpg; 6263_5.jpg; 6263_6.jpg; 6235_15.jpg; 7640_18.jpg; 7789_14.jpg; 7789_21.jpg; 7789_17.jpg; 6262_9.jpg; 7789_11.jpg; 7789_12.jpg; 6235_16.jpg; 7789_9.jpg; 7789_16.jpg; 6235_14.jpg; 7789_8.jpg; 7789_20.jpg; 6263_1.jpg; 6263_3.jpg; 7789_19.jpg; 6012_17.jpg; 6838_6.jpg; 7734_18.jpg; 5571_8.jpg; 6012_14.jpg; 5463_9.jpg; 7668_21.jpg; 5979_24.jpg; 8052_16.jpg
6271,[중고] ULVAC GI-M IONIZATION VACUUM GAUGE CONTROLLER,[Used] ULVAC GI-M IONIZATION VACUUM GAUGE CONTROLLER,,1100000,1004.85,,Pressure controller/gas analyzer,,6271_1.jpg; 6271_1.jpg; 6271_3.jpg; 6271_1.jpg; 6271_5.jpg; 7789_17.jpg; 7789_16.jpg; 7789_13.jpg; 7789_8.jpg; 7789_20.jpg; 7789_21.jpg; 7789_18.jpg; 7789_15.jpg; 7789_12.jpg; 6235_19.jpg; 7640_18.jpg; 6262_5.jpg; 7789_11.jpg; 6235_16.jpg; 6271_1.jpg; 6271_3.jpg; 6262_9.jpg; 6012_17.jpg; 6838_6.jpg; 7734_18.jpg; 5571_8.jpg; 6012_14.jpg; 5463_9.jpg; 7668_21.jpg; 5979_24.jpg; 8052_16.jpg
6533,[중고] WATLOW TLM-8,[Used] WATLOW TLM-8,TLM-8,110000,100.48,,Controller/Other,,6533_1.jpg; 6533_1.jpg; 6533_3.jpg; 6533_1.jpg; 6533_1.jpg; 6533_6.jpg; 6533_7.jpg; 8052_10.jpg; 8052_15.jpg; 5463_25.jpg; 8052_11.jpg; 8052_19.jpg; 8052_20.jpg; 8052_16.jpg; 8052_17.jpg; 8052_12.jpg; 8052_18.jpg; 8052_8.jpg; 8052_9.jpg; 8052_13.jpg; 6533_1.jpg; 6533_3.jpg; 8052_14.jpg; 6262_9.jpg; 6012_17.jpg; 6838_6.jpg; 7734_18.jpg; 5571_8.jpg; 6012_14.jpg; 5463_9.jpg; 7668_21.jpg; 5979_24.jpg
856,[중고] ISSOKU (210/90mm) 볼스크류 볼나사 Ballscrew TM스크류 베어링 삼익THK 자동화부품 조각기 3D프린터 제작부품 자작 DIY,[Used] ISSOKU (210/90mm) Ballscrew Ball Screw Ballscrew TM Screw Bearing Samik THK Automation Parts Engraver 3D Printer Manufacturing Parts DIY,210/90mm,44000,40.19,THK,Ball screw/spline (SPLINE),,856_1.jpg; 856_1.jpg; 856_3.jpg; 856_1.jpg; 856_1.jpg; 856_6.jpg; 856_7.jpg; 856_8.jpg; 856_9.jpg; 853_13.jpg; 6012_11.jpg; 6012_20.jpg; 6012_10.jpg; 5579_17.jpg; 6012_9.jpg; 6012_23.jpg; 6008_23.jpg; 6012_15.jpg; 6012_19.jpg; 6012_18.jpg; 6002_10.jpg; 6012_16.jpg; 853_22.jpg; 856_1.jpg; 856_3.jpg; 6002_17.jpg; 8052_14.jpg; 6262_9.jpg; 6012_17.jpg; 6838_6.jpg; 7734_18.jpg; 5571_8.jpg; 6012_14.jpg; 5463_9.jpg; 7668_21.jpg
7293,[중고] MATROX Gen/Pro PPC 925-0101 Rev.A GPG4N/500/256/2,[Used] MATROX Gen/Pro PPC 925-0101 Rev.A GPG4N/500/256/2,GPG4N/500/256/2,220000,200.97,,Computer/Computer-related parts,,7293_1.jpg; 7293_1.jpg; 7293_3.jpg; 7293_1.jpg; 7293_1.jpg; 7293_6.jpg; 7509_7.jpg; 6911_12.jpg; 7293_9.jpg; 7293_10.jpg; 6916_8.jpg; 7999_19.jpg; 5127_24.jpg; 6911_8.jpg; 7999_14.jpg; 6916_7.jpg; 7293_17.jpg; 7293_18.jpg; 7509_16.jpg; 7127_11.jpg; 7293_1.jpg; 7293_3.jpg; 6916_19.jpg; 6002_17.jpg; 8052_14.jpg; 6262_9.jpg; 6012_17.jpg; 6838_6.jpg; 7734_18.jpg; 5571_8.jpg; 6012_14.jpg; 5463_9.jpg
7608,[중고] HORIBA STEC SEC-E80 Series SEC-E80 N2 500SLM MFC,[Used] HORIBA STEC SEC-E80 Series SEC-E80 N2 500SLM MFC,SEC-E80,330000,301.45,,MFC/MFM,,7608_1.jpg; 7608_1.jpg; 7608_3.jpg; 7608_1.jpg; 7608_1.jpg; 7608_6.jpg; 7608_7.jpg; 7608_8.jpg; 7619_20.jpg; 7619_24.jpg; 7619_14.jpg; 7619_13.jpg; 7608_13.jpg; 7608_14.jpg; 7619_20.jpg; 7619_12.jpg; 7608_17.jpg; 7608_18.jpg; 7608_19.jpg; 7608_20.jpg; 7608_1.jpg; 7608_3.jpg; 7608_23.jpg; 6916_19.jpg; 6002_17.jpg; 8052_14.jpg; 6262_9.jpg; 6012_17.jpg; 6838_6.jpg; 7734_18.jpg; 5571_8.jpg; 6012_14.jpg
7129,[중고] AJINEXTEK SIO-DB32T PCI AXT BPHR Rev B1.0 아진 모션카드 모션보드 Motion Board Motion Card,[Used] AJINEXTEK SIO-DB32T PCI AXT BPHR Rev B1.0 AJIN Motion Card Motion Board Motion Card,SIO-DB32T,165000,150.73,,Computer/Computer-related parts,,7129_1.jpg; 7129_1.jpg; 7129_3.jpg; 7129_1.jpg; 7129_1.jpg; 7129_6.jpg; 7129_7.jpg; 7129_8.jpg; 7293_18.jpg; 6911_16.jpg; 6911_19.jpg; 7127_11.jpg; 7999_16.jpg; 6911_21.jpg; 7509_7.jpg; 6911_21.jpg; 7999_13.jpg; 7129_18.jpg; 7129_19.jpg; 7129_20.jpg; 7129_1.jpg; 7129_3.jpg; 7129_23.jpg; 7608_23.jpg; 6916_19.jpg; 6002_17.jpg; 8052_14.jpg; 6262_9.jpg; 6012_17.jpg; 6838_6.jpg; 7734_18.jpg; 5571_8.jpg
7963,"[중고] 54019145 54018920 54019657 54019234 54019805 54019804 54019664 54019152 PARKER 1/4가스밸브""","[Used] 54019145 54018920 54019657 54019234 54019805 54019804 54019664 54019152 PARKER 1/4 gas valve""",,22000,20.1,PARKER,Gas valve/regulator/pressure gauge,,7963_1.jpg; 7963_1.jpg; 7963_3.jpg; 7963_1.jpg; 7963_1.jpg; 7963_6.jpg; 7963_7.jpg; 7961_10.jpg; 7961_12.jpg; 5894_21.jpg; 7961_7.jpg; 7961_9.jpg; 7961_11.jpg; 7963_1.jpg; 7963_3.jpg; 7961_8.jpg; 7129_23.jpg; 7608_23.jpg; 6916_19.jpg; 6002_17.jpg; 8052_14.jpg; 6262_9.jpg; 6012_17.jpg; 6838_6.jpg; 7734_18.jpg
7710,[중고] JEL DTVHR4275-050-PM 진공로봇,[Used] JEL DTVHR4275-050-PM Vacuum Robot,DTVHR4275-050-PM,5500000,5024.25,,semiconductor equipment,,7710_1.jpg; 7710_1.jpg; 7710_3.jpg; 7710_1.jpg; 7710_5.jpg; 7710_1.jpg; 7710_7.jpg; 7710_8.jpg; 7710_9.jpg; 7710_10.jpg; 5820_10.jpg; 7934_19.jpg; 7440_19.jpg; 8050_18.jpg; 7934_22.jpg; 8050_9.jpg; 7934_23.jpg; 7440_13.jpg; 7440_18.jpg; 5729_19.jpg; 6631_18.jpg; 8054_15.jpg; 8029_15.jpg; 7440_25.jpg; 7710_1.jpg; 7710_3.jpg; 8054_24.jpg; 7129_23.jpg; 7608_23.jpg; 6916_19.jpg; 6002_17.jpg; 8052_14.jpg; 6262_9.jpg; 6012_17.jpg; 6838_6.jpg; 7734_18.jpg
6850,[중고] PCI-2724C Interface,[Used] PCI-2724C Interface,PCI-2724C,99000,90.44,,Computer/Computer-related parts,,6850_1.jpg; 6850_1.jpg; 6850_3.jpg; 6850_1.jpg; 6850_1.jpg; 6850_6.jpg; 6850_7.jpg; 6911_21.jpg; 6850_9.jpg; 7510_15.jpg; 6850_11.jpg; 7999_19.jpg; 6850_13.jpg; 7293_10.jpg; 7509_11.jpg; 6911_19.jpg; 7509_7.jpg; 7509_15.jpg; 7509_12.jpg; 7999_13.jpg; 6850_21.jpg; 6850_1.jpg; 6850_3.jpg; 6850_24.jpg; 8054_24.jpg; 7129_23.jpg; 7608_23.jpg; 6916_19.jpg; 6002_17.jpg; 8052_14.jpg; 6262_9.jpg; 6012_17.jpg; 6838_6.jpg
7336,[중고] ULVAC MBX-1305A RF MATCHING BOX,[Used] ULVAC MBX-1305A RF MATCHING BOX,MBX-1305A,2200000,2009.7,,RF/DC/MATCH,,7336_1.jpg; 7336_1.jpg; 7336_3.jpg; 7336_1.jpg; 7336_1.jpg; 7336_6.jpg; 7336_7.jpg; 7336_8.jpg; 6594_16.jpg; 6594_14.jpg; 6503_14.jpg; 6594_10.jpg; 6594_13.jpg; 6512_22.jpg; 6594_24.jpg; 6594_15.jpg; 6503_16.jpg; 6512_14.jpg; 6594_9.jpg; 6594_12.jpg; 6512_18.jpg; 6594_20.jpg; 7336_1.jpg; 7336_3.jpg; 6503_18.jpg; 6850_24.jpg; 8054_24.jpg; 7129_23.jpg; 7608_23.jpg; 6916_19.jpg; 6002_17.jpg; 8052_14.jpg; 6262_9.jpg; 6012_17.jpg
7768,[중고] MKS Baratron Pressure Transducer 722B01TCD2FA 722B12TCD2FA 722B21TCD2FA 722B13TCD2FA,[Used] MKS Baratron Pressure Transducer 722B01TCD2FA 722B12TCD2FA 722B21TCD2FA 722B13TCD2FA,722B01TCD2FA,330000,301.45,MKS,vacuum gauge,,7768_1.jpg; 7768_1.jpg; 7768_3.jpg; 7768_1.jpg; 7768_1.jpg; 7768_6.jpg; 7465_11.jpg; 7585_20.jpg; 7561_23.jpg; 7561_13.jpg; 7561_10.jpg; 7465_20.jpg; 7561_14.jpg; 7561_19.jpg; 7818_21.jpg; 7465_10.jpg; 7465_13.jpg; 7561_7.jpg; 7585_10.jpg; 7561_16.jpg; 7768_1.jpg; 7768_3.jpg; 7465_8.jpg; 6503_18.jpg; 6850_24.jpg; 8054_24.jpg; 7129_23.jpg; 7608_23.jpg; 6916_19.jpg; 6002_17.jpg; 8052_14.jpg; 6262_9.jpg
5604,[중고] HPG-20A-11-F0 (11:1) 서보모터 감속기,[Used] HPG-20A-11-F0 (11:1) servo motor reducer,HPG-20A-11-F0,99000,90.44,,Reducer/Index/Coupling,,5604_1.jpg; 5604_1.jpg; 5604_3.jpg; 5604_1.jpg; 6990_5.jpg; 5604_1.jpg; 5604_7.jpg; 7649_9.jpg; 7649_10.jpg; 7649_17.jpg; 7649_22.jpg; 7649_12.jpg; 7649_15.jpg; 7649_11.jpg; 7649_19.jpg; 7649_13.jpg; 7649_18.jpg; 7649_8.jpg; 7649_16.jpg; 5604_1.jpg; 5604_3.jpg; 7649_14.jpg; 7465_8.jpg; 6503_18.jpg; 6850_24.jpg; 8054_24.jpg; 7129_23.jpg; 7608_23.jpg; 6916_19.jpg; 6002_17.jpg; 8052_14.jpg
7419,[중고] Pilz PNOZ S4,[Used] Pilz PNOZ S4,,77000,70.34,,communication module,,7419_1.jpg; 7419_1.jpg; 7419_3.jpg; 7419_1.jpg; 7419_1.jpg; 7419_6.jpg; 7419_7.jpg; 7419_8.jpg; 7916_12.jpg; 8060_10.jpg; 7419_11.jpg; 8060_8.jpg; 8060_14.jpg; 7914_16.jpg; 7918_15.jpg; 7821_13.jpg; 7419_17.jpg; 7674_24.jpg; 7912_15.jpg; 8060_7.jpg; 7914_12.jpg; 7914_9.jpg; 7419_1.jpg; 7419_3.jpg; 7918_20.jpg; 7649_14.jpg; 7465_8.jpg; 6503_18.jpg; 6850_24.jpg; 8054_24.jpg; 7129_23.jpg; 7608_23.jpg; 6916_19.jpg; 6002_17.jpg
7272,[중고] ALM XY Axis Stage (75 x 75) 11500-01B-SPA,[Used] ALM XY Axis Stage (75 x 75) 11500-01B-SPA,11500-01B-SPA,165000,150.73,,Precision stage,,7272_1.jpg; 7272_1.jpg; 7272_3.jpg; 7272_1.jpg; 7272_5.jpg; 7272_1.jpg; 7272_7.jpg; 7272_8.jpg; 4875_10.jpg; 4875_6.jpg; 4875_13.jpg; 4875_9.jpg; 4875_8.jpg; 7272_1.jpg; 7272_3.jpg; 4875_7.jpg; 7918_20.jpg; 7649_14.jpg; 7465_8.jpg; 6503_18.jpg; 6850_24.jpg; 8054_24.jpg; 7129_23.jpg; 7608_23.jpg; 6916_19.jpg
7026,[중고] DC1040 Honeywell 온도콘트롤러 온도컨트롤러 디지털 인디케이터 인디케이터 indicator,[Used] DC1040 Honeywell temperature controller temperature controller digital indicator indicator indicator,DC1040,66000,60.29,,Temperature controller/indicator,,7026_1.jpg; 7026_1.jpg; 7026_3.jpg; 7026_1.jpg; 7026_1.jpg; 7026_6.jpg; 7715_11.jpg; 7668_13.jpg; 7474_11.jpg; 5694_14.jpg; 7236_13.jpg; 7026_12.jpg; 7715_19.jpg; 7026_14.jpg; 7026_15.jpg; 5694_8.jpg; 6804_8.jpg; 6804_20.jpg; 6802_17.jpg; 7474_15.jpg; 7026_1.jpg; 7026_3.jpg; 7474_19.jpg; 4875_7.jpg; 7918_20.jpg; 7649_14.jpg; 7465_8.jpg; 6503_18.jpg; 6850_24.jpg; 8054_24.jpg; 7129_23.jpg; 7608_23.jpg
3107,[미사용] FK-15-P0-C7 성일 HNC 대성정밀 볼스크류고정 볼스크류서포트유니트 SUPPORTUNIT BALLSCREW 자동화부품 자동화 기계,[Unused] FK-15-P0-C7 Seongil HNC Daesung Precision Ball Screw Fixing Ball Screw Support Unit SUPPORTUNIT BALLSCREW Automation Parts Automation Machine,FK-15-P0-C7,44000,40.19,,Ball screw/spline (SPLINE),,3107_1.jpg; 3107_1.jpg; 3107_3.jpg; 3107_1.jpg; 3107_1.jpg; 3107_6.jpg; 2894_7.jpg; 2894_8.jpg; 2894_13.jpg; 2894_11.jpg; 2894_10.jpg; 2894_19.jpg; 2894_12.jpg; 2894_9.jpg; 2894_14.jpg; 2894_16.jpg; 3107_1.jpg; 3107_3.jpg; 2894_15.jpg; 4875_7.jpg; 7918_20.jpg; 7649_14.jpg; 7465_8.jpg; 6503_18.jpg; 6850_24.jpg; 8054_24.jpg; 7129_23.jpg; 7608_23.jpg
5970,[중고] S9KC3BH SPG기어드모터 감속기 기어헤드 인덕션모터 AC모터 AC기어드모터,[Used] S9KC3BH SPG geared motor reducer gear head induction motor AC motor AC geared motor,S9KC3BH,22000,20.1,,AC motor/geared motor/DC motor,,5970_1.jpg; 5970_1.jpg; 5970_3.jpg; 5970_1.jpg; 5970_1.jpg; 5970_6.jpg; 4735_10.jpg; 5383_7.jpg; 5378_11.jpg; 5972_16.jpg; 5401_14.jpg; 4735_7.jpg; 5401_7.jpg; 5401_19.jpg; 5972_15.jpg; 5401_9.jpg; 4735_19.jpg; 5380_17.jpg; 5972_10.jpg; 5380_13.jpg; 5970_3.jpg; 5383_8.jpg; 4875_7.jpg; 7918_20.jpg; 7649_14.jpg; 7465_8.jpg; 6503_18.jpg; 6850_24.jpg; 8054_24.jpg; 7129_23.jpg; 7608_23.jpg
7994,[중고] NJ-PD3001 OMRON POWER SUPPLY UNIT,[Used] NJ-PD3001 OMRON POWER SUPPLY UNIT,NJ-PD3001,66000,60.29,OMRON,PLC,,7994_1.jpg; 7994_1.jpg; 7994_3.jpg; 7994_1.jpg; 7994_1.jpg; 7994_6.jpg; 7994_7.jpg; 7994_1.jpg; 7994_3.jpg; 7994_10.jpg; 4875_7.jpg; 7918_20.jpg; 7649_14.jpg; 7465_8.jpg; 6503_18.jpg; 6850_24.jpg; 8054_24.jpg; 7129_23.jpg; 7608_23.jpg
7887,[중고] CAP-80 MarkII CRYOACE ANELVA,[Used] CAP-80 MarkII CRYOACE ANELVA,CAP-80,1100000,1004.85,,vacuum pump,,7887_1.jpg; 7887_1.jpg; 7887_3.jpg; 7887_1.jpg; 7887_1.jpg; 7887_6.jpg; 7887_7.jpg; 7887_8.jpg; 7889_12.jpg; 7889_11.jpg; 4596_23.jpg; 7889_8.jpg; 7889_9.jpg; 7887_1.jpg; 7887_3.jpg; 7889_10.jpg; 7474_19.jpg; 4875_7.jpg; 7918_20.jpg; 7649_14.jpg; 7465_8.jpg; 6503_18.jpg; 6850_24.jpg; 8054_24.jpg; 7129_23.jpg
7341,[중고] GRANVILLE-PHILPS 275Mini-Convectron  275538-GQ-T,[Used] GRANVILLE-PHILPS 275Mini-Convectron 275538-GQ-T,275Mini-Convectron,165000,150.73,,vacuum gauge,,7341_1.jpg; 7341_1.jpg; 7341_3.jpg; 7341_1.jpg; 7341_1.jpg; 7341_6.jpg; 7341_7.jpg; 7341_8.jpg; 8073_12.jpg; 8073_20.jpg; 7498_11.jpg; 7498_11.jpg; 5599_27.jpg; 8073_9.jpg; 8073_8.jpg; 8073_15.jpg; 7299_17.jpg; 8073_18.jpg; 7496_23.jpg; 7498_17.jpg; 8073_13.jpg; 7498_14.jpg; 7341_1.jpg; 7341_3.jpg; 8073_14.jpg; 7889_10.jpg; 7474_19.jpg; 4875_7.jpg; 7918_20.jpg; 7649_14.jpg; 7465_8.jpg; 6503_18.jpg; 6850_24.jpg; 8054_24.jpg
2327,[중고] Mitutoyo ID-U1025E Code No.565-123,[Used] Mitutoyo ID-U1025E Code No.565-123,ID-U1025E,165000,150.73,,"Measuring instruments, optics, experimental equipment",,2327_1.jpg; 2327_1.jpg; 2327_3.jpg; 2327_1.jpg; 2327_1.jpg; 2327_6.jpg; 2327_7.jpg; 2327_8.jpg; 2327_9.jpg; 5119_13.jpg; 5119_8.jpg; 5119_9.jpg; 2327_1.jpg; 2327_3.jpg; 5119_10.jpg; 8073_14.jpg; 7889_10.jpg; 7474_19.jpg; 4875_7.jpg; 7918_20.jpg; 7649_14.jpg; 7465_8.jpg; 6503_18.jpg; 6850_24.jpg
7064,[중고] SHS15 (길이160mm/블럭1개) LM가이드 엘엠가이드 LM GUIDE THK IKO NSK 자동화부품 정밀부품 조각기 3D프린터 제작부품 삼익THK 베어링,[Used] SHS15 (Length 160mm/1 block) LM Guide LM Guide LM GUIDE THK IKO NSK Automation Parts Precision Parts Engraver 3D Printer Manufacturing Parts Samik THK Bearing,SHS15,16500,15.07,THK,LM GUIDE / BUSHING,,7064_1.jpg; 7064_1.jpg; 7064_3.jpg; 7064_1.jpg; 7064_1.jpg; 7064_6.jpg; 7104_9.jpg; 7104_10.jpg; 7104_7.jpg; 7104_16.jpg; 7104_8.jpg; 7104_18.jpg; 7104_15.jpg; 7104_21.jpg; 7104_13.jpg; 7104_17.jpg; 7104_14.jpg; 7104_11.jpg; 7064_1.jpg; 7064_3.jpg; 7104_12.jpg; 5119_10.jpg; 8073_14.jpg; 7889_10.jpg; 7474_19.jpg; 4875_7.jpg; 7918_20.jpg; 7649_14.jpg; 7465_8.jpg; 6503_18.jpg
5968,[중고] SM9N090DB SYM기어드모터 감속기 기어헤드 인덕션모터 AC모터 AC기어드모터,[Used] SM9N090DB SYM geared motor reducer gear head induction motor AC motor AC geared motor,SM9N090DB,33000,30.15,,AC motor/geared motor/DC motor,,5968_1.jpg; 5968_1.jpg; 5968_3.jpg; 5968_1.jpg; 5968_1.jpg; 5966_6.jpg; 5966_11.jpg; 5966_7.jpg; 5968_1.jpg; 5968_3.jpg; 5966_8.jpg; 7104_12.jpg; 5119_10.jpg; 8073_14.jpg; 7889_10.jpg; 7474_19.jpg; 4875_7.jpg; 7918_20.jpg; 7649_14.jpg; 7465_8.jpg
6823,[중고] AX5212 REV.A1,[Used] AX5212 REV.A1,AX5212,165000,150.73,,Computer/Computer-related parts,,6823_1.jpg; 6823_2.jpg; 6823_1.jpg; 6823_1.jpg; 6823_5.jpg; 6916_19.jpg; 6850_9.jpg; 7999_7.jpg; 7127_20.jpg; 6823_10.jpg; 7214_10.jpg; 6823_12.jpg; 7127_11.jpg; 7509_15.jpg; 6911_9.jpg; 6911_24.jpg; 7293_17.jpg; 6911_11.jpg; 6911_12.jpg; 6823_1.jpg; 6823_2.jpg; 7127_10.jpg; 7104_12.jpg; 5119_10.jpg; 8073_14.jpg; 7889_10.jpg; 7474_19.jpg; 4875_7.jpg; 7918_20.jpg; 7649_14.jpg; 7465_8.jpg
7762,[중고] Mitutoyo No.148-504 미츠토요 마이크로미터 헤드,[Used] Mitutoyo No.148-504 Mitutoyo Micrometer Head,No.148-504,16500,15.07,,Indicator/Gauge/Measuring Tool,,7762_1.jpg; 7762_1.jpg; 7762_3.jpg; 7762_1.jpg; 7762_1.jpg; 7762_6.jpg; 7762_7.jpg; 7323_9.jpg; 7323_11.jpg; 7323_14.jpg; 7762_1.jpg; 7762_3.jpg; 7323_10.jpg; 7127_10.jpg; 7104_12.jpg; 5119_10.jpg; 8073_14.jpg; 7889_10.jpg; 7474_19.jpg; 4875_7.jpg; 7918_20.jpg; 7649_14.jpg
5239,[중고] KMB301T ROOTS VACUUM PUMP KASHIYAMA,[Used] KMB301T ROOTS VACUUM PUMP KASHIYAMA,KMB301T,880000,803.88,,vacuum pump,,5239_1.jpg; 5239_1.jpg; 5239_3.jpg; 5239_1.jpg; 5239_5.jpg; 7892_9.jpg; 7892_12.jpg; 5239_1.jpg; 5239_3.jpg; 7892_8.jpg; 7323_10.jpg; 7127_10.jpg; 7104_12.jpg; 5119_10.jpg; 8073_14.jpg; 7889_10.jpg; 7474_19.jpg; 4875_7.jpg; 7918_20.jpg
7369,[중고] ASYST IsoPort PART NO:9700-9129-01 LOAD PORT FOUP OPENER 300mm wafer 12inch,[Used] ASYST IsoPort PART NO:9700-9129-01 LOAD PORT FOUP OPENER 300mm wafer 12inch,NO:9700-9129-01,5500000,5024.25,,LOAD PORT,,7369_1.jpg; 7369_1.jpg; 7369_3.jpg; 7369_1.jpg; 7369_1.jpg; 7369_6.jpg; 7369_7.jpg; 7369_8.jpg; 7369_9.jpg; 7874_26.jpg; 7369_1.jpg; 7369_3.jpg; 7368_9.jpg; 7892_8.jpg; 7323_10.jpg; 7127_10.jpg; 7104_12.jpg; 5119_10.jpg; 8073_14.jpg; 7889_10.jpg; 7474_19.jpg; 4875_7.jpg
6261,[중고] ULVAC GP-1000,[Used] ULVAC GP-1000,GP-1000,1100000,1004.85,,Pressure controller/gas analyzer,,6261_1.jpg; 6261_1.jpg; 6261_3.jpg; 6261_1.jpg; 6261_5.jpg; 7789_18.jpg; 7789_8.jpg; 7789_17.jpg; 7789_19.jpg; 7789_15.jpg; 7789_16.jpg; 7789_12.jpg; 6262_5.jpg; 7789_13.jpg; 6262_9.jpg; 6235_19.jpg; 7789_9.jpg; 7640_18.jpg; 7789_21.jpg; 6261_1.jpg; 6261_3.jpg; 7789_20.jpg; 7368_9.jpg; 7892_8.jpg; 7323_10.jpg; 7127_10.jpg; 7104_12.jpg; 5119_10.jpg; 8073_14.jpg; 7889_10.jpg; 7474_19.jpg
6837,[중고] H25 (길이460mm/블럭1개) LM가이드 엘엠가이드 LM GUIDE THK IKO NSK 자동화부품 정밀부품 조각기 3D프린터 제작부품 삼익THK 베어링,[Used] H25 (Length 460mm/1 block) LM Guide LM Guide LM GUIDE THK IKO NSK Automation Parts Precision Parts Engraver 3D Printer Manufacturing Parts Samick THK Bearing,H25,33000,30.15,THK,LM GUIDE / BUSHING,,6837_1.jpg; 6837_1.jpg; 6837_3.jpg; 6837_1.jpg; 6837_1.jpg; 6837_6.jpg; 6838_18.jpg; 6838_11.jpg; 6838_7.jpg; 6838_10.jpg; 6837_11.jpg; 6838_14.jpg; 7178_6.jpg; 6838_12.jpg; 7178_4.jpg; 6838_15.jpg; 6838_16.jpg; 6837_18.jpg; 6838_17.jpg; 7178_12.jpg; 6837_1.jpg; 6837_3.jpg; 7178_16.jpg; 7789_20.jpg; 7368_9.jpg; 7892_8.jpg; 7323_10.jpg; 7127_10.jpg; 7104_12.jpg; 5119_10.jpg; 8073_14.jpg; 7889_10.jpg
7315,[중고] EBARA Dry Pump Interface Part No.217601-301A,[Used] EBARA Dry Pump Interface Part No.217601-301A,No.217601-301A,440000,401.94,,vacuum pump,,7315_1.jpg; 7315_1.jpg; 7315_3.jpg; 7315_1.jpg; 7315_1.jpg; 7315_6.jpg; 7315_7.jpg; 7315_8.jpg; 7314_9.jpg; 7314_10.jpg; 7314_15.jpg; 7314_11.jpg; 7315_1.jpg; 7315_3.jpg; 7314_12.jpg; 7789_20.jpg; 7368_9.jpg; 7892_8.jpg; 7323_10.jpg; 7127_10.jpg; 7104_12.jpg; 5119_10.jpg; 8073_14.jpg; 7889_10.jpg
7862,[중고] ASM66AC-N50,[Used] ASM66AC-N50,ASM66AC-N50,110000,100.48,,Stepping motor/driver/BLDC,,7862_1.jpg; 7862_1.jpg; 7862_3.jpg; 7862_4.jpg; 7862_5.jpg; 7862_6.jpg; 7862_7.jpg; 7862_8.jpg; 7862_9.jpg; 7862_10.jpg; 7899_15.jpg; 7898_8.jpg; 7865_7.jpg; 7899_13.jpg; 7899_18.jpg; 7866_26.jpg; 7868_19.jpg; 7868_16.jpg; 7870_39.jpg; 7870_27.jpg; 7899_14.jpg; 7866_31.jpg; 7906_12.jpg; 7899_16.jpg; 7862_1.jpg; 7862_3.jpg; 7868_21.jpg; 7314_12.jpg; 7789_20.jpg; 7368_9.jpg; 7892_8.jpg; 7323_10.jpg; 7127_10.jpg; 7104_12.jpg; 5119_10.jpg; 8073_14.jpg
7658,[중고] HSR35-LR형 (길이600mm/블럭1개) LM가이드 엘엠가이드 LM GUIDE THK IKO NSK 자동화부품 정밀부품 조각기 3D프린터 제작부품 삼익THK 베어링,[Used] HSR35-LR type (length 600mm/1 block) LM Guide LM Guide LM GUIDE THK IKO NSK Automation Parts Precision Parts Engraver 3D Printer Manufacturing Parts Samik THK Bearing,HSR35-LR,55000,50.24,THK,LM GUIDE / BUSHING,,7658_1.jpg; 7658_1.jpg; 7658_3.jpg; 7658_1.jpg; 7833_5.png; 7658_1.jpg; 7658_7.jpg; 7834_7.jpg; 7834_10.jpg; 7834_11.jpg; 7834_12.jpg; 7834_17.jpg; 7833_18.jpg; 7658_14.jpg; 7834_6.jpg; 7834_9.jpg; 7833_7.jpg; 7834_5.jpg; 7834_13.jpg; 7834_8.jpg; 7833_23.jpg; 7658_1.jpg; 7658_3.jpg; 7834_14.jpg; 7868_21.jpg; 7314_12.jpg; 7789_20.jpg; 7368_9.jpg; 7892_8.jpg; 7323_10.jpg; 7127_10.jpg; 7104_12.jpg; 5119_10.jpg
7433,[중고] QD75MH2 Q시리즈 Mitsubishi Q-PLC MELSEC Q 피엘씨 미쓰비시피엘씨 자동화부품 공장자동화 미쯔비시PLC,[Used] QD75MH2 Q Series Mitsubishi Q-PLC MELSEC Q PLC Mitsubishi PLC Automation Parts Factory Automation Mitsubishi PLC,QD75MH2,275000,251.21,,PLC,,7433_1.jpg; 7433_1.jpg; 7433_3.jpg; 7433_1.jpg; 7433_1.jpg; 7433_6.jpg; 7433_7.jpg; 7433_8.jpg; 7433_9.jpg; 7433_10.jpg; 7433_11.jpg; 7413_16.jpg; 7433_13.jpg; 7434_8.jpg; 7433_15.jpg; 7413_13.jpg; 7433_17.jpg; 7433_18.jpg; 7433_19.jpg; 7434_7.jpg; 7433_1.jpg; 7433_3.jpg; 7433_23.jpg; 7834_14.jpg; 7868_21.jpg; 7314_12.jpg; 7789_20.jpg; 7368_9.jpg; 7892_8.jpg; 7323_10.jpg; 7127_10.jpg; 7104_12.jpg
7376,[중고] RS30 RS20 Rail Switch HIRSCHMANN,[Used] RS30 RS20 Rail Switch HIRSCHMANN,RS30,77000,70.34,OMRON,communication module,,7376_1.jpg; 7376_1.jpg; 7376_3.jpg; 7376_1.jpg; 7376_1.jpg; 7376_6.jpg; 7918_20.jpg; 7914_16.jpg; 7419_11.jpg; 7916_18.jpg; 7376_11.jpg; 8065_11.jpg; 7914_20.jpg; 7376_14.jpg; 7376_15.jpg; 7914_7.jpg; 7916_17.jpg; 7376_18.jpg; 7840_24.jpg; 7376_20.jpg; 7376_1.jpg; 7376_3.jpg; 7912_15.jpg; 7433_23.jpg; 7834_14.jpg; 7868_21.jpg; 7314_12.jpg; 7789_20.jpg; 7368_9.jpg; 7892_8.jpg; 7323_10.jpg; 7127_10.jpg
8044,[중고] SHIMADZU TMP-203M-G1 EI-D203M Turbo molecular pump,[Used] SHIMADZU TMP-203M-G1 EI-D203M Turbo molecular pump,TMP-203M-G1,3300000,3014.55,,vacuum pump,,8044_1.jpg; 8044_1.jpg; 8044_3.jpg; 8044_1.jpg; 8044_1.jpg; 8044_6.jpg; 8044_7.jpg; 8044_8.jpg; 6447_6.jpg; 6447_11.jpg; 6447_12.jpg; 7674_25.jpg; 6447_13.jpg; 6447_10.jpg; 6447_8.jpg; 6447_9.jpg; 8044_1.jpg; 8044_3.jpg; 6447_7.jpg; 7912_15.jpg; 7433_23.jpg; 7834_14.jpg; 7868_21.jpg; 7314_12.jpg; 7789_20.jpg; 7368_9.jpg; 7892_8.jpg; 7323_10.jpg
7877,[중고] ASD10A-K 오리엔탈,[Used] ASD10A-K Oriental,ASD10A-K,66000,60.29,,Stepping motor/driver/BLDC,,7877_1.jpg; 7877_1.jpg; 7877_3.jpg; 7877_1.jpg; 7877_1.jpg; 7877_6.jpg; 7877_7.jpg; 7877_8.jpg; 7877_9.jpg; 7877_10.jpg; 7877_11.jpg; 7877_12.jpg; 7877_13.jpg; 7877_14.jpg; 7877_1.jpg; 7877_3.jpg; 7877_17.jpg; 6447_7.jpg; 7912_15.jpg; 7433_23.jpg; 7834_14.jpg; 7868_21.jpg; 7314_12.jpg; 7789_20.jpg; 7368_9.jpg; 7892_8.jpg
7573,[중고] SMC 압력게이지 ISE40A-C6-T ISE40-C6-62L ISE30-01-65-M ISE60-A2-62L ISE40-T1-62L ISE50-02-22L ISE6B-A2-67L ISE40-T1-62 ISE40-01-62L ISE80-02L-B ISE30-01-25-M ISE60-A2-22L ISE40-01-22 ISE50-02-22L-M ISE80-A2L-B ISE30-01-26-M ISE80-A2-T ISE30A-C6L-P,[Used] SMC pressure gauge ISE40A-C6-T ISE40-C6-62L ISE30-01-65-M ISE60-A2-62L ISE40-T1-62L ISE50-02-22L ISE6B-A2-67L ISE40-T1-62 ISE40-01-62L ISE80-02L-B ISE30-01-25-M ISE60-A2-22L ISE40-01-22 ISE50-02-22L-M ISE80-A2L-B ISE30-01-26-M ISE80-A2-T ISE30A-C6L-P,ISE40A-C6-T,11000,10.05,,Pneumatic parts (PNEUMATIC),,7573_1.jpg; 7573_1.jpg; 7573_3.jpg; 7573_1.jpg; 7573_1.jpg; 7573_6.jpg; 7573_7.jpg; 7573_8.jpg; 7573_9.jpg; 7573_10.jpg; 7757_12.jpg; 7573_12.jpg; 7757_16.jpg; 7573_14.jpg; 7757_13.jpg; 7573_16.jpg; 7573_17.jpg; 7757_21.jpg; 7757_19.jpg; 7757_11.jpg; 7573_21.jpg; 7757_25.jpg; 7573_1.jpg; 7573_3.jpg; 7757_17.jpg; 7877_17.jpg; 6447_7.jpg; 7912_15.jpg; 7433_23.jpg; 7834_14.jpg; 7868_21.jpg; 7314_12.jpg; 7789_20.jpg; 7368_9.jpg
6832,[중고] 삼익 SC12UUN 400mm 580mm 리니어부싱 환봉 리니어가이드 자동화부품 정밀부품 조각기 3D프린터 제작부품 삼익 THK 베어링,[Used] Samik SC12UUN 400mm 580mm Linear Bushing Round Bar Linear Guide Automation Parts Precision Parts Engraver 3D Printer Manufacturing Parts Samick THK Bearing,SC12UUN,22000,20.1,THK,LM GUIDE / BUSHING,,6832_1.jpg; 6832_1.jpg; 6832_3.jpg; 6832_1.jpg; 6832_1.jpg; 6832_6.jpg; 6832_7.jpg; 6832_8.jpg; 6831_13.jpg; 6831_10.jpg; 6832_1.jpg; 6832_3.jpg; 6831_9.jpg; 7877_17.jpg; 6447_7.jpg; 7912_15.jpg; 7433_23.jpg; 7834_14.jpg; 7868_21.jpg; 7314_12.jpg; 7789_20.jpg; 7368_9.jpg
7646,[중고] SICK WL12G-3B2531,[Used] SICK WL12G-3B2531,WL12G-3B2531,66000,60.29,,Sensors / various cables,,7646_1.jpg; 7646_1.jpg; 7646_3.jpg; 7646_1.jpg; 7646_1.jpg; 7646_6.jpg; 7646_7.jpg; 7646_8.jpg; 5609_19.jpg; 7325_14.jpg; 5163_17.jpg; 5991_18.jpg; 5991_12.jpg; 5609_14.jpg; 5163_9.jpg; 5609_21.jpg; 7354_25.jpg; 5161_14.jpg; 5159_17.jpg; 5983_15.jpg; 8036_24.jpg; 5161_15.jpg; 7646_1.jpg; 7646_3.jpg; 5609_9.jpg; 7877_17.jpg; 6447_7.jpg; 7912_15.jpg; 7433_23.jpg; 7834_14.jpg; 7868_21.jpg; 7314_12.jpg; 7789_20.jpg; 7368_9.jpg
5961,[중고] 10VR6 F7359 (10A),[Used] 10VR6 F7359 (10A),10VR6,3300,3.01,,Electrical parts and other,,5961_1.jpg; 5961_1.jpg; 5961_3.jpg; 5961_1.jpg; 5961_1.jpg; 5961_6.jpg; 5961_7.jpg; 5961_8.jpg; 7589_19.jpg; 5961_10.jpg; 5961_11.jpg; 5961_12.jpg; 5961_13.jpg; 5961_14.jpg; 5962_9.jpg; 5961_16.jpg; 5961_17.jpg; 5962_19.jpg; 5961_19.jpg; 7589_16.jpg; 5961_1.jpg; 5961_3.jpg; 5962_15.jpg; 5609_9.jpg; 7877_17.jpg; 6447_7.jpg; 7912_15.jpg; 7433_23.jpg; 7834_14.jpg; 7868_21.jpg; 7314_12.jpg; 7789_20.jpg
7954,[중고] HORIBA STEC Z700 SEC-Z724AG NH3 SEC-Z724 Cl2 SEC-Z724AG HCl,[Used] HORIBA STEC Z700 SEC-Z724AG NH3 SEC-Z724 Cl2 SEC-Z724AG HCl,Z700,110000,100.48,,MFC/MFM,,7954_1.jpg; 7954_1.jpg; 7954_3.jpg; 7954_1.jpg; 7954_1.jpg; 7950_7.jpg; 7950_6.jpg; 7610_15.jpg; 7610_7.jpg; 7950_5.jpg; 7950_7.jpg; 7618_14.jpg; 7588_21.jpg; 7618_19.jpg; 7999_24.jpg; 7954_16.jpg; 7950_7.jpg; 7618_17.jpg; 7950_7.jpg; 7954_1.jpg; 7954_3.jpg; 7588_17.jpg; 5962_15.jpg; 5609_9.jpg; 7877_17.jpg; 6447_7.jpg; 7912_15.jpg; 7433_23.jpg; 7834_14.jpg; 7868_21.jpg; 7314_12.jpg
5575,[중고] SCTF-DL3 SEBA 디지털 인디케이터 인디케이터 indicator,[Used] SCTF-DL3 SEBA digital indicator indicator indicator,SCTF-DL3,33000,30.15,,Temperature controller/indicator,,5575_1.jpg; 5575_1.jpg; 5575_3.jpg; 5575_1.jpg; 5575_5.jpg; 5575_6.jpg; 5694_16.jpg; 7489_12.jpg; 7236_13.jpg; 5575_10.jpg; 7366_19.jpg; 5694_13.jpg; 6804_17.jpg; 7715_11.jpg; 7474_10.jpg; 7236_17.jpg; 7236_9.jpg; 7236_12.jpg; 7366_15.jpg; 7407_15.jpg; 5575_1.jpg; 5575_3.jpg; 7474_20.jpg; 7588_17.jpg; 5962_15.jpg; 5609_9.jpg; 7877_17.jpg; 6447_7.jpg; 7912_15.jpg; 7433_23.jpg; 7834_14.jpg; 7868_21.jpg
7639,"[중고] YOKOGAWA 2축 LINEAR SERVO ACTUATOR DYNASERV (TM10501045-2SN,TM21001045-2SN,LM10510E00-0BS2,LM21010H00-0BS4)","[Used] YOKOGAWA 2-axis LINEAR SERVO ACTUATOR DYNASERV (TM10501045-2SN,TM21001045-2SN,LM10510E00-0BS2,LM21010H00-0BS4)","TM10501045-2SN,TM21001045-2SN,LM10510E00-0BS2,LM21010H00-0BS4",1980000,1808.73,,Cartesian robot/actuator,,7639_1.jpg; 7639_1.jpg; 7639_3.jpg; 7639_1.jpg; 7639_5.jpg; 7639_6.jpg; 7639_7.jpg; 7639_8.jpg; 7640_11.jpg; 7640_12.jpg; 7640_17.jpg; 7640_13.jpg; 7640_14.jpg; 7639_1.jpg; 7639_3.jpg; 7640_10.jpg; 7474_20.jpg; 7588_17.jpg; 5962_15.jpg; 5609_9.jpg; 7877_17.jpg; 6447_7.jpg; 7912_15.jpg; 7433_23.jpg; 7834_14.jpg
7626,"[중고] ATG PGX44-H-50 (50:1), 서보모터용 감속기, 50,100W","[Used] ATG PGX44-H-50 (50:1), reducer for servo motor, 50,100W",PGX44-H-50,110000,100.48,,Reducer/Index/Coupling,,7626_1.jpg; 7626_1.jpg; 7626_3.jpg; 7626_1.jpg; 6990_5.jpg; 7626_1.jpg; 7626_7.jpg; 7071_10.jpg; 7071_14.jpg; 7071_9.jpg; 7626_1.jpg; 7626_3.jpg; 7071_11.jpg; 7640_10.jpg; 7474_20.jpg; 7588_17.jpg; 5962_15.jpg; 5609_9.jpg; 7877_17.jpg; 6447_7.jpg; 7912_15.jpg; 7433_23.jpg
6515,[중고] PFDUAL-6D71A-1 1.5kW MKS Path FINDER,[Used] PFDUAL-6D71A-1 1.5kW MKS Path FINDER,PFDUAL-6D71A-1,770000,703.39,MKS,RF/DC/MATCH,,6515_1.jpg; 6515_1.jpg; 6515_3.jpg; 6515_1.jpg; 6515_1.jpg; 6515_6.jpg; 6515_7.jpg; 6512_18.jpg; 6594_9.jpg; 6503_18.jpg; 6512_15.jpg; 6503_14.jpg; 6594_10.jpg; 6594_15.jpg; 6594_12.jpg; 6594_16.jpg; 6512_22.jpg; 6594_20.jpg; 6512_16.jpg; 6594_14.jpg; 6594_8.jpg; 6515_1.jpg; 6515_3.jpg; 6512_14.jpg; 7815_12.jpg; 7640_10.jpg; 7474_20.jpg; 7588_17.jpg; 5962_15.jpg; 5609_9.jpg; 7877_17.jpg; 6447_7.jpg; 7912_15.jpg
6825,[중고] DEL-TRON 1-800-245-5013 크로스롤러가이드형,[Used] DEL-TRON 1-800-245-5013 Cross roller guide type,,11000,10.05,THK,LM GUIDE / BUSHING,,6825_1.jpg; 6825_1.jpg; 6825_3.jpg; 6825_1.jpg; 6825_1.jpg; 6825_6.jpg; 5737_13.jpg; 5737_6.jpg; 5737_9.jpg; 5737_10.jpg; 5737_7.jpg; 6825_1.jpg; 6825_3.jpg; 5737_8.jpg; 7815_12.jpg; 7640_10.jpg; 7474_20.jpg; 7588_17.jpg; 5962_15.jpg; 5609_9.jpg; 7877_17.jpg; 6447_7.jpg; 7912_15.jpg
7367,[중고] RORZE RV201-F05-009-1 LOAD PORT  FOUP OPENER 300mm wafer 12inch,[Used] RORZE RV201-F05-009-1 LOAD PORT FOUP OPENER 300mm wafer 12inch,RV201-F05-009-1,2200000,2009.7,RORZE,LOAD PORT,,7367_1.jpg; 7367_1.jpg; 7367_3.jpg; 7367_1.jpg; 7367_1.jpg; 7367_6.jpg; 7367_7.jpg; 7367_8.jpg; 7367_9.jpg; 7714_9.jpg; 7803_15.jpg; 7714_13.jpg; 7714_10.jpg; 7714_12.jpg; 7367_1.jpg; 7367_3.jpg; 7714_11.jpg; 5737_8.jpg; 7815_12.jpg; 7640_10.jpg; 7474_20.jpg; 7588_17.jpg; 5962_15.jpg; 5609_9.jpg; 7877_17.jpg; 6447_7.jpg
7882,[중고] CSD2112-P,[Used] CSD2112-P,CSD2112-P,35000,31.97,,Stepping motor/driver/BLDC,,7882_1.jpg; 7882_1.jpg; 7882_3.jpg; 7882_1.jpg; 7882_1.jpg; 7882_6.jpg; 7882_7.jpg; 7882_8.jpg; 7882_9.jpg; 7882_10.jpg; 7883_16.jpg; 7883_10.jpg; 7883_17.jpg; 7883_7.jpg; 7881_14.jpg; 7883_23.jpg; 7799_19.jpg; 7881_10.jpg; 7881_11.jpg; 7883_19.jpg; 7883_20.jpg; 7883_9.jpg; 7883_13.jpg; 7883_11.jpg; 7882_1.jpg; 7882_3.jpg; 7883_18.jpg; 7714_11.jpg; 5737_8.jpg; 7815_12.jpg; 7640_10.jpg; 7474_20.jpg; 7588_17.jpg; 5962_15.jpg; 5609_9.jpg; 7877_17.jpg
5145,[중고] GRAS-50S5M Grasshopper POINT GREY IEEE1394,[Used] GRAS-50S5M Grasshopper POINT GRAY IEEE1394,GRAS-50S5M,220000,200.97,,Industrial Cameras/Lens/Lighting,,5145_1.jpg; 5145_1.jpg; 5145_3.jpg; 5145_1.jpg; 5145_1.jpg; 4594_7.jpg; 5131_11.jpg; 5131_15.jpg; 5131_7.jpg; 5463_14.jpg; 5131_18.jpg; 4594_16.jpg; 5463_13.jpg; 5131_6.jpg; 5463_9.jpg; 4596_14.jpg; 4594_12.jpg; 5131_12.jpg; 5463_11.jpg; 5145_1.jpg; 5145_3.jpg; 4594_9.jpg; 7883_18.jpg; 7714_11.jpg; 5737_8.jpg; 7815_12.jpg; 7640_10.jpg; 7474_20.jpg; 7588_17.jpg; 5962_15.jpg; 5609_9.jpg
7784,[중고] PSG480E (24V 20A) EATON 파워써플라이 파워서플라이 POWER SUPPLY SMPS,[Used] PSG480E (24V 20A) EATON Power Supply Power Supply POWER SUPPLY SMPS,PSG480E,44000,40.19,,Power supply SMPS,,7784_1.jpg; 7784_1.jpg; 7784_3.jpg; 7784_1.jpg; 7784_1.jpg; 7784_6.jpg; 7784_7.jpg; 8013_10.jpg; 7784_9.jpg; 8013_12.jpg; 7784_11.jpg; 7784_12.jpg; 8013_8.jpg; 7784_14.jpg; 7784_15.jpg; 7784_16.jpg; 8013_13.jpg; 8013_18.jpg; 8013_14.jpg; 8013_23.jpg; 7784_1.jpg; 7784_3.jpg; 7784_23.jpg; 4594_9.jpg; 7883_18.jpg; 7714_11.jpg; 5737_8.jpg; 7815_12.jpg; 7640_10.jpg; 7474_20.jpg; 7588_17.jpg; 5962_15.jpg
8024,[중고] PS3650A-T42S-1G-XM250  프로페이스 터치스크린 PC Pro-Face Proface,[Used] PS3650A-T42S-1G-XM250 Pro Face Touch Screen PC Pro-Face Proface,PS3650A-T42S-1G-XM250,880000,803.88,,touch screen,,8024_1.jpg; 8024_1.jpg; 8024_3.jpg; 8024_1.jpg; 8024_1.jpg; 8024_6.jpg; 8024_7.jpg; 7981_17.jpg; 7669_15.jpg; 7981_21.jpg; 7669_20.jpg; 7669_8.jpg; 7669_7.jpg; 8024_14.jpg; 7669_23.jpg; 7669_19.jpg; 2319_16.jpg; 7669_14.jpg; 7981_12.jpg; 7669_9.jpg; 7669_17.jpg; 8024_1.jpg; 8024_3.jpg; 7981_19.jpg; 7784_23.jpg; 4594_9.jpg; 7883_18.jpg; 7714_11.jpg; 5737_8.jpg; 7815_12.jpg; 7640_10.jpg; 7474_20.jpg; 7588_17.jpg
7726,[중고] JUSP-NS300-E 야스카와 서보 서보드라이버 SERVO Driver 서보앰프 시그마 Yaskawa 자동화 산업용 자동화부품 조각기 3D프린터 부품,[Used] JUSP-NS300-E Yaskawa Servo Servo Driver SERVO Driver Servo Amplifier Sigma Yaskawa Automation Industrial Automation Parts Engraver 3D Printer Parts,JUSP-NS300-E,77000,70.34,YASKAWA,Servo motor/servo driver,,7726_1.jpg; 7726_1.jpg; 7726_3.jpg; 7726_1.jpg; 7726_1.jpg; 7726_6.jpg; 7726_7.jpg; 7727_14.jpg; 7726_9.jpg; 7727_19.jpg; 7730_15.jpg; 7726_12.jpg; 7726_13.jpg; 7727_23.jpg; 7726_15.jpg; 7726_16.jpg; 7730_7.jpg; 7726_18.jpg; 7727_8.jpg; 7726_20.jpg; 7726_1.jpg; 7726_3.jpg; 7726_23.jpg; 7784_23.jpg; 4594_9.jpg; 7883_18.jpg; 7714_11.jpg; 5737_8.jpg; 7815_12.jpg; 7640_10.jpg; 7474_20.jpg; 7588_17.jpg
6839,[미사용] PSN30-15AO 오토닉스 PROXIMITY 센서,[Unused] PSN30-15AO Autonics PROXIMITY sensor,PSN30-15AO,11000,10.05,,Sensors / various cables,,6839_1.jpg; 6839_1.jpg; 6839_3.jpg; 6839_1.jpg; 6839_1.jpg; 6839_6.jpg; 6839_7.jpg; 5609_13.jpg; 5609_20.jpg; 5983_13.jpg; 5161_15.jpg; 5991_8.jpg; 5609_17.jpg; 8036_24.jpg; 5609_24.jpg; 5609_22.jpg; 5609_18.jpg; 5991_13.jpg; 5991_17.jpg; 5991_12.jpg; 5163_7.jpg; 6839_1.jpg; 6839_3.jpg; 5159_14.jpg; 7726_23.jpg; 7784_23.jpg; 4594_9.jpg; 7883_18.jpg; 7714_11.jpg; 5737_8.jpg; 7815_12.jpg; 7640_10.jpg; 7474_20.jpg
7901,[중고] C200H-ASC02 OMRON PLC 옴론,[Used] C200H-ASC02 OMRON PLC Omron,C200H-ASC02,66000,60.29,OMRON,PLC,,7901_1.jpg; 7901_1.jpg; 7901_3.jpg; 7901_1.jpg; 7901_1.jpg; 7901_6.jpg; 7901_7.jpg; 7901_8.jpg; 7901_9.jpg; 7901_10.jpg; 7901_11.jpg; 7901_12.jpg; 7901_13.jpg; 7901_14.jpg; 7901_15.jpg; 7901_16.jpg; 7901_17.jpg; 7901_18.jpg; 7901_19.jpg; 7901_20.jpg; 7901_21.jpg; 7901_1.jpg; 7901_3.jpg; 7901_24.jpg; 5159_14.jpg; 7726_23.jpg; 7784_23.jpg; 4594_9.jpg; 7883_18.jpg; 7714_11.jpg; 5737_8.jpg; 7815_12.jpg; 7640_10.jpg
7958,[중고] DXC-390 SONY 3-CCD COLOR VIDEO CAMERA 소니 산업용카메라 CCTV카메라,[Used] DXC-390 SONY 3-CCD COLOR VIDEO CAMERA Sony industrial camera CCTV camera,DXC-390,660000,602.91,,Industrial Cameras/Lens/Lighting,,7958_1.jpg; 7958_1.jpg; 7958_3.jpg; 7958_1.jpg; 7958_1.jpg; 7958_6.jpg; 5131_16.jpg; 5131_19.jpg; 5131_11.jpg; 5131_14.jpg; 4594_7.jpg; 4594_6.jpg; 5131_10.jpg; 5463_11.jpg; 5131_6.jpg; 5131_17.jpg; 5463_21.jpg; 5463_9.jpg; 4594_16.jpg; 4594_12.jpg; 7958_1.jpg; 7958_3.jpg; 5131_7.jpg; 7901_24.jpg; 5159_14.jpg; 7726_23.jpg; 7784_23.jpg; 4594_9.jpg; 7883_18.jpg; 7714_11.jpg; 5737_8.jpg; 7815_12.jpg
4049,[중고] FR-E520-0.4K (400W),[Used] FR-E520-0.4K (400W),FR-E520-0.4K,55000,50.24,,INVERTER,,4049_1.jpg; 4049_1.jpg; 4049_3.jpg; 4049_1.jpg; 4049_5.jpg; 3208_13.jpg; 4049_7.jpg; 682_15.jpg; 682_14.jpg; 8021_11.jpg; 683_13.jpg; 8021_8.jpg; 682_13.jpg; 4049_14.jpg; 682_11.jpg; 3208_14.jpg; 4049_17.jpg; 682_10.jpg; 3208_6.jpg; 4049_1.jpg; 4049_3.jpg; 4049_22.jpg; 8030_21.jpg; 5131_7.jpg; 7901_24.jpg; 5159_14.jpg; 7726_23.jpg; 7784_23.jpg; 4594_9.jpg; 7883_18.jpg; 7714_11.jpg
7795,[중고] G4I-D24A,[Used] G4I-D24A,G4I-D24A,44000,40.19,,PLC,,7795_1.jpg; 7795_1.jpg; 7795_3.jpg; 7795_1.jpg; 7795_1.jpg; 7795_6.jpg; 7795_7.jpg; 7797_23.jpg; 7796_10.jpg; 7794_9.jpg; 7794_13.jpg; 7797_13.jpg; 7796_19.jpg; 7797_11.jpg; 7794_23.jpg; 7797_8.jpg; 7797_19.jpg; 7797_12.jpg; 7797_10.jpg; 7797_16.jpg; 7795_1.jpg; 7795_3.jpg; 7796_9.jpg; 4049_22.jpg; 5131_7.jpg; 7901_24.jpg; 5159_14.jpg; 7726_23.jpg; 7784_23.jpg; 4594_9.jpg; 7883_18.jpg
7982,[중고] GP270-LG11-24V 프로페이스 터치스크린 Pro-Face Proface,[Used] GP270-LG11-24V Pro Face Touch Screen Pro-Face Proface,GP270-LG11-24V,110000,100.48,,touch screen,,7982_1.jpg; 7982_1.jpg; 7982_3.jpg; 7982_1.jpg; 7982_1.jpg; 7982_6.jpg; 7982_7.jpg; 7669_23.jpg; 7669_19.jpg; 7669_15.jpg; 7981_19.jpg; 7669_17.jpg; 2319_16.jpg; 7981_10.jpg; 7981_17.jpg; 7669_14.jpg; 7981_21.jpg; 7669_20.jpg; 8024_14.jpg; 7976_17.jpg; 7669_9.jpg; 7982_1.jpg; 7982_3.jpg; 7669_13.jpg; 7796_9.jpg; 4049_22.jpg; 8030_21.jpg; 5131_7.jpg; 7901_24.jpg; 5159_14.jpg; 7726_23.jpg; 7784_23.jpg; 4594_9.jpg
3106,[미사용] BK-10-P0-C7 성일 HNC 대성정밀 볼스크류고정 볼스크류서포트유니트 SUPPORTUNIT BALLSCREW 자동화부품 자동화 기계,[Unused] BK-10-P0-C7 Seongil HNC Daesung Precision Ball Screw Fixing Ball Screw Support Unit SUPPORTUNIT BALLSCREW Automation Parts Automation Machine,BK-10-P0-C7,33000,30.15,,Ball screw/spline (SPLINE),,3106_1.jpg; 3106_1.jpg; 3106_3.jpg; 3106_1.jpg; 3106_1.jpg; 3106_6.jpg; 2894_7.jpg; 2894_11.jpg; 2894_16.jpg; 2894_10.jpg; 2894_15.jpg; 2894_8.jpg; 2894_19.jpg; 2894_12.jpg; 2894_13.jpg; 2894_9.jpg; 3106_1.jpg; 3106_3.jpg; 2894_14.jpg; 7796_9.jpg; 4049_22.jpg; 8030_21.jpg; 5131_7.jpg; 7901_24.jpg; 5159_14.jpg; 7726_23.jpg; 7784_23.jpg; 4594_9.jpg
7685,[중고] SMC XGT312-50336-1F Slit valve,[Used] SMC XGT312-50336-1F Slit valve,XGT312-50336-1F,550000,502.42,,vacuum valve,,7685_1.jpg; 7685_1.jpg; 7685_3.jpg; 7685_1.jpg; 7685_1.jpg; 7685_6.jpg; 7685_7.jpg; 7685_8.jpg; 7685_9.jpg; 7685_10.jpg; 7685_1.jpg; 7685_3.jpg; 7685_13.jpg; 2894_14.jpg; 7796_9.jpg; 4049_22.jpg; 8030_21.jpg; 5131_7.jpg; 7901_24.jpg; 5159_14.jpg; 7726_23.jpg; 7784_23.jpg
6526,[중고] SORENSON DLM300-2,[Used] SORENSON DLM300-2,DLM300-2,550000,502.42,,Controller/Other,,6526_1.jpg; 6526_1.jpg; 6526_3.jpg; 6526_1.jpg; 6526_1.jpg; 6526_6.jpg; 8052_14.jpg; 8052_20.jpg; 8052_18.jpg; 8052_12.jpg; 8052_15.jpg; 8052_17.jpg; 8052_13.jpg; 8052_16.jpg; 5463_25.jpg; 8052_10.jpg; 8052_11.jpg; 8052_9.jpg; 8052_19.jpg; 6526_1.jpg; 6526_3.jpg; 8052_8.jpg; 7685_13.jpg; 2894_14.jpg; 7796_9.jpg; 4049_22.jpg; 8030_21.jpg; 5131_7.jpg; 7901_24.jpg; 5159_14.jpg; 7726_23.jpg
7903,[중고] TGR-214 가스 케비넷 (PN2) GAS CABINET GAS RACK Hanyang ENG,[Used] TGR-214 Gas Cabinet (PN2) GAS CABINET GAS RACK Hanyang ENG,TGR-214,2200000,2009.7,,gas cabinet,,7903_1.jpg; 7903_2.jpg; 7903_1.jpg; 7903_1.jpg; 7903_5.jpg; 7903_6.jpg; 7903_7.jpg; 7903_8.jpg; 6632_24.jpg; 7903_10.jpg; 7903_11.jpg; 7903_12.jpg; 6631_26.jpg; 7748_18.jpg; 7903_1.jpg; 7903_2.jpg; 7903_17.jpg; 8052_8.jpg; 7685_13.jpg; 2894_14.jpg; 7796_9.jpg; 4049_22.jpg; 8030_21.jpg; 5131_7.jpg; 7901_24.jpg; 5159_14.jpg
7191,[중고] PITTMAN GM8223D294-R4,[Used] PITTMAN GM8223D294-R4,GM8223D294-R4,77000,70.34,,AC motor/geared motor/DC motor,,7191_1.jpg; 7191_1.jpg; 7191_3.jpg; 7191_1.jpg; 7191_1.jpg; 7191_6.jpg; 7191_7.jpg; 7191_8.jpg; 5196_15.jpg; 5196_10.jpg; 5196_19.jpg; 5196_9.jpg; 5196_8.jpg; 5196_16.jpg; 5196_11.jpg; 5196_13.jpg; 5196_12.jpg; 5196_12.jpg; 7191_1.jpg; 7191_3.jpg; 5196_7.jpg; 7903_17.jpg; 8052_8.jpg; 7685_13.jpg; 2894_14.jpg; 7796_9.jpg; 4049_22.jpg; 8030_21.jpg; 5131_7.jpg; 7901_24.jpg
8037,[중고] KITZ Angle valve,[Used] KITZ Angle valve,,110000,100.48,,vacuum valve,,8037_1.jpg; 8037_1.jpg; 8037_3.jpg; 8037_1.jpg; 8037_1.jpg; 8037_6.jpg; 8037_7.jpg; 8037_8.jpg; 8037_9.jpg; 8037_10.jpg; 8037_1.jpg; 8037_3.jpg; 8037_13.jpg; 7903_17.jpg; 8052_8.jpg; 7685_13.jpg; 2894_14.jpg; 7796_9.jpg; 4049_22.jpg; 8030_21.jpg; 5131_7.jpg; 7901_24.jpg
7690,[중고] MKS 162-0025K Angle  valve 앵글밸브,[Used] MKS 162-0025K Angle valve Angle valve,162-0025K,110000,100.48,MKS,vacuum valve,,7690_1.jpg; 7690_1.jpg; 7690_3.jpg; 7690_1.jpg; 7690_1.jpg; 7690_6.jpg; 8038_20.jpg; 8038_22.jpg; 7690_9.jpg; 8038_10.jpg; 7690_11.jpg; 8038_12.jpg; 7690_13.jpg; 7690_14.jpg; 8038_21.jpg; 8038_25.jpg; 7690_17.jpg; 7690_18.jpg; 7690_19.jpg; 8038_18.jpg; 7690_1.jpg; 7690_3.jpg; 7690_23.jpg; 7903_17.jpg; 8052_8.jpg; 7685_13.jpg; 2894_14.jpg; 7796_9.jpg; 4049_22.jpg; 8030_21.jpg; 5131_7.jpg; 7901_24.jpg
8000,[중고] JEL ROBOT(SINGLE ARM),[Used] JEL ROBOT(SINGLE ARM),,1100000,1004.85,,"Wafer transfer robot, aligner",,8000_1.jpg; 8000_1.jpg; 8000_3.jpg; 8000_1.jpg; 8000_5.jpg; 8000_1.jpg; 8000_7.jpg; 8000_8.jpg; 8000_9.jpg; 8000_10.jpg; 8000_11.jpg; 8000_12.jpg; 8050_15.jpg; 7440_19.jpg; 8054_13.jpg; 8000_16.jpg; 8050_18.jpg; 7440_29.jpg; 8029_24.jpg; 7440_23.jpg; 5729_9.jpg; 7440_18.jpg; 8029_13.jpg; 8050_19.jpg; 6631_20.jpg; 7440_16.jpg; 8000_1.jpg; 8000_3.jpg; 7440_26.jpg; 5196_7.jpg; 7903_17.jpg; 8052_8.jpg; 7685_13.jpg; 2894_14.jpg; 7796_9.jpg; 4049_22.jpg; 8030_21.jpg; 5131_7.jpg
6513,[중고] PLASMART PFDUAL-6J71A-3 Path Finder MATCH,[Used] PLASMART PFDUAL-6J71A-3 Path Finder MATCH,PFDUAL-6J71A-3,1100000,1004.85,,RF/DC/MATCH,,6513_1.jpg; 6513_1.jpg; 6513_3.jpg; 6513_1.jpg; 6513_1.jpg; 6513_6.jpg; 6513_7.jpg; 6594_18.jpg; 6512_22.jpg; 6512_15.jpg; 6594_12.jpg; 6503_18.jpg; 6594_24.jpg; 6503_16.jpg; 6594_11.jpg; 6594_16.jpg; 6594_8.jpg; 6594_10.jpg; 6512_16.jpg; 6503_14.jpg; 6594_14.jpg; 6513_1.jpg; 6513_3.jpg; 6594_13.jpg; 7440_26.jpg; 5196_7.jpg; 7903_17.jpg; 8052_8.jpg; 7685_13.jpg; 2894_14.jpg; 7796_9.jpg; 4049_22.jpg; 8030_21.jpg
6741,[중고] AX-1000III-27M-LC-GT 1000W 27.12MHz RF GENERATOR AD-TEC,[Used] AX-1000III-27M-LC-GT 1000W 27.12MHz RF GENERATOR AD-TEC,AX-1000III-27M-LC-GT,3850000,3516.97,,RF/DC/MATCH,,6741_1.jpg; 6741_1.jpg; 6741_3.jpg; 6741_1.jpg; 6741_1.jpg; 6741_6.jpg; 6741_7.jpg; 6741_8.jpg; 6595_7.jpg; 7741_11.jpg; 6593_19.jpg; 7741_21.jpg; 6593_13.jpg; 6593_17.jpg; 7741_17.jpg; 7741_12.jpg; 6942_17.jpg; 6593_21.jpg; 7741_14.jpg; 6942_24.jpg; 7741_24.jpg; 6942_19.jpg; 6741_1.jpg; 6741_3.jpg; 6593_18.jpg; 6594_13.jpg; 7440_26.jpg; 5196_7.jpg; 7903_17.jpg; 8052_8.jpg; 7685_13.jpg; 2894_14.jpg; 7796_9.jpg; 4049_22.jpg
5115,[미사용] BEN10M-TDT 오토닉스 PHOTO센서,[Unused] BEN10M-TDT Autonics PHOTO sensor,BEN10M-TDT,30000,27.41,,Sensors / various cables,,5115_1.jpg; 5115_1.jpg; 5115_3.jpg; 5115_1.jpg; 5115_1.jpg; 5115_6.jpg; 5991_12.jpg; 5159_17.jpg; 5161_15.jpg; 5609_17.jpg; 5991_10.jpg; 5609_12.jpg; 5161_14.jpg; 5991_9.jpg; 5609_21.jpg; 5609_15.jpg; 8036_24.jpg; 8022_16.jpg; 5609_14.jpg; 5115_20.jpg; 5115_1.jpg; 5115_3.jpg; 5186_11.jpg; 6593_18.jpg; 6594_13.jpg; 7440_26.jpg; 5196_7.jpg; 7903_17.jpg; 8052_8.jpg; 7685_13.jpg; 2894_14.jpg; 7796_9.jpg
6822,"[중고] F3W-C204-D, C204-L 800mm OMRON AREA SENSOR Safty Sensor 에어리어센서","[Used] F3W-C204-D, C204-L 800mm OMRON AREA SENSOR Safety Sensor Area sensor","F3W-C204-D,",77000,70.34,OMRON,Sensors / various cables,,6822_1.jpg; 6822_1.jpg; 6822_3.jpg; 6822_1.jpg; 6822_1.jpg; 6822_6.jpg; 5163_19.jpg; 5609_14.jpg; 5163_20.jpg; 5609_12.jpg; 5609_19.jpg; 5163_15.jpg; 5609_18.jpg; 8022_17.jpg; 5609_20.jpg; 5159_10.jpg; 8036_18.jpg; 5159_20.jpg; 5161_14.jpg; 8036_11.jpg; 6822_1.jpg; 6822_3.jpg; 8022_10.jpg; 5186_11.jpg; 6593_18.jpg; 6594_13.jpg; 7440_26.jpg; 5196_7.jpg; 7903_17.jpg; 8052_8.jpg; 7685_13.jpg; 2894_14.jpg
7629,[중고] FUJI 2KW 서보SET (RYS202S3-VVS + 모터/감속기),[Used] FUJI 2KW Servo SET (RYS202S3-VVS + Motor/Reducer),2KW,770000,703.39,,Servo motor/servo driver,,7629_1.jpg; 7629_1.jpg; 7629_3.jpg; 7629_1.jpg; 7629_1.jpg; 7629_6.jpg; 7629_7.jpg; 7629_8.jpg; 7628_18.jpg; 7629_10.jpg; 7628_9.jpg; 7628_17.jpg; 7629_13.jpg; 7628_10.jpg; 7628_14.jpg; 7736_9.jpg; 7628_13.jpg; 7628_22.jpg; 7628_15.jpg; 7883_24.jpg; 7736_18.jpg; 7628_12.jpg; 7629_1.jpg; 7629_3.jpg; 7628_19.jpg; 8022_10.jpg; 5186_11.jpg; 6593_18.jpg; 6594_13.jpg; 7440_26.jpg; 5196_7.jpg; 7903_17.jpg; 8052_8.jpg; 7685_13.jpg
7729,[중고] SGDA-01BPY122 야스카와 서보 서보드라이버 SERVO Driver 서보앰프 시그마 Yaskawa 자동화 산업용 자동화부품 조각기 3D프린터 부품 100W,[Used] SGDA-01BPY122 Yaskawa Servo Servo Driver SERVO Driver Servo Amplifier Sigma Yaskawa Automation Industrial Automation Parts Engraver 3D Printer Parts 100W,SGDA-01BPY122,121000,110.53,YASKAWA,Servo motor/servo driver,,7729_1.jpg; 7729_1.jpg; 7729_3.jpg; 7729_1.jpg; 7729_5.jpg; 7729_6.jpg; 7727_19.jpg; 7729_8.jpg; 7729_9.jpg; 7727_15.jpg; 7729_11.jpg; 7727_7.jpg; 7729_13.jpg; 7730_9.jpg; 7730_15.jpg; 7727_12.jpg; 7727_16.jpg; 7727_11.jpg; 7729_19.jpg; 7729_20.jpg; 7729_1.jpg; 7729_3.jpg; 7729_23.jpg; 7628_19.jpg; 8022_10.jpg; 5186_11.jpg; 6593_18.jpg; 6594_13.jpg; 7440_26.jpg; 5196_7.jpg; 7903_17.jpg; 8052_8.jpg
7158,[중고] CHILLER 1231-CCN-DT-001 Advanced Thermal Sciences,[Used] CHILLER 1231-CCN-DT-001 Advanced Thermal Sciences,1231-CCN-DT-001,3300000,3014.55,,CHILLER,,7158_1.jpg; 7158_1.jpg; 7158_3.jpg; 7158_1.jpg; 7158_5.jpg; 7158_6.jpg; 7158_7.jpg; 7158_8.jpg; 7168_10.jpg; 5737_14.jpg; 7168_12.jpg; 7159_9.jpg; 7159_13.jpg; 7159_8.jpg; 7158_1.jpg; 7158_3.jpg; 7159_10.jpg; 7812_5.jpg; 7729_23.jpg; 7628_19.jpg; 8022_10.jpg; 5186_11.jpg; 6593_18.jpg; 6594_13.jpg; 7440_26.jpg; 5196_7.jpg
5056,[중고] CIMR-J7AA20P4 (400W) 인버터 야스카와인버터 INVERTER,[Used] CIMR-J7AA20P4 (400W) Inverter Yaskawa Inverter INVERTER,CIMR-J7AA20P4,66000,60.29,,INVERTER,,5056_1.jpg; 5056_1.jpg; 5056_3.jpg; 5056_1.jpg; 5056_1.jpg; 5056_6.jpg; 5056_7.jpg; 5056_8.jpg; 4049_7.jpg; 4049_14.jpg; 5056_1.jpg; 5056_3.jpg; 5056_13.jpg; 7812_5.jpg; 7729_23.jpg; 7628_19.jpg; 8022_10.jpg; 5186_11.jpg; 6593_18.jpg; 6594_13.jpg; 7440_26.jpg; 5196_7.jpg
7790,[중고] G6Q-RY2A,[Used] G6Q-RY2A,G6Q-RY2A,44000,40.19,,PLC,,7790_1.jpg; 7790_1.jpg; 7790_3.jpg; 7790_1.jpg; 7790_1.jpg; 7790_6.jpg; 7790_7.jpg; 7790_8.jpg; 7794_8.jpg; 7797_17.jpg; 7794_13.jpg; 7797_13.jpg; 7790_13.jpg; 7797_20.jpg; 7790_15.jpg; 7797_11.jpg; 7796_19.jpg; 7796_10.jpg; 7790_19.jpg; 7797_14.jpg; 7796_14.jpg; 7790_1.jpg; 7790_3.jpg; 7797_9.jpg; 7159_10.jpg; 7812_5.jpg; 7729_23.jpg; 7628_19.jpg; 8022_10.jpg; 5186_11.jpg; 6593_18.jpg; 6594_13.jpg; 7440_26.jpg
7161,[중고] ABR060-S2-P2 (100:1),[Used] ABR060-S2-P2 (100:1),ABR060-S2-P2,187000,170.82,,Reducer/Index/Coupling,,7161_1.jpg; 7161_1.jpg; 7161_3.jpg; 7161_1.jpg; 6990_5.jpg; 7161_1.jpg; 7161_7.jpg; 7161_8.jpg; 7627_10.jpg; 7627_18.jpg; 7627_17.jpg; 7627_15.jpg; 7627_19.jpg; 7627_21.jpg; 7617_17.jpg; 7072_14.jpg; 7617_10.jpg; 6994_25.jpg; 7617_9.jpg; 7142_19.jpg; 7617_18.jpg; 7617_11.jpg; 7161_1.jpg; 7161_3.jpg; 7617_13.jpg; 7797_9.jpg; 7159_10.jpg; 7812_5.jpg; 7729_23.jpg; 7628_19.jpg; 8022_10.jpg; 5186_11.jpg; 6593_18.jpg; 6594_13.jpg
6992,"[중고] PLN90 (3:1), 서보모터용 감속기","[Used] PLN90 (3:1), reducer for servomotor",PLN90,110000,100.48,,Reducer/Index/Coupling,,6992_1.jpg; 6992_1.jpg; 6992_3.jpg; 6992_1.jpg; 6990_5.jpg; 6992_1.jpg; 6992_7.jpg; 6992_8.jpg; 6990_12.jpg; 6990_9.jpg; 6990_10.jpg; 6990_15.jpg; 6992_1.jpg; 6992_3.jpg; 6990_11.jpg; 7617_13.jpg; 7797_9.jpg; 7159_10.jpg; 7812_5.jpg; 7729_23.jpg; 7628_19.jpg; 8022_10.jpg; 5186_11.jpg; 6593_18.jpg
7579,[중고] TESCOM 74-2461KRM20 레귤레이터,[Used] TESCOM 74-2461KRM20 Regulator,74-2461KRM20,110000,100.48,,Gas valve/regulator/pressure gauge,,7579_1.jpg; 7579_1.jpg; 7579_3.jpg; 7579_1.jpg; 7579_1.jpg; 7579_6.jpg; 7579_7.jpg; 7579_8.jpg; 7579_9.jpg; 7579_10.jpg; 7579_11.jpg; 7579_12.jpg; 7579_13.jpg; 7579_14.jpg; 7579_15.jpg; 7579_16.jpg; 7579_17.jpg; 7579_18.jpg; 7579_19.jpg; 7579_1.jpg; 7579_3.jpg; 7579_22.jpg; 6990_11.jpg; 7617_13.jpg; 7797_9.jpg; 7159_10.jpg; 7812_5.jpg; 7729_23.jpg; 7628_19.jpg; 8022_10.jpg; 5186_11.jpg
7689,[중고] MKS 93-1764 Angle  valve 앵글밸브,[Used] MKS 93-1764 Angle valve Angle valve,,330000,301.45,MKS,vacuum valve,,7689_1.jpg; 7689_1.jpg; 7689_3.jpg; 7689_1.jpg; 7689_1.jpg; 7689_6.jpg; 8038_14.jpg; 7690_23.jpg; 8038_15.jpg; 8038_25.jpg; 7689_11.jpg; 8038_18.jpg; 8038_16.jpg; 7690_19.jpg; 7690_9.jpg; 8038_20.jpg; 7690_18.jpg; 7689_18.jpg; 7690_17.jpg; 8038_10.jpg; 7689_1.jpg; 7689_3.jpg; 7689_23.jpg; 7579_22.jpg; 6990_11.jpg; 7617_13.jpg; 7797_9.jpg; 7159_10.jpg; 7812_5.jpg; 7729_23.jpg; 7628_19.jpg; 8022_10.jpg
3110,[미사용] FF-15 성일 HNC 대성정밀 볼스크류고정 볼스크류서포트유니트 SUPPORTUNIT BALLSCREW 자동화부품 자동화 기계,[Unused] FF-15 Seongil HNC Daesung Precision Ball Screw Fixing Ball Screw Support Unit SUPPORTUNIT BALLSCREW Automation Parts Automation Machine,FF-15,11000,10.05,,Ball screw/spline (SPLINE),,3110_1.jpg; 3110_1.jpg; 3110_3.jpg; 3110_1.jpg; 3110_1.jpg; 3110_6.jpg; 2894_7.jpg; 2894_10.jpg; 2894_14.jpg; 2894_8.jpg; 2894_16.jpg; 2894_19.jpg; 2894_15.jpg; 2894_11.jpg; 2894_12.jpg; 2894_9.jpg; 3110_1.jpg; 3110_3.jpg; 2894_13.jpg; 7689_23.jpg; 7579_22.jpg; 6990_11.jpg; 7617_13.jpg; 7797_9.jpg; 7159_10.jpg; 7812_5.jpg; 7729_23.jpg; 7628_19.jpg
7490,[중고] TOSHIBA 3CCD JK-TU53H CCD CAMERA 카메라,[Used] TOSHIBA 3CCD JK-TU53H CCD CAMERA Camera,3CCD,110000,100.48,,Industrial Cameras/Lens/Lighting,,7490_1.jpg; 7490_1.jpg; 7490_3.jpg; 7490_1.jpg; 7490_1.jpg; 7490_6.jpg; 7490_7.jpg; 7490_8.jpg; 5131_6.jpg; 5131_7.jpg; 5131_11.jpg; 5463_14.jpg; 5131_10.jpg; 4594_16.jpg; 5131_14.jpg; 5463_17.jpg; 4594_9.jpg; 5463_11.jpg; 4596_14.jpg; 4594_6.jpg; 4594_7.jpg; 5131_8.jpg; 7490_1.jpg; 7490_3.jpg; 5131_9.jpg; 7689_23.jpg; 7579_22.jpg; 6990_11.jpg; 7617_13.jpg; 7797_9.jpg; 7159_10.jpg; 7812_5.jpg; 7729_23.jpg; 7628_19.jpg
3879,[중고] SV004iG5A-4 (1/2마력) LS 인버터 정상작동 테스트완료,[Used] SV004iG5A-4 (1/2 horsepower) LS inverter normal operation test completed,SV004iG5A-4,66000,60.29,,INVERTER,,3879_1.jpg; 3879_1.jpg; 3879_3.jpg; 3879_1.jpg; 3879_5.jpg; 682_14.jpg; 682_10.jpg; 682_15.jpg; 682_18.jpg; 682_11.jpg; 682_13.jpg; 3879_1.jpg; 3879_3.jpg; 682_12.jpg; 5131_9.jpg; 7689_23.jpg; 7579_22.jpg; 6990_11.jpg; 7617_13.jpg; 7797_9.jpg; 7159_10.jpg; 7812_5.jpg; 7729_23.jpg
7876,[중고] ARD20V-K,[Used] ARD20V-K,ARD20V-K,55000,50.24,,Stepping motor/driver/BLDC,,7876_1.jpg; 7876_1.jpg; 7876_3.jpg; 7876_1.jpg; 7876_1.jpg; 7876_6.jpg; 7876_7.jpg; 7876_8.jpg; 7876_9.jpg; 7876_10.jpg; 7876_11.jpg; 7876_12.jpg; 7877_14.jpg; 7877_10.jpg; 7877_11.jpg; 7877_17.jpg; 7877_13.jpg; 7877_9.jpg; 7876_1.jpg; 7876_3.jpg; 7877_12.jpg; 682_12.jpg; 5131_9.jpg; 7689_23.jpg; 7579_22.jpg; 6990_11.jpg; 7617_13.jpg; 7797_9.jpg; 7159_10.jpg; 7812_5.jpg
7406,[중고] CHILLER FST FSTC-CD352,[Used] CHILLER FST FSTC-CD352,FSTC-CD352,2200000,2009.7,,CHILLER,,7406_1.jpg; 7406_1.jpg; 7406_3.jpg; 7406_1.jpg; 7406_1.jpg; 7406_6.jpg; 7406_7.jpg; 7406_8.jpg; 7159_8.jpg; 7159_9.jpg; 7159_13.jpg; 5737_14.jpg; 7159_10.jpg; 7168_10.jpg; 7406_3.jpg; 7168_12.jpg; 7877_12.jpg; 682_12.jpg; 5131_9.jpg; 7689_23.jpg; 7579_22.jpg; 6990_11.jpg; 7617_13.jpg; 7797_9.jpg; 7159_10.jpg
7749,[중고] SGDS-01A31A 야스카와 서보 서보드라이버 SERVO Driver 서보앰프 시그마 Yaskawa 자동화 산업용 자동화부품 조각기 3D프린터 부품 100W,[Used] SGDS-01A31A Yaskawa Servo Servo Driver SERVO Driver Servo Amplifier Sigma Yaskawa Automation Industrial Automation Parts Engraver 3D Printer Parts 100W,SGDS-01A31A,154000,140.68,YASKAWA,Servo motor/servo driver,,7749_1.jpg; 7749_1.jpg; 7749_3.jpg; 7749_1.jpg; 7749_1.jpg; 7749_6.jpg; 7749_7.jpg; 7730_16.jpg; 7749_9.jpg; 7730_17.jpg; 7749_11.jpg; 7727_11.jpg; 7749_13.jpg; 7727_16.jpg; 7727_8.jpg; 7726_12.jpg; 7749_17.jpg; 7727_13.jpg; 7726_23.jpg; 7729_8.jpg; 7749_21.jpg; 7749_1.jpg; 7749_3.jpg; 7749_24.jpg; 7168_12.jpg; 7877_12.jpg; 682_12.jpg; 5131_9.jpg; 7689_23.jpg; 7579_22.jpg; 6990_11.jpg; 7617_13.jpg; 7797_9.jpg
7475,[중고] DC1020CT-202000-K Honeywell 온도콘트롤러 온도컨트롤러 디지털 인디케이터 인디케이터 indicator,[Used] DC1020CT-202000-K Honeywell temperature controller temperature controller digital indicator indicator indicator,DC1020CT-202000-K,77000,70.34,,Temperature controller/indicator,,7475_1.jpg; 7475_1.jpg; 7475_3.jpg; 7475_1.jpg; 7475_1.jpg; 7475_6.jpg; 7475_7.jpg; 7475_8.jpg; 7236_16.jpg; 7366_15.jpg; 7475_11.jpg; 5694_14.jpg; 7668_21.jpg; 6804_9.jpg; 6804_7.jpg; 7474_19.jpg; 6802_19.jpg; 5599_22.jpg; 5694_8.jpg; 7366_18.jpg; 7489_11.jpg; 5694_19.jpg; 7475_1.jpg; 7475_3.jpg; 7474_15.jpg; 7749_24.jpg; 7168_12.jpg; 7877_12.jpg; 682_12.jpg; 5131_9.jpg; 7689_23.jpg; 7579_22.jpg; 6990_11.jpg; 7617_13.jpg
7922,[중고] TBX-670 티칭팬던트 Teaching Pendant 조작기 티칭박스,[Used] TBX-670 Teaching Pendant Controller Teaching Box,TBX-670,220000,200.97,,"Wafer transfer robot, aligner",,7922_1.jpg; 7922_1.jpg; 7922_3.jpg; 7922_1.jpg; 7922_1.jpg; 7922_6.jpg; 7922_7.jpg; 7923_15.jpg; 7920_13.jpg; 7929_20.jpg; 7932_14.jpg; 7930_10.jpg; 7925_25.jpg; 7923_17.jpg; 7923_9.jpg; 7920_24.jpg; 7932_15.jpg; 7920_17.jpg; 7923_12.jpg; 7932_11.jpg; 7932_20.jpg; 7922_1.jpg; 7922_3.jpg; 7923_8.jpg; 7749_24.jpg; 7168_12.jpg; 7877_12.jpg; 682_12.jpg; 5131_9.jpg; 7689_23.jpg; 7579_22.jpg; 6990_11.jpg; 7617_13.jpg
6576,[중고] SONY XC-55,[Used] SONY XC-55,XC-55,77000,70.34,,Industrial Cameras/Lens/Lighting,,6576_1.jpg; 6576_1.jpg; 6576_3.jpg; 6576_1.jpg; 6576_1.jpg; 6576_6.jpg; 6576_7.jpg; 5463_16.jpg; 5463_11.jpg; 4594_12.jpg; 5463_14.jpg; 5131_10.jpg; 5131_19.jpg; 5122_15.jpg; 5463_17.jpg; 4594_7.jpg; 5463_18.jpg; 5463_9.jpg; 5131_7.jpg; 5131_17.jpg; 5131_11.jpg; 6576_1.jpg; 6576_3.jpg; 4594_13.jpg; 7923_8.jpg; 7749_24.jpg; 7168_12.jpg; 7877_12.jpg; 682_12.jpg; 5131_9.jpg; 7689_23.jpg; 7579_22.jpg; 6990_11.jpg
7098,[중고] HSR35-LR형 (길이600mm/블럭2개) LM가이드 엘엠가이드 LM GUIDE THK IKO NSK 자동화부품 정밀부품 조각기 3D프린터 제작부품 삼익THK 베어링,[Used] HSR35-LR type (length 600mm/2 blocks) LM Guide LM Guide LM GUIDE THK IKO NSK Automation Parts Precision Parts Engraver 3D Printer Manufacturing Parts Samick THK Bearing,HSR35-LR,88000,80.39,THK,LM GUIDE / BUSHING,,7098_1.jpg; 7098_1.jpg; 7098_3.jpg; 7098_1.jpg; 7833_5.png; 7098_1.jpg; 7098_7.jpg; 7833_7.jpg; 7833_23.jpg; 7834_8.jpg; 7834_10.jpg; 7833_18.jpg; 7834_6.jpg; 7834_9.jpg; 7834_21.jpg; 7834_18.jpg; 7834_14.jpg; 7834_5.jpg; 7834_13.jpg; 7834_15.jpg; 7834_16.jpg; 7098_1.jpg; 7098_3.jpg; 7834_12.jpg; 4594_13.jpg; 7923_8.jpg; 7749_24.jpg; 7168_12.jpg; 7877_12.jpg; 682_12.jpg; 5131_9.jpg; 7689_23.jpg; 7579_22.jpg
7184,[중고] RSR 15WZM (길이110mm/블럭1개) LM가이드 엘엠가이드 LM GUIDE THK IKO NSK 자동화부품 정밀부품 조각기 3D프린터 제작부품 삼익THK 베어링,[Used] RSR 15WZM (Length 110mm/1 block) LM Guide LM Guide LM GUIDE THK IKO NSK Automation Parts Precision Parts Engraver 3D Printer Manufacturing Parts Samick THK Bearing,15WZM,11000,10.05,THK,LM GUIDE / BUSHING,,7184_1.jpg; 7184_1.jpg; 7184_3.jpg; 7184_1.jpg; 7184_1.jpg; 7184_6.jpg; 7834_13.jpg; 7834_17.jpg; 7834_14.jpg; 7833_23.jpg; 7834_21.jpg; 7834_12.jpg; 7834_8.jpg; 7834_7.jpg; 7834_6.jpg; 7834_9.jpg; 7834_15.jpg; 7833_7.jpg; 7833_17.jpg; 7658_14.jpg; 7184_1.jpg; 7184_3.jpg; 7834_16.jpg; 7834_12.jpg; 4594_13.jpg; 7923_8.jpg; 7749_24.jpg; 7168_12.jpg; 7877_12.jpg; 682_12.jpg; 5131_9.jpg; 7689_23.jpg
7738,[중고] BROOKS FIXLOAD 25TM FOUP OPENER 300mm wafer 12inch,[Used] BROOKS FIXLOAD 25TM FOUP OPENER 300mm wafer 12inch,25TM,3300000,3014.55,BROOKS,LOAD PORT,,7738_1.jpg; 7738_1.jpg; 7738_3.jpg; 7738_1.jpg; 7738_5.jpg; 7738_6.jpg; 7738_7.jpg; 7738_8.jpg; 5810_9.jpg; 5810_11.jpg; 5810_16.jpg; 5810_10.jpg; 5810_13.jpg; 7738_1.jpg; 7738_3.jpg; 5810_12.jpg; 7834_16.jpg; 7834_12.jpg; 4594_13.jpg; 7923_8.jpg; 7749_24.jpg; 7168_12.jpg; 7877_12.jpg; 682_12.jpg; 5131_9.jpg
4869,[중고] NANOMOTION LCC-1A-HR-E8,[Used] NANOMOTION LCC-1A-HR-E8,LCC-1A-HR-E8,55000,50.24,,Industrial Cameras/Lens/Lighting,,4869_1.jpg; 4869_1.jpg; 4869_3.jpg; 4869_1.jpg; 4869_5.jpg; 5571_7.jpg; 5571_12.jpg; 5571_15.jpg; 5571_9.jpg; 5571_11.jpg; 5571_8.jpg; 4869_1.jpg; 4869_3.jpg; 5571_10.jpg; 5810_12.jpg; 7834_16.jpg; 7834_12.jpg; 4594_13.jpg; 7923_8.jpg; 7749_24.jpg; 7168_12.jpg; 7877_12.jpg; 682_12.jpg
7936,[중고] NAONTECH Robot 제어기 ATM 로봇  반도체 웨이퍼 핸들링 Wafer Handling 로보트 200mm 300mm 8inch 12inch,[Used] NAONTECH Robot Controller ATM Robot Semiconductor Wafer Handling Wafer Handling Robot 200mm 300mm 8inch 12inch,200mm,4400000,4019.4,BROOKS,"Wafer transfer robot, aligner",,7936_1.jpg; 7936_1.jpg; 7936_3.jpg; 7936_1.jpg; 7936_1.jpg; 7936_6.jpg; 7936_7.jpg; 7936_8.jpg; 8054_16.jpg; 8054_19.jpg; 8029_16.jpg; 7440_25.jpg; 8029_13.jpg; 7997_24.jpg; 8050_18.jpg; 5729_9.jpg; 8029_21.jpg; 8050_14.jpg; 7747_13.jpg; 6631_21.jpg; 7934_21.jpg; 8050_9.jpg; 7936_1.jpg; 7936_3.jpg; 8028_24.jpg; 5571_10.jpg; 5810_12.jpg; 7834_16.jpg; 7834_12.jpg; 4594_13.jpg; 7923_8.jpg; 7749_24.jpg; 7168_12.jpg; 7877_12.jpg
6826,[중고] AGX60-10 (10:1) 서보모터 감속기 A+Gear Head,[Used] AGX60-10 (10:1) Servo Motor Reducer A+Gear Head,AGX60-10,99000,90.44,,Reducer/Index/Coupling,,6826_1.jpg; 6826_1.jpg; 6826_3.jpg; 6826_1.jpg; 6990_5.jpg; 6826_1.jpg; 6826_7.jpg; 6826_8.jpg; 7142_19.jpg; 7627_18.jpg; 7627_10.jpg; 7617_13.jpg; 7617_15.jpg; 7072_14.jpg; 5661_20.jpg; 7627_13.jpg; 7617_11.jpg; 6994_22.jpg; 6994_25.jpg; 7627_14.jpg; 7617_16.jpg; 7617_18.jpg; 6826_1.jpg; 6826_3.jpg; 7617_20.jpg; 8028_24.jpg; 5571_10.jpg; 5810_12.jpg; 7834_16.jpg; 7834_12.jpg; 4594_13.jpg; 7923_8.jpg; 7749_24.jpg; 7168_12.jpg
7359,[중고] FP0-E16 AFP03323 FP0-E16RS EXPANSION UNIT,[Used] FP0-E16 AFP03323 FP0-E16RS EXPANSION UNIT,FP0-E16,33000,30.15,,PLC,,7359_1.jpg; 7359_1.jpg; 7359_3.jpg; 7359_1.jpg; 7359_1.jpg; 7359_6.jpg; 7359_7.jpg; 7359_8.jpg; 7359_9.jpg; 7359_10.jpg; 7359_11.jpg; 7359_12.jpg; 7359_13.jpg; 7359_14.jpg; 7359_15.jpg; 7359_16.jpg; 7359_17.jpg; 7359_18.jpg; 7359_19.jpg; 7359_20.jpg; 7359_1.jpg; 7359_3.jpg; 6248_23.jpg; 7617_20.jpg; 8028_24.jpg; 5571_10.jpg; 5810_12.jpg; 7834_16.jpg; 7834_12.jpg; 4594_13.jpg; 7923_8.jpg; 7749_24.jpg
6248,[중고] MKS PR4000-F2V1N,[Used] MKS PR4000-F2V1N,PR4000-F2V1N,1100000,1004.85,MKS,Pressure controller/gas analyzer,,6248_1.jpg; 6248_1.jpg; 6248_3.jpg; 6248_1.jpg; 6248_5.jpg; 7789_11.jpg; 7789_19.jpg; 7640_18.jpg; 7789_21.jpg; 7789_20.jpg; 6262_9.jpg; 7789_18.jpg; 6235_16.jpg; 6235_14.jpg; 7789_9.jpg; 7789_8.jpg; 6262_5.jpg; 7789_17.jpg; 7789_14.jpg; 6248_1.jpg; 6248_3.jpg; 7789_13.jpg; 6248_23.jpg; 7617_20.jpg; 8028_24.jpg; 5571_10.jpg; 5810_12.jpg; 7834_16.jpg; 7834_12.jpg; 4594_13.jpg; 7923_8.jpg
7723,[중고] TEM TECH LAB PSH00FZW-NTTS2,[Used] TEM TECH LAB PSH00FZW-NTTS2,PSH00FZW-NTTS2,22000,20.1,,Gas valve/regulator/pressure gauge,,7723_1.jpg; 7723_2.jpg; 7723_1.jpg; 7723_1.jpg; 7723_5.jpg; 7723_6.jpg; 7997_13.jpg; 7997_16.jpg; 7607_7.jpg; 7997_20.jpg; 7997_23.jpg; 7607_9.jpg; 7997_17.jpg; 7823_20.jpg; 7997_8.jpg; 7607_14.jpg; 7997_15.jpg; 7823_10.jpg; 7607_8.jpg; 7607_18.jpg; 7723_1.jpg; 7723_2.jpg; 7607_13.jpg; 7789_13.jpg; 6248_23.jpg; 7617_20.jpg; 8028_24.jpg; 5571_10.jpg; 5810_12.jpg; 7834_16.jpg; 7834_12.jpg; 4594_13.jpg
7830,[중고] VAT PM-5 ADAPTIVE PRESSURE CONTROLLER,[Used] VAT PM-5 ADAPTIVE PRESSURE CONTROLLER,PM-5,5500000,5024.25,VAT,vacuum valve,,7830_1.jpg; 7830_1.jpg; 7830_3.jpg; 7830_1.jpg; 7830_5.jpg; 7830_6.jpg; 7830_1.jpg; 7830_8.jpg; 7830_9.jpg; 7717_24.jpg; 7717_19.jpg; 7717_10.jpg; 7717_17.jpg; 7717_14.jpg; 7717_10.jpg; 7717_8.jpg; 7717_13.jpg; 7717_20.jpg; 7717_18.jpg; 7717_21.jpg; 7717_11.jpg; 7717_13.jpg; 7717_9.jpg; 7830_1.jpg; 7830_3.jpg; 7717_15.jpg; 7607_13.jpg; 7789_13.jpg; 6248_23.jpg; 7617_20.jpg; 8028_24.jpg; 5571_10.jpg; 5810_12.jpg; 7834_16.jpg; 7834_12.jpg
7711,[중고] Magnatran 8 Radius (series 9) VTM 진공로봇 Wafer Taransfer Robot,[Used] Magnatran 8 Radius (series 9) VTM Vacuum Robot Wafer Taransfer Robot,,16500000,15072.75,VAT,semiconductor equipment,,7711_1.jpg; 7711_1.jpg; 7711_3.jpg; 7711_1.jpg; 7711_1.jpg; 7711_6.jpg; 7711_7.jpg; 7711_8.jpg; 7711_9.jpg; 7711_10.jpg; 7711_11.jpg; 7711_12.jpg; 8029_24.jpg; 7440_18.jpg; 7747_13.jpg; 8050_9.jpg; 8029_23.jpg; 8030_21.jpg; 8029_20.jpg; 7440_20.jpg; 6631_18.jpg; 7934_19.jpg; 8029_28.jpg; 7440_22.jpg; 7440_26.jpg; 7934_21.jpg; 7711_1.jpg; 7711_3.jpg; 6631_19.jpg; 7717_15.jpg; 7607_13.jpg; 7789_13.jpg; 6248_23.jpg; 7617_20.jpg; 8028_24.jpg; 5571_10.jpg; 5810_12.jpg; 7834_16.jpg
6914,[중고] COMI-SD402 V3.0 COMIZOA 커미조아,[Used] COMI-SD402 V3.0 COMIZOA,COMI-SD402,55000,50.24,,Computer/Computer-related parts,,6914_1.jpg; 6914_1.jpg; 6914_3.jpg; 6914_1.jpg; 6914_1.jpg; 6914_6.jpg; 6914_7.jpg; 6914_8.jpg; 6914_9.jpg; 6914_10.jpg; 7999_7.jpg; 6911_11.jpg; 7127_11.jpg; 6911_21.jpg; 7127_20.jpg; 6914_16.jpg; 7293_17.jpg; 6850_13.jpg; 7129_19.jpg; 6914_20.jpg; 7214_16.jpg; 6916_11.jpg; 6914_23.jpg; 6914_24.jpg; 6914_1.jpg; 6914_3.jpg; 7999_18.jpg; 6631_19.jpg; 7717_15.jpg; 7607_13.jpg; 7789_13.jpg; 6248_23.jpg; 7617_20.jpg; 8028_24.jpg; 5571_10.jpg; 5810_12.jpg
7605,[중고] ADAM-6520,[Used] ADAM-6520,ADAM-6520,66000,60.29,OMRON,communication module,,7605_1.jpg; 7605_1.jpg; 7605_3.jpg; 7605_1.jpg; 7605_1.jpg; 7605_6.jpg; 7605_7.jpg; 7375_8.jpg; 7914_18.jpg; 8060_20.jpg; 7918_12.jpg; 7376_18.jpg; 7375_24.jpg; 7605_14.jpg; 8060_10.jpg; 7918_9.jpg; 8060_14.jpg; 7605_18.jpg; 7821_12.jpg; 7605_20.jpg; 7605_1.jpg; 7605_3.jpg; 8060_15.jpg; 7999_18.jpg; 6631_19.jpg; 7717_15.jpg; 7607_13.jpg; 7789_13.jpg; 6248_23.jpg; 7617_20.jpg; 8028_24.jpg; 5571_10.jpg
5518,"[중고] THK KR33A 1축 엑츄에이터 리드10mm 스트로크80mm 자작/DIY CNC부품, 3D프린터 제작","[Used] THK KR33A 1-axis actuator lead 10mm stroke 80mm DIY/DIY CNC parts, 3D printer production",KR33A,110000,100.48,THK,Cartesian robot/actuator,,5518_1.jpg; 5518_1.jpg; 5518_3.jpg; 5518_1.jpg; 5518_5.jpg; 5274_12.jpg; 7215_24.jpg; 7634_23.jpg; 5274_9.jpg; 5274_13.jpg; 5404_13.jpg; 7215_15.jpg; 5274_20.jpg; 7653_17.jpg; 7215_22.jpg; 7650_23.jpg; 5274_16.jpg; 5769_22.jpg; 7650_13.jpg; 5518_1.jpg; 5518_3.jpg; 7215_14.jpg; 5518_23.jpg; 8060_15.jpg; 7999_18.jpg; 6631_19.jpg; 7717_15.jpg; 7607_13.jpg; 7789_13.jpg; 6248_23.jpg; 7617_20.jpg
7933,[중고] TP-RC5-1 DENSO,[Used] TP-RC5-1 DENSO,TP-RC5-1,440000,401.94,,"Wafer transfer robot, aligner",,7933_1.jpg; 7933_1.jpg; 7933_3.jpg; 7933_1.jpg; 7933_1.jpg; 7933_6.jpg; 7933_7.jpg; 7920_13.jpg; 7932_17.jpg; 7932_15.jpg; 7932_8.jpg; 7930_10.jpg; 7932_20.jpg; 7932_14.jpg; 7932_13.jpg; 7920_15.jpg; 7923_10.jpg; 7932_19.jpg; 7920_17.jpg; 7923_17.jpg; 7920_24.jpg; 7933_1.jpg; 7933_3.jpg; 7923_16.jpg; 7215_14.jpg; 5518_23.jpg; 8060_15.jpg; 7999_18.jpg; 6631_19.jpg; 7717_15.jpg; 7607_13.jpg; 7789_13.jpg; 6248_23.jpg
7819,[중고] GT1-DA04 OMRON,[Used] GT1-DA04 OMRON,GT1-DA04,33000,30.15,OMRON,communication module,,7819_1.jpg; 7819_1.jpg; 7819_3.jpg; 7819_1.jpg; 7819_1.jpg; 7819_6.jpg; 7918_11.jpg; 7376_15.jpg; 7375_24.jpg; 8065_23.jpg; 7912_11.jpg; 7821_11.jpg; 7821_23.jpg; 5166_25.jpg; 8065_14.jpg; 7375_20.jpg; 7375_19.jpg; 7914_16.jpg; 8060_13.jpg; 7819_20.jpg; 7819_1.jpg; 7819_3.jpg; 7914_20.jpg; 7923_16.jpg; 7215_14.jpg; 5518_23.jpg; 8060_15.jpg; 7999_18.jpg; 6631_19.jpg; 7717_15.jpg; 7607_13.jpg; 7789_13.jpg
7764,[중고] VERIFLO 830MSFSMM,[Used] VERIFLO 830MSFSMM,830MSFSMM,22000,20.1,,Gas valve/regulator/pressure gauge,,7764_1.jpg; 7764_1.jpg; 7764_3.jpg; 7764_1.jpg; 7764_1.jpg; 7764_6.jpg; 7764_7.jpg; 5894_21.jpg; 7961_7.jpg; 7961_8.jpg; 7961_12.jpg; 7961_10.jpg; 7961_9.jpg; 7764_1.jpg; 7764_3.jpg; 7961_11.jpg; 7923_16.jpg; 7215_14.jpg; 5518_23.jpg; 8060_15.jpg; 7999_18.jpg; 6631_19.jpg; 7717_15.jpg; 7607_13.jpg; 7789_13.jpg
5144,[중고] 5GU9K 감속기 오리엔탈모터 기어드모터 인덕션모터 스피드컨트롤모터 Orientalmotor,[Used] 5GU9K reducer Oriental motor Geared motor Induction motor Speed ​​control motor Orientalmotor,5GU9K,33000,30.15,,AC motor/geared motor/DC motor,,5144_1.jpg; 5144_1.jpg; 5144_3.jpg; 5144_1.jpg; 5144_1.jpg; 5156_16.jpg; 5144_7.jpg; 5144_8.jpg; 5144_9.jpg; 7145_6.jpg; 5144_11.jpg; 5156_12.jpg; 5144_13.jpg; 5144_14.jpg; 5144_15.jpg; 5144_16.jpg; 5144_17.jpg; 5156_9.jpg; 5156_18.jpg; 5144_1.jpg; 5144_3.jpg; 5156_15.jpg; 7961_11.jpg; 7923_16.jpg; 7215_14.jpg; 5518_23.jpg; 8060_15.jpg; 7999_18.jpg; 6631_19.jpg; 7717_15.jpg; 7607_13.jpg
6600,"[중고] 내경20mm-16mm, 외경57mm 커플링 DISK커플링 MICRO커플링 카플링 카프링 서보커플링 모터커플링 자동화부품 자동화 기계","[Used] Inner diameter 20mm-16mm, Outer diameter 57mm Coupling DISK coupling MICRO coupling Coupling Coupling Servo coupling Motor coupling Automation parts Automation machine","내경20mm-16mm,",33000,30.15,,Reducer/Index/Coupling,,6600_1.jpg; 6600_1.jpg; 6600_3.jpg; 6600_1.jpg; 6600_1.jpg; 6600_6.jpg; 6600_7.jpg; 6600_8.jpg; 6600_9.jpg; 6600_10.jpg; 6600_11.jpg; 6600_12.jpg; 6600_13.jpg; 6600_14.jpg; 6600_15.jpg; 6600_16.jpg; 6600_1.jpg; 6600_3.jpg; 6600_19.jpg; 5156_15.jpg; 7961_11.jpg; 7923_16.jpg; 7215_14.jpg; 5518_23.jpg; 8060_15.jpg; 7999_18.jpg; 6631_19.jpg; 7717_15.jpg
7991,[중고] CJ1W-DA08V,[Used] CJ1W-DA08V,CJ1W-DA08V,110000,100.48,,PLC,,7991_1.jpg; 7991_1.jpg; 7991_3.jpg; 7991_1.jpg; 7991_1.jpg; 7991_6.jpg; 7991_7.jpg; 7991_8.jpg; 7991_9.jpg; 7991_10.jpg; 7991_11.jpg; 7991_12.jpg; 7991_13.jpg; 7991_14.jpg; 7991_15.jpg; 7991_16.jpg; 7991_17.jpg; 7991_18.jpg; 7991_19.jpg; 7991_20.jpg; 7991_1.jpg; 7991_3.jpg; 7991_23.jpg; 6600_19.jpg; 5156_15.jpg; 7961_11.jpg; 7923_16.jpg; 7215_14.jpg; 5518_23.jpg; 8060_15.jpg; 7999_18.jpg; 6631_19.jpg
7811,[중고] AERA FC-773C N2 1000SLM MFC,[Used] AERA FC-773C N2 1000SLM MFC,FC-773C,220000,200.97,,MFC/MFM,,7811_1.jpg; 7811_1.jpg; 7811_3.jpg; 7811_1.jpg; 7811_1.jpg; 7811_6.jpg; 7697_10.jpg; 7812_3.jpg; 7697_17.jpg; 7697_20.jpg; 7812_4.jpg; 7810_18.jpg; 7812_5.jpg; 7810_14.jpg; 7810_17.jpg; 7811_16.jpg; 7811_17.jpg; 7810_16.jpg; 7697_8.jpg; 7810_9.jpg; 7811_1.jpg; 7811_3.jpg; 7697_16.jpg; 7991_23.jpg; 6600_19.jpg; 5156_15.jpg; 7961_11.jpg; 7923_16.jpg; 7215_14.jpg; 5518_23.jpg; 8060_15.jpg; 7999_18.jpg
7666,[중고] SFC2480FAPD2 MC-4SUGDW CO SAM FANTAS MFC,[Used] SFC2480FAPD2 MC-4SUGDW CO SAM FANTAS MFC,SFC2480FAPD2,55000,50.24,,MFC/MFM,,7666_1.jpg; 7666_1.jpg; 7666_3.jpg; 7666_1.jpg; 7666_1.jpg; 7666_6.jpg; 7666_7.jpg; 7666_8.jpg; 7666_7.jpg; 7666_10.jpg; 7666_11.jpg; 7666_12.jpg; 7666_13.jpg; 7666_7.jpg; 7666_15.jpg; 7666_7.jpg; 7666_17.jpg; 7666_18.jpg; 7666_19.jpg; 7666_15.jpg; 7666_1.jpg; 7666_3.jpg; 7666_23.jpg; 7991_23.jpg; 6600_19.jpg; 5156_15.jpg; 7961_11.jpg; 7923_16.jpg; 7215_14.jpg; 5518_23.jpg; 8060_15.jpg; 7999_18.jpg
7553,"[미사용 새제품] Tube Cap 1/2 (Cap for Tube End)""","[New unused product] Tube Cap 1/2 (Cap for Tube End)""",,1100,1,,Valve/tube fitting parts,,7553_1.jpg; 7553_1.jpg; 7553_3.jpg; 7553_1.jpg; 7553_1.jpg; 7553_6.jpg; 7554_11.jpg; 7553_1.jpg; 7553_3.jpg; 7554_8.jpg; 7991_23.jpg; 6600_19.jpg; 5156_15.jpg; 7961_11.jpg; 7923_16.jpg; 7215_14.jpg; 5518_23.jpg; 8060_15.jpg; 7999_18.jpg
7856,[중고] SMC 솔레노이드밸브 VQ1A01N-5 솔밸브,[Used] SMC solenoid valve VQ1A01N-5 solenoid valve,VQ1A01N-5,33000,30.15,,Pneumatic parts (PNEUMATIC),,7856_1.jpg; 7856_1.jpg; 7856_3.jpg; 7856_1.jpg; 7856_1.jpg; 7856_6.jpg; 7856_7.jpg; 7856_8.jpg; 7856_9.jpg; 7856_7.jpg; 7856_11.jpg; 7856_12.jpg; 7856_7.jpg; 7856_14.jpg; 7856_15.jpg; 7856_16.jpg; 7856_17.jpg; 7856_18.jpg; 7856_19.jpg; 7856_7.jpg; 7856_21.jpg; 7856_22.jpg; 7856_23.jpg; 7856_24.jpg; 7856_25.jpg; 7850_6.jpg; 7851_23.jpg; 7847_23.jpg; 7854_8.jpg; 7850_5.jpg; 7853_40.jpg; 7856_32.jpg; 7856_33.jpg; 7853_37.jpg; 7853_36.jpg; 7854_14.jpg; 7850_7.jpg; 7858_33.jpg; 7853_38.jpg; 7856_1.jpg; 7856_3.jpg; 7828_7.jpg; 7991_23.jpg; 6600_19.jpg; 5156_15.jpg; 7961_11.jpg; 7923_16.jpg; 7215_14.jpg; 5518_23.jpg; 8060_15.jpg; 7999_18.jpg
5160,[미사용] PR30-15AC 오토닉스 PROXIMITY 센서,[Unused] PR30-15AC Autonics PROXIMITY sensor,PR30-15AC,11000,10.05,,Sensors / various cables,,5160_1.jpg; 5160_1.jpg; 5160_3.jpg; 5160_1.jpg; 5160_1.jpg; 5160_6.jpg; 5160_7.jpg; 5160_8.jpg; 5115_20.jpg; 5609_13.jpg; 5991_18.jpg; 5609_24.jpg; 5609_18.jpg; 5609_19.jpg; 5161_14.jpg; 8022_9.jpg; 5186_11.jpg; 5159_14.jpg; 5609_12.jpg; 7325_14.jpg; 5609_11.jpg; 5609_21.jpg; 5160_1.jpg; 5160_3.jpg; 5161_15.jpg; 7666_23.jpg; 7991_23.jpg; 6600_19.jpg; 5156_15.jpg; 7961_11.jpg; 7923_16.jpg; 7215_14.jpg; 5518_23.jpg; 8060_15.jpg
8020,[중고] 3G3MV-A2015-RS (3마력) OMRON,[Used] 3G3MV-A2015-RS (3 horsepower) OMRON,3G3MV-A2015-RS,165000,150.73,OMRON,INVERTER,,8020_1.jpg; 8020_1.jpg; 8020_3.jpg; 8020_1.jpg; 8020_5.jpg; 8020_6.jpg; 8021_11.jpg; 8021_7.jpg; 8020_1.jpg; 8020_3.jpg; 8021_8.jpg; 5161_15.jpg; 7666_23.jpg; 7991_23.jpg; 6600_19.jpg; 5156_15.jpg; 7961_11.jpg; 7923_16.jpg; 7215_14.jpg; 5518_23.jpg
7472,"[중고] SPG SPIH042S-010K (10:1), 서보모터용 감속기, 50,100W","[Used] SPG SPIH042S-010K (10:1), reducer for servo motor, 50,100W",SPIH042S-010K,88000,80.39,,Reducer/Index/Coupling,,7472_1.jpg; 7472_1.jpg; 7472_3.jpg; 7472_1.jpg; 6990_5.jpg; 7472_1.jpg; 7472_7.jpg; 7472_8.jpg; 6990_9.jpg; 6990_11.jpg; 6990_10.jpg; 6990_15.jpg; 7472_1.jpg; 7472_3.jpg; 6990_12.jpg; 8021_8.jpg; 5161_15.jpg; 7666_23.jpg; 7991_23.jpg; 6600_19.jpg; 5156_15.jpg; 7961_11.jpg; 7923_16.jpg; 7215_14.jpg
7050,[중고] GTM100-NN1-010C-NN16 (10:1) 서보모터 감속기,[Used] GTM100-NN1-010C-NN16 (10:1) Servo motor reducer,GTM100-NN1-010C-NN16,220000,200.97,,Reducer/Index/Coupling,,7050_1.jpg; 7050_1.jpg; 7050_3.jpg; 7050_1.jpg; 7050_1.jpg; 7050_6.jpg; 7050_7.jpg; 7050_8.jpg; 7050_9.jpg; 7617_10.jpg; 7617_13.jpg; 7617_19.jpg; 7627_15.jpg; 7627_14.jpg; 5661_20.jpg; 7617_16.jpg; 7627_21.jpg; 7617_12.jpg; 7617_14.jpg; 7072_14.jpg; 6994_22.jpg; 7142_19.jpg; 7617_22.jpg; 7050_1.jpg; 7050_3.jpg; 7617_18.jpg; 6990_12.jpg; 8021_8.jpg; 5161_15.jpg; 7666_23.jpg; 7991_23.jpg; 6600_19.jpg; 5156_15.jpg; 7961_11.jpg; 7923_16.jpg
7555,[중고] MEANWELL NES-75-24(24V 3.2A) 파워써플라이 파워서플라이 POWER SUPPLY SMPS(24V),[Used] MEANWELL NES-75-24(24V 3.2A) Power Supply Power Supply POWER SUPPLY SMPS(24V),NES-75-24,11000,10.05,,Power supply SMPS,,7555_1.jpg; 7555_1.jpg; 7555_3.jpg; 7555_1.jpg; 7555_5.jpg; 8011_19.jpg; 7596_19.jpg; 8011_8.jpg; 8011_17.jpg; 8011_11.jpg; 7596_10.jpg; 8011_10.jpg; 8011_13.jpg; 7555_14.jpg; 7554_12.jpg; 7555_16.jpg; 7596_15.jpg; 7596_23.jpg; 7555_19.jpg; 7555_1.jpg; 7555_3.jpg; 8011_16.jpg; 7617_18.jpg; 6990_12.jpg; 8021_8.jpg; 5161_15.jpg; 7666_23.jpg; 7991_23.jpg; 6600_19.jpg; 5156_15.jpg; 7961_11.jpg
7708,[중고] HC-KFS43B 미쓰비시 Mitsubishi 서보 400W 서보모터 AC서보모터 SERVO MOTOR SERVOMOTOR 자동화 산업용 자동화부품 3D프린터 부품 공장자동화 조각기부품,[Used] HC-KFS43B Mitsubishi Servo 400W Servo Motor AC Servo Motor SERVO MOTOR SERVOMOTOR Automation Industrial Automation Parts 3D Printer Parts Factory Automation Engraver Parts,HC-KFS43B,220000,200.97,,Servo motor/servo driver,,7708_1.jpg; 7708_1.jpg; 7708_3.jpg; 7708_1.jpg; 7708_1.jpg; 7708_6.jpg; 7708_7.jpg; 7708_8.jpg; 7708_9.jpg; 7708_10.jpg; 7708_11.jpg; 7708_12.jpg; 7708_13.jpg; 7708_14.jpg; 7708_15.jpg; 7708_16.jpg; 7708_17.jpg; 7708_18.jpg; 7708_19.jpg; 7708_20.jpg; 7708_21.jpg; 7708_22.jpg; 7708_1.jpg; 7708_3.jpg; 7873_20.jpg; 8011_16.jpg; 7617_18.jpg; 6990_12.jpg; 8021_8.jpg; 5161_15.jpg; 7666_23.jpg; 7991_23.jpg; 6600_19.jpg; 5156_15.jpg
7924,[중고] HC-P1 KEYENCE,[Used] HC-P1 KEYENCE,HC-P1,330000,301.45,,"Wafer transfer robot, aligner",,7924_1.jpg; 7924_1.jpg; 7924_3.jpg; 7924_1.jpg; 7924_1.jpg; 7924_6.jpg; 7924_7.jpg; 7923_16.jpg; 7932_18.jpg; 7920_17.jpg; 7923_10.jpg; 7932_15.jpg; 7923_9.jpg; 7932_13.jpg; 7929_20.jpg; 7930_17.jpg; 7932_17.jpg; 7923_12.jpg; 7932_12.jpg; 7920_13.jpg; 7923_8.jpg; 7924_1.jpg; 7924_3.jpg; 7932_11.jpg; 7873_20.jpg; 8011_16.jpg; 7617_18.jpg; 6990_12.jpg; 8021_8.jpg; 5161_15.jpg; 7666_23.jpg; 7991_23.jpg; 6600_19.jpg
7567,[중고] TEM TECH LAB HYPFU-ND420T-S2/NPS6400T,[Used] TEM TECH LAB HYPFU-ND420T-S2/NPS6400T,HYPFU-ND420T-S2/NPS6400T,22000,20.1,,Gas valve/regulator/pressure gauge,,7567_1.jpg; 7567_1.jpg; 7567_3.jpg; 7567_1.jpg; 7567_1.jpg; 7567_6.jpg; 7567_7.jpg; 7607_10.jpg; 7607_9.jpg; 7997_18.jpg; 7607_7.jpg; 7997_17.jpg; 7997_23.jpg; 7607_8.jpg; 7997_15.jpg; 8056_18.jpg; 7823_15.jpg; 7607_15.jpg; 7607_18.jpg; 7997_13.jpg; 7567_1.jpg; 7567_3.jpg; 7823_20.jpg; 7873_20.jpg; 8011_16.jpg; 7617_18.jpg; 6990_12.jpg; 8021_8.jpg; 5161_15.jpg; 7666_23.jpg; 7991_23.jpg; 6600_19.jpg
7873,[중고] 103-7501-7041,[Used] 103-7501-7041,,22000,20.1,,Stepping motor/driver/BLDC,,7873_1.jpg; 7873_1.jpg; 7873_3.jpg; 7873_1.jpg; 7873_1.jpg; 7873_6.jpg; 7875_17.jpg; 7875_22.jpg; 7875_19.jpg; 7875_16.jpg; 7875_13.jpg; 7875_14.jpg; 7875_15.jpg; 7875_18.jpg; 7875_12.jpg; 7873_1.jpg; 7873_3.jpg; 7875_11.jpg; 7932_11.jpg; 7873_20.jpg; 8011_16.jpg; 7617_18.jpg; 6990_12.jpg; 8021_8.jpg; 5161_15.jpg; 7666_23.jpg; 7991_23.jpg
7817,[중고] XTOP10TV-ED XTOP10TV-ED-E M2I,[Used] XTOP10TV-ED XTOP10TV-ED-E M2I,XTOP10TV-ED,187000,170.82,,touch screen,,7817_1.jpg; 7817_1.jpg; 7817_3.jpg; 7817_1.jpg; 7817_1.jpg; 7817_6.jpg; 7817_7.jpg; 7817_8.jpg; 7815_10.jpg; 7815_12.jpg; 7815_16.jpg; 7815_11.jpg; 7815_13.jpg; 7817_1.jpg; 7817_3.jpg; 7815_9.jpg; 7875_11.jpg; 7932_11.jpg; 7873_20.jpg; 8011_16.jpg; 7617_18.jpg; 6990_12.jpg; 8021_8.jpg; 5161_15.jpg; 7666_23.jpg
7576,[중고] BROOKS XacTorr CMX45 CMX1T25PN2X 500Torr/ CMX1T15PN2X 50Torr BARATRON CAPACITANCE MANOMETER,[Used] BROOKS,CMX45,110000,100.48,BROOKS,vacuum gauge,,7576_1.jpg; 7576_1.jpg; 7576_3.jpg; 7576_1.jpg; 7576_1.jpg; 7576_6.jpg; 7576_7.jpg; 7576_8.jpg; 7576_1.jpg; 7576_3.jpg; 7576_11.jpg; 7332_13.jpg; 7875_11.jpg; 7932_11.jpg; 7873_20.jpg; 8011_16.jpg; 7617_18.jpg; 6990_12.jpg; 8021_8.jpg; 5161_15.jpg
4883,[중고] S9I40GTL SPG기어드모터 인덕션모터 AC모터 AC기어드모터,[Used] S9I40GTL SPG geared motor induction motor AC motor AC geared motor,S9I40GTL,33000,30.15,,AC motor/geared motor/DC motor,,4883_1.jpg; 4883_1.jpg; 4883_3.jpg; 4883_1.jpg; 4883_1.jpg; 4883_6.jpg; 5972_8.jpg; 5378_11.jpg; 4735_19.jpg; 5972_23.jpg; 5380_10.jpg; 5383_7.jpg; 5972_14.jpg; 5383_10.jpg; 4735_14.jpg; 5972_7.jpg; 5972_9.jpg; 5380_13.jpg; 5972_12.jpg; 4735_7.jpg; 4883_1.jpg; 4883_3.jpg; 5388_17.jpg; 7576_11.jpg; 7332_13.jpg; 7875_11.jpg; 7932_11.jpg; 7873_20.jpg; 8011_16.jpg; 7617_18.jpg; 6990_12.jpg; 8021_8.jpg
5126,[중고] CHUO SEIKI X축 스테이지 Stroke:30mm 1축 스테이지 오토스테이지 정밀스테이지,[Used] CHUO SEIKI X-axis stage Stroke: 30mm 1-axis stage auto stage precision stage,Stroke:30mm,88000,80.39,,Precision stage,,5126_1.jpg; 5126_1.jpg; 5126_3.jpg; 5126_1.jpg; 5126_5.jpg; 5126_6.jpg; 3012_15.jpg; 3012_18.jpg; 3012_19.jpg; 3012_16.jpg; 3012_14.jpg; 3012_17.jpg; 3012_22.jpg; 5126_1.jpg; 5126_3.jpg; 3012_13.jpg; 5388_17.jpg; 7576_11.jpg; 7332_13.jpg; 7875_11.jpg; 7932_11.jpg; 7873_20.jpg; 8011_16.jpg; 7617_18.jpg; 6990_12.jpg
7957,"[중고] SMC박형실린더(125파이/스트로크30,145,215mm) CQ2B125-KRC0251-30D CQ2B125-W1691-145 CDQ2B125-125-DCH215AH","[Used] SMC thin cylinder (125 pi/stroke 30, 145, 215 mm) CQ2B125-KRC0251-30D CQ2B125-W1691-145 CDQ2B125-125-DCH215AH","125파이/스트로크30,145,215mm",33000,30.15,,Pneumatic parts (PNEUMATIC),,7957_1.jpg; 7957_1.jpg; 7957_3.jpg; 7957_1.jpg; 7957_1.jpg; 7957_6.jpg; 7860_28.jpg; 7957_8.jpg; 7860_30.jpg; 7957_10.jpg; 7957_11.jpg; 7860_23.jpg; 7860_22.jpg; 7860_24.jpg; 7860_17.jpg; 7860_27.jpg; 7860_20.jpg; 7860_29.jpg; 7860_27.jpg; 7860_30.jpg; 7957_1.jpg; 7957_3.jpg; 7957_23.jpg; 3012_13.jpg; 5388_17.jpg; 7576_11.jpg; 7332_13.jpg; 7875_11.jpg; 7932_11.jpg; 7873_20.jpg; 8011_16.jpg; 7617_18.jpg
7466,[중고] MT8121X MT612X V1EV EasyView 터치스크린,[Used] MT8121X MT612X V1EV EasyView Touch Screen,MT8121X,220000,200.97,,touch screen,,7466_1.jpg; 7466_1.jpg; 7466_3.jpg; 7466_1.jpg; 7466_1.jpg; 7466_6.jpg; 7466_7.jpg; 7634_14.jpg; 7634_12.jpg; 7634_10.jpg; 7634_16.jpg; 7634_9.jpg; 7634_13.jpg; 7634_18.jpg; 7634_19.jpg; 7634_11.jpg; 7634_22.jpg; 7634_15.jpg; 7634_17.jpg; 7466_1.jpg; 7466_3.jpg; 7634_8.jpg; 6010_25.jpg; 7957_23.jpg; 3012_13.jpg; 5388_17.jpg; 7576_11.jpg; 7332_13.jpg; 7875_11.jpg; 7932_11.jpg; 7873_20.jpg
6010,[중고] ISSOKU (185/50mm) 볼스크류 볼나사 Ballscrew TM스크류 베어링 삼익THK 자동화부품 조각기 3D프린터 제작부품 자작 DIY,[Used] ISSOKU (185/50mm) Ballscrew Ball Screw Ballscrew TM Screw Bearing Samik THK Automation Parts Engraver 3D Printer Manufacturing Parts DIY,185/50mm,33000,30.15,THK,Ball screw/spline (SPLINE),,6010_1.jpg; 6010_1.jpg; 6010_3.jpg; 6010_1.jpg; 6010_1.jpg; 6010_6.jpg; 6012_16.jpg; 6012_14.jpg; 6012_13.jpg; 6012_19.jpg; 6012_9.jpg; 853_26.jpg; 6012_11.jpg; 6012_10.jpg; 6012_23.jpg; 6012_20.jpg; 5579_17.jpg; 6012_8.jpg; 6002_10.jpg; 6012_17.jpg; 6010_1.jpg; 6010_3.jpg; 6008_19.jpg; 7634_8.jpg; 6010_25.jpg; 7957_23.jpg; 3012_13.jpg; 5388_17.jpg; 7576_11.jpg; 7332_13.jpg; 7875_11.jpg; 7932_11.jpg
3475,[미사용] DPIN S3H-80R XYZ Manual stage (80 x 80) 메뉴얼스테이지 광학스테이지,[Unused] DPIN S3H-80R XYZ Manual stage (80 x 80) Manual stage Optical stage,S3H-80R,275000,251.21,,Precision stage,,3475_1.jpg; 3475_1.jpg; 3475_3.jpg; 3475_1.jpg; 3475_5.jpg; 5148_9.jpg; 7298_11.jpg; 5148_7.jpg; 5148_10.jpg; 5148_8.jpg; 3475_1.jpg; 3475_3.jpg; 5148_11.jpg; 6008_19.jpg; 7634_8.jpg; 6010_25.jpg; 7957_23.jpg; 3012_13.jpg; 5388_17.jpg; 7576_11.jpg; 7332_13.jpg; 7875_11.jpg
6519,[중고] ASTECH TH-30TFT MATCH,[Used] ASTECH TH-30TFT MATCH,TH-30TFT,2200000,2009.7,,RF/DC/MATCH,,6519_1.jpg; 6519_1.jpg; 6519_3.jpg; 6519_1.jpg; 6519_1.jpg; 6519_6.jpg; 6519_7.jpg; 6594_20.jpg; 6503_18.jpg; 6512_22.jpg; 6594_18.jpg; 6594_13.jpg; 6512_15.jpg; 6594_15.jpg; 6594_9.jpg; 6512_14.jpg; 6512_18.jpg; 6594_24.jpg; 6594_8.jpg; 6594_11.jpg; 6594_21.jpg; 6519_1.jpg; 6519_3.jpg; 6594_16.jpg; 5148_11.jpg; 6008_19.jpg; 7634_8.jpg; 6010_25.jpg; 7957_23.jpg; 3012_13.jpg; 5388_17.jpg; 7576_11.jpg; 7332_13.jpg
7859,[중고] NP NPR-509L-MP REACTOR 400kHz,[Used] NP NPR-509L-MP REACTOR 400kHz,NPR-509L-MP,550000,502.42,,RF/DC/MATCH,,7859_1.jpg; 7859_1.jpg; 7859_3.jpg; 7859_1.jpg; 7859_5.jpg; 7859_6.jpg; 7859_7.jpg; 7859_8.jpg; 6942_19.jpg; 6942_17.jpg; 7745_8.jpg; 7741_11.jpg; 7741_17.jpg; 6593_20.jpg; 6942_24.jpg; 7741_9.jpg; 7741_8.jpg; 7741_18.jpg; 7741_16.jpg; 7741_13.jpg; 7741_19.jpg; 7741_24.jpg; 7859_1.jpg; 7859_3.jpg; 6595_7.jpg; 5148_11.jpg; 6008_19.jpg; 7634_8.jpg; 6010_25.jpg; 7957_23.jpg; 3012_13.jpg; 5388_17.jpg; 7576_11.jpg; 7332_13.jpg
7938,[중고] CONTEC GP-IB(PCI)F,[Used] CONTEC GP-IB(PCI)F,,55000,50.24,,Computer/Computer-related parts,,7938_1.jpg; 7938_1.jpg; 7938_3.jpg; 7938_1.jpg; 7938_1.jpg; 7938_6.jpg; 7938_7.jpg; 7510_20.jpg; 7129_19.jpg; 7938_10.jpg; 7999_7.jpg; 7127_13.jpg; 7938_13.jpg; 7129_20.jpg; 7999_14.jpg; 7127_10.jpg; 6850_11.jpg; 6911_11.jpg; 7999_13.jpg; 7509_9.jpg; 7129_8.jpg; 7938_1.jpg; 7938_3.jpg; 7127_20.jpg; 6594_16.jpg; 5148_11.jpg; 6008_19.jpg; 7634_8.jpg; 6010_25.jpg; 7957_23.jpg; 3012_13.jpg; 5388_17.jpg; 7576_11.jpg
7905,[중고] Brooks TM(Transfer Module) Magnatran8 진공로봇 Vacuum Robot,[Used] Brooks TM (Transfer Module) Magnatran8 Vacuum Robot,Magnatran8,23100000,21101.85,BROOKS,semiconductor equipment,,7905_1.jpg; 7905_1.jpg; 7905_3.jpg; 7905_1.jpg; 7905_1.jpg; 7905_6.jpg; 7905_7.jpg; 7905_8.jpg; 7905_9.jpg; 7905_10.jpg; 7905_11.jpg; 7905_12.jpg; 6632_13.jpg; 6632_11.jpg; 7905_1.jpg; 7905_3.jpg; 7747_19.jpg; 7127_20.jpg; 6594_16.jpg; 5148_11.jpg; 6008_19.jpg; 7634_8.jpg; 6010_25.jpg; 7957_23.jpg; 3012_13.jpg; 5388_17.jpg
8025,[중고] DX2-KCWNR 온도콘트롤러 온도컨트롤러 디지털 인디케이터 인디케이터 indicator,[Used] DX2-KCWNR temperature controller temperature controller digital indicator indicator indicator,DX2-KCWNR,22000,20.1,,Temperature controller/indicator,,8025_1.jpg; 8025_1.jpg; 8025_3.jpg; 8025_1.jpg; 8025_1.jpg; 8025_6.jpg; 7474_21.jpg; 5599_13.jpg; 7489_11.jpg; 7474_18.jpg; 6804_19.jpg; 7489_13.jpg; 8025_13.jpg; 5599_9.jpg; 7715_11.jpg; 6802_19.jpg; 5694_18.jpg; 7026_14.jpg; 7474_12.jpg; 5575_10.jpg; 8025_1.jpg; 8025_3.jpg; 7026_15.jpg; 7747_19.jpg; 7127_20.jpg; 6594_16.jpg; 5148_11.jpg; 6008_19.jpg; 7634_8.jpg; 6010_25.jpg; 7957_23.jpg; 3012_13.jpg
7917,[중고] ADAM-3937,[Used] ADAM-3937,ADAM-3937,33000,30.15,,communication module,,7917_1.jpg; 7917_1.jpg; 7917_3.jpg; 7917_1.jpg; 7917_1.jpg; 7917_6.jpg; 7917_7.jpg; 8060_11.jpg; 7917_9.jpg; 7674_24.jpg; 7918_14.jpg; 8060_20.jpg; 7916_17.jpg; 7918_11.jpg; 7914_11.jpg; 8065_9.jpg; 7912_11.jpg; 7918_12.jpg; 8065_7.jpg; 8060_9.jpg; 7917_1.jpg; 7917_3.jpg; 8065_20.jpg; 7026_15.jpg; 7747_19.jpg; 7127_20.jpg; 6594_16.jpg; 5148_11.jpg; 6008_19.jpg; 7634_8.jpg; 6010_25.jpg; 7957_23.jpg
6264,[중고] Granville-Phillips 332 VACUUM GAUGE CONTROLLER,[Used] Granville-Phillips 332 VACUUM GAUGE CONTROLLER,,1100000,1004.85,,Pressure controller/gas analyzer,,6264_1.jpg; 6264_1.jpg; 6264_3.jpg; 6264_1.jpg; 6264_5.jpg; 6262_9.jpg; 7789_12.jpg; 7789_18.jpg; 7789_13.jpg; 6235_16.jpg; 7789_15.jpg; 7789_17.jpg; 7789_9.jpg; 7789_20.jpg; 6235_14.jpg; 7789_19.jpg; 6235_19.jpg; 7789_16.jpg; 6262_5.jpg; 6264_1.jpg; 6264_3.jpg; 7789_8.jpg; 8065_20.jpg; 7026_15.jpg; 7747_19.jpg; 7127_20.jpg; 6594_16.jpg; 5148_11.jpg; 6008_19.jpg; 7634_8.jpg; 6010_25.jpg
6001,[중고] THK (166/60mm) 볼스크류 볼나사 Ballscrew TM스크류 베어링 삼익THK 자동화부품 조각기 3D프린터 제작부품 자작 DIY,[Used] THK (166/60mm) Ball Screw Ball Screw Ballscrew TM Screw Bearing Samik THK Automation Parts Engraver 3D Printer Manufacturing Parts DIY,166/60mm,44000,40.19,THK,Ball screw/spline (SPLINE),,6001_1.jpg; 6001_1.jpg; 6001_3.jpg; 6001_1.jpg; 6001_1.jpg; 6001_6.jpg; 6012_7.jpg; 6012_8.jpg; 6002_17.jpg; 6012_17.jpg; 6012_18.jpg; 6012_19.jpg; 6012_12.jpg; 6012_16.jpg; 6012_13.jpg; 6012_14.jpg; 6008_19.jpg; 853_22.jpg; 853_26.jpg; 6002_10.jpg; 6001_1.jpg; 6001_3.jpg; 6012_11.jpg; 7789_8.jpg; 8065_20.jpg; 7026_15.jpg; 7747_19.jpg; 7127_20.jpg; 6594_16.jpg; 5148_11.jpg; 6008_19.jpg; 7634_8.jpg
8064,[중고] DRT2-OD08 OMRON,[Used] DRT2-OD08 OMRON,DRT2-OD08,44000,40.19,OMRON,communication module,,8064_1.jpg; 8064_1.jpg; 8064_3.jpg; 8064_1.jpg; 8064_1.jpg; 8064_6.jpg; 7375_12.jpg; 7840_24.jpg; 7375_14.jpg; 8060_20.jpg; 8064_11.jpg; 7918_11.jpg; 7918_9.jpg; 7916_19.jpg; 7914_8.jpg; 7914_16.jpg; 7914_15.jpg; 7918_12.jpg; 7821_10.jpg; 7914_18.jpg; 8064_1.jpg; 8064_3.jpg; 7912_9.jpg; 6012_11.jpg; 7789_8.jpg; 8065_20.jpg; 7026_15.jpg; 7747_19.jpg; 7127_20.jpg; 6594_16.jpg; 5148_11.jpg; 6008_19.jpg
5639,[중고] INFICON Transpector HPR Model:SPC-1132-G1 HPR100 가스 분석기,[Used] INFICON Transpector HPR Model:SPC-1132-G1 HPR100 Gas Analyzer,Model:SPC-1132-G1,5500000,5024.25,,Pressure controller/gas analyzer,,5639_1.jpg; 5639_1.jpg; 5639_3.jpg; 5639_1.jpg; 5638_5.jpg; 5639_6.jpg; 5638_8.jpg; 5638_12.jpg; 5638_7.jpg; 5639_1.jpg; 5639_3.jpg; 5638_9.jpg; 6012_11.jpg; 7789_8.jpg; 8065_20.jpg; 7026_15.jpg; 7747_19.jpg; 7127_20.jpg; 6594_16.jpg; 5148_11.jpg; 6008_19.jpg
7970,[중고] D11PT1-2W-103G-NA TK-FUJIKIN,[Used] D11PT1-2W-103G-NA TK-FUJIKIN,D11PT1-2W-103G-NA,55000,50.24,,Gas valve/regulator/pressure gauge,,7970_1.jpg; 7970_1.jpg; 7970_3.jpg; 7970_1.jpg; 7970_1.jpg; 7970_6.jpg; 7997_20.jpg; 7997_15.jpg; 7997_18.jpg; 7823_20.jpg; 7997_12.jpg; 7607_15.jpg; 8056_18.jpg; 7607_8.jpg; 7607_13.jpg; 7997_13.jpg; 7997_16.jpg; 7997_14.jpg; 7607_7.jpg; 7997_17.jpg; 7970_1.jpg; 7970_3.jpg; 8056_13.jpg; 5638_9.jpg; 6012_11.jpg; 7789_8.jpg; 8065_20.jpg; 7026_15.jpg; 7747_19.jpg; 7127_20.jpg; 6594_16.jpg; 5148_11.jpg
7987,[중고] Sankyo Robot Controller SC5000,[Used] Sankyo Robot Controller SC5000,SC5000,3300000,3014.55,,"Wafer transfer robot, aligner",,7987_1.jpg; 7987_1.jpg; 7987_3.jpg; 7987_1.jpg; 7987_1.jpg; 7987_6.jpg; 7987_7.jpg; 7987_8.jpg; 7987_9.jpg; 7987_10.jpg; 7987_11.jpg; 7987_12.jpg; 7987_13.jpg; 7987_14.jpg; 8030_17.jpg; 7440_25.jpg; 8050_19.jpg; 7292_16.jpg; 8029_17.jpg; 8054_24.jpg; 5820_11.jpg; 7440_21.jpg; 7440_18.jpg; 8050_14.jpg; 7934_21.jpg; 8029_13.jpg; 7934_22.jpg; 8050_9.jpg; 7987_1.jpg; 7987_3.jpg; 8029_20.jpg; 8056_13.jpg; 5638_9.jpg; 6012_11.jpg; 7789_8.jpg; 8065_20.jpg; 7026_15.jpg; 7747_19.jpg; 7127_20.jpg; 6594_16.jpg
7696,[중고] SPI090S-050KA (50:1) 감속기 REDUCER 서보모터감속기 서보감속기 유성감속기,[Used] SPI090S-050KA (50:1) Reducer REDUCER Servo motor reducer Servo reducer Planetary reducer,SPI090S-050KA,178000,162.6,,Reducer/Index/Coupling,,7696_1.jpg; 7696_1.jpg; 7696_3.jpg; 7696_1.jpg; 6990_5.jpg; 7696_6.jpg; 7696_7.jpg; 7696_8.jpg; 7696_9.jpg; 7696_10.jpg; 6990_10.jpg; 7617_9.jpg; 7071_11.jpg; 7696_14.jpg; 7696_15.jpg; 5897_17.jpg; 6597_12.jpg; 7696_18.jpg; 6597_13.jpg; 7696_20.jpg; 7696_21.jpg; 7617_19.jpg; 6597_10.jpg; 7649_14.jpg; 7696_1.jpg; 7696_3.jpg; 4884_23.jpg; 8029_20.jpg; 8056_13.jpg; 5638_9.jpg; 6012_11.jpg; 7789_8.jpg; 8065_20.jpg; 7026_15.jpg; 7747_19.jpg; 7127_20.jpg
4884,[중고] S9KB7.5BH SPG기어드모터 감속기 기어헤드 인덕션모터 AC모터 AC기어드모터,[Used] S9KB7.5BH SPG geared motor reducer gear head induction motor AC motor AC geared motor,S9KB7.5BH,22000,20.1,,AC motor/geared motor/DC motor,,4884_1.jpg; 4884_1.jpg; 4884_3.jpg; 4884_1.jpg; 4884_1.jpg; 4735_6.jpg; 5383_10.jpg; 5972_8.jpg; 5401_8.jpg; 5380_6.jpg; 5378_11.jpg; 4735_19.jpg; 5380_12.jpg; 4735_22.jpg; 5971_22.jpg; 5380_17.jpg; 5401_14.jpg; 5378_19.jpg; 5972_13.jpg; 4884_1.jpg; 4884_3.jpg; 4735_7.jpg; 4884_23.jpg; 8029_20.jpg; 8056_13.jpg; 5638_9.jpg; 6012_11.jpg; 7789_8.jpg; 8065_20.jpg; 7026_15.jpg; 7747_19.jpg
7867,[중고] PK566-B,[Used] PK566-B,PK566-B,33000,30.15,,Stepping motor/driver/BLDC,,7867_1.jpg; 7867_1.jpg; 7867_3.jpg; 7867_1.jpg; 7867_1.jpg; 7867_6.jpg; 7868_16.jpg; 7865_9.jpg; 7867_9.jpg; 7865_20.jpg; 7899_8.jpg; 7899_18.jpg; 7899_10.jpg; 7906_18.jpg; 7868_21.jpg; 7870_36.jpg; 7866_26.jpg; 7868_19.jpg; 7898_8.jpg; 7906_11.jpg; 7867_1.jpg; 7867_3.jpg; 7868_25.jpg; 4735_7.jpg; 4884_23.jpg; 8029_20.jpg; 8056_13.jpg; 5638_9.jpg; 6012_11.jpg; 7789_8.jpg; 8065_20.jpg; 7026_15.jpg
7623,[중고] Sankyo MC101NS302SNN01 100W,[Used] Sankyo MC101NS302SNN01 100W,MC101NS302SNN01,275000,251.21,,Servo motor/servo driver,,7623_1.jpg; 7623_1.jpg; 7623_3.jpg; 7623_1.jpg; 7623_1.jpg; 7623_6.jpg; 7623_7.jpg; 7623_8.jpg; 7623_1.jpg; 7623_3.jpg; 7623_11.jpg; 7868_25.jpg; 4735_7.jpg; 4884_23.jpg; 8029_20.jpg; 8056_13.jpg; 5638_9.jpg; 6012_11.jpg; 7789_8.jpg; 8065_20.jpg
7435,[중고] Q63P Q시리즈 Mitsubishi Q-PLC MELSEC Q 피엘씨 미쓰비시피엘씨 자동화부품 공장자동화 미쯔비시PLC,[Used] Q63P Q Series Mitsubishi Q-PLC MELSEC Q PLC Mitsubishi PLC Automation Parts Factory Automation Mitsubishi PLC,Q63P,44000,40.19,,PLC,,7435_1.jpg; 7435_1.jpg; 7435_3.jpg; 7435_1.jpg; 7435_1.jpg; 7435_6.jpg; 7435_7.jpg; 7413_21.jpg; 7435_9.jpg; 7433_13.jpg; 7435_11.jpg; 7435_12.jpg; 7434_20.jpg; 7434_18.jpg; 7435_15.jpg; 7413_12.jpg; 7434_13.jpg; 7413_13.jpg; 7413_18.jpg; 7434_16.jpg; 7435_1.jpg; 7435_3.jpg; 7433_17.jpg; 7623_11.jpg; 7868_25.jpg; 4735_7.jpg; 4884_23.jpg; 8029_20.jpg; 8056_13.jpg; 5638_9.jpg; 6012_11.jpg; 7789_8.jpg
6795,[중고] CIMR-V7BC24P0 (5마력) 인버터 야스카와인버터 INVERTER,[Used] CIMR-V7BC24P0 (5 horsepower) inverter Yaskawa inverter INVERTER,CIMR-V7BC24P0,187000,170.82,,INVERTER,,6795_1.jpg; 6795_1.jpg; 6795_3.jpg; 6795_1.jpg; 6795_1.jpg; 6795_6.jpg; 6795_7.jpg; 5056_13.jpg; 4049_14.jpg; 5056_7.jpg; 4049_7.jpg; 6795_1.jpg; 6795_3.jpg; 5056_8.jpg; 7433_17.jpg; 7623_11.jpg; 7868_25.jpg; 4735_7.jpg; 4884_23.jpg; 8029_20.jpg; 8056_13.jpg; 5638_9.jpg; 6012_11.jpg
6959,[중고] ZAC2215-00 (15A),[Used] ZAC2215-00 (15A),ZAC2215-00,8800,8.04,,Electrical parts and other,,6959_1.jpg; 6959_1.jpg; 6959_3.jpg; 6959_1.jpg; 6959_1.jpg; 6959_6.jpg; 6959_7.jpg; 6959_8.jpg; 6959_9.jpg; 6959_10.jpg; 7589_15.jpg; 6959_12.jpg; 6959_13.jpg; 7589_10.jpg; 6959_15.jpg; 6959_16.jpg; 5961_19.jpg; 6959_18.jpg; 6959_19.jpg; 6959_20.jpg; 6959_1.jpg; 6959_3.jpg; 5962_10.jpg; 5056_8.jpg; 7433_17.jpg; 7623_11.jpg; 7868_25.jpg; 4735_7.jpg; 4884_23.jpg; 8029_20.jpg; 8056_13.jpg; 5638_9.jpg
8016,[중고]OMRON S82J-02524D (24V 1.1A) 파워써플라이 파워서플라이 POWER SUPPLY SMPS(24V),[Used]OMRON S82J-02524D (24V 1.1A) Power supply Power supply POWER SUPPLY SMPS(24V),S82J-02524D,11000,10.05,OMRON,Power supply SMPS,,8016_1.jpg; 8016_1.jpg; 8016_3.jpg; 8016_1.jpg; 8016_1.jpg; 8016_6.jpg; 7554_12.jpg; 8011_11.jpg; 8011_8.jpg; 7354_24.jpg; 8016_11.jpg; 7596_15.jpg; 7596_8.jpg; 7555_16.jpg; 8011_18.jpg; 8011_20.jpg; 8011_12.jpg; 8016_18.jpg; 8016_19.jpg; 8011_9.jpg; 8016_1.jpg; 8016_3.jpg; 8016_23.jpg; 5962_10.jpg; 5056_8.jpg; 7433_17.jpg; 7623_11.jpg; 7868_25.jpg; 4735_7.jpg; 4884_23.jpg; 8029_20.jpg; 8056_13.jpg
6784,[중고] HRW17 (길이120mm/블럭2개) LM가이드 엘엠가이드 LM GUIDE THK IKO NSK 자동화부품 정밀부품 조각기 3D프린터 제작부품 삼익THK 베어링,[Used] HRW17 (Length 120mm/2 blocks) LM Guide LM Guide LM GUIDE THK IKO NSK Automation Parts Precision Parts Engraver 3D Printer Manufacturing Parts Samik THK Bearing,HRW17,33000,30.15,THK,LM GUIDE / BUSHING,,6784_1.jpg; 6784_1.jpg; 6784_3.jpg; 6784_1.jpg; 6784_1.jpg; 7142_8.jpg; 7142_17.jpg; 7142_9.jpg; 7142_11.jpg; 7142_12.jpg; 7142_13.jpg; 7142_10.jpg; 6784_1.jpg; 6784_3.jpg; 7142_14.jpg; 8016_23.jpg; 5962_10.jpg; 5056_8.jpg; 7433_17.jpg; 7623_11.jpg; 7868_25.jpg; 4735_7.jpg; 4884_23.jpg; 8029_20.jpg
7439,[중고] MKS Loadlock Transducer 901P-41050-0051 GRANVILLE-PHILLIPS,[Used] MKS Loadlock Transducer 901P-41050-0051 GRANVILLE-PHILLIPS,901P-41050-0051,165000,150.73,MKS,vacuum gauge,,7439_1.jpg; 7439_1.jpg; 7439_3.jpg; 7439_1.jpg; 7439_1.jpg; 7439_6.jpg; 7465_8.jpg; 7585_10.jpg; 7561_8.jpg; 7561_18.jpg; 7818_21.jpg; 7561_23.jpg; 7142_20.jpg; 7561_11.jpg; 7561_14.jpg; 7561_10.jpg; 7332_13.jpg; 7465_17.jpg; 7465_11.jpg; 7561_13.jpg; 7439_1.jpg; 7439_3.jpg; 7561_7.jpg; 7142_14.jpg; 8016_23.jpg; 5962_10.jpg; 5056_8.jpg; 7433_17.jpg; 7623_11.jpg; 7868_25.jpg; 4735_7.jpg; 4884_23.jpg
6818,[중고] IR-FA Series IR-FACMX06 FA05ZC001 IR-FL9NX00.5 Fiber Optic Radiation Thermometer,[Used] IR-FA Series IR-FACMX06 FA05ZC001 IR-FL9NX00.5 Fiber Optic Radiation Thermometer,IR-FACMX06,220000,200.97,,Temperature controller/indicator,,6818_1.jpg; 6818_1.jpg; 6818_3.jpg; 6818_1.jpg; 6818_1.jpg; 6818_6.jpg; 6818_7.jpg; 6818_8.jpg; 7489_8.jpg; 7236_9.jpg; 7489_23.jpg; 7668_21.jpg; 5694_14.jpg; 5599_13.jpg; 5694_16.jpg; 6821_18.jpg; 6802_19.jpg; 5694_23.jpg; 5599_22.jpg; 7489_17.jpg; 6804_12.jpg; 8025_13.jpg; 6818_1.jpg; 6818_3.jpg; 7366_12.jpg; 7561_7.jpg; 7142_14.jpg; 8016_23.jpg; 5962_10.jpg; 5056_8.jpg; 7433_17.jpg; 7623_11.jpg; 7868_25.jpg; 4735_7.jpg
5165,[중고] KEYENCE LV-21A LV-H62 Laser Sensor,[Used] KEYENCE LV-21A LV-H62 Laser Sensor,LV-21A,66000,60.29,,Sensors / various cables,,5165_1.jpg; 5165_1.jpg; 5165_3.jpg; 5165_1.jpg; 5165_1.jpg; 5165_6.jpg; 5165_7.jpg; 5609_12.jpg; 5159_14.jpg; 5159_9.jpg; 5163_23.jpg; 5991_22.jpg; 8022_17.jpg; 5163_15.jpg; 5163_9.jpg; 5159_10.jpg; 5991_15.jpg; 5163_14.jpg; 5991_16.jpg; 8022_16.jpg; 5161_14.jpg; 5165_1.jpg; 5165_3.jpg; 5161_11.jpg; 7366_12.jpg; 7561_7.jpg; 7142_14.jpg; 8016_23.jpg; 5962_10.jpg; 5056_8.jpg; 7433_17.jpg; 7623_11.jpg; 7868_25.jpg
2757,[중고] FR-E720-0.2K (200W),[Used] FR-E720-0.2K (200W),FR-E720-0.2K,55000,50.24,,INVERTER,,2757_1.jpg; 2757_1.jpg; 2757_3.jpg; 2757_1.jpg; 2757_1.jpg; 2757_6.jpg; 2757_7.jpg; 2757_8.jpg; 2757_9.jpg; 2757_10.jpg; 3208_12.jpg; 3208_11.jpg; 3208_9.jpg; 3208_18.jpg; 3208_7.jpg; 3208_14.jpg; 3208_10.jpg; 3208_13.jpg; 3208_15.jpg; 3208_8.jpg; 2757_1.jpg; 2757_3.jpg; 3208_6.jpg; 5161_11.jpg; 7366_12.jpg; 7561_7.jpg; 7142_14.jpg; 8016_23.jpg; 5962_10.jpg; 5056_8.jpg; 7433_17.jpg; 7623_11.jpg
5370,[중고] Brooks 200mm(8inch)용 LoadPort,[Used] LoadPort for Brooks 200mm (8inch),200mm,2200000,2009.7,BROOKS,LOAD PORT,,5370_1.jpg; 5370_1.jpg; 5370_3.jpg; 5370_1.jpg; 5370_5.jpg; 5370_6.jpg; 5810_10.jpg; 5810_9.jpg; 5810_12.jpg; 5810_16.jpg; 5810_11.jpg; 5370_1.jpg; 5370_3.jpg; 5810_13.jpg; 3208_6.jpg; 5161_11.jpg; 7366_12.jpg; 7561_7.jpg; 7142_14.jpg; 8016_23.jpg; 5962_10.jpg; 5056_8.jpg; 7433_17.jpg
5974,[중고] S9KB36BL-A97 SPG기어드모터 감속기 기어헤드 인덕션모터 AC모터 AC기어드모터,[Used] S9KB36BL-A97 SPG geared motor reducer gear head induction motor AC motor AC geared motor,S9KB36BL-A97,22000,20.1,,AC motor/geared motor/DC motor,,5974_1.jpg; 5974_1.jpg; 5974_3.jpg; 5974_1.jpg; 5974_1.jpg; 5974_6.jpg; 5972_20.jpg; 5972_23.jpg; 5388_17.jpg; 5975_17.jpg; 5972_10.jpg; 5380_13.jpg; 4735_19.jpg; 5401_19.jpg; 4735_6.jpg; 4735_14.jpg; 5972_14.jpg; 5380_17.jpg; 5972_9.jpg; 5388_16.jpg; 5974_1.jpg; 5974_3.jpg; 5972_17.jpg; 3208_6.jpg; 5161_11.jpg; 7366_12.jpg; 7561_7.jpg; 7142_14.jpg; 8016_23.jpg; 5962_10.jpg; 5056_8.jpg; 7433_17.jpg
8071,[중고] MBM206-412 오리엔탈모터 기어드모터 인덕션모터 스피드컨트롤모터 Orientalmotor,[Used] MBM206-412 Oriental motor Geared motor Induction motor Speed ​​control motor Orientalmotor,MBM206-412,22000,20.1,,AC motor/geared motor/DC motor,,8071_1.jpg; 8071_1.jpg; 8071_3.jpg; 8071_1.jpg; 8071_5.jpg; 8071_6.jpg; 8071_1.jpg; 8071_8.jpg; 7145_12.jpg; 8071_10.jpg; 8071_11.jpg; 8071_12.jpg; 8071_13.jpg; 8071_14.jpg; 5144_14.jpg; 7145_6.jpg; 8071_17.jpg; 5144_17.jpg; 5156_9.jpg; 5156_11.jpg; 8071_21.jpg; 7145_15.jpg; 8071_1.jpg; 8071_3.jpg; 8071_25.jpg; 5972_17.jpg; 3208_6.jpg; 5161_11.jpg; 7366_12.jpg; 7561_7.jpg; 7142_14.jpg; 8016_23.jpg; 5962_10.jpg; 5056_8.jpg
3073,[중고]  XY Axis Stage (66 x 66),[Used] XY Axis Stage (66 x 66),,143000,130.63,,Precision stage,,3073_1.jpg; 3073_1.jpg; 3073_3.jpg; 3073_1.jpg; 4875_7.jpg; 4875_10.jpg; 4875_9.jpg; 4875_13.jpg; 4875_6.jpg; 3073_1.jpg; 3073_3.jpg; 4875_8.jpg; 5972_17.jpg; 3208_6.jpg; 5161_11.jpg; 7366_12.jpg; 7561_7.jpg; 7142_14.jpg; 8016_23.jpg; 5962_10.jpg; 5056_8.jpg
6450,[중고] CAP-80 MarkII CRYOACE ANELVA,[Used] CAP-80 MarkII CRYOACE ANELVA,CAP-80,1100000,1004.85,,vacuum pump,,6450_1.jpg; 6450_1.jpg; 6450_3.jpg; 6450_1.jpg; 7889_12.jpg; 7889_8.jpg; 7889_11.jpg; 7889_10.jpg; 4596_23.jpg; 6450_1.jpg; 6450_3.jpg; 7889_9.jpg; 5972_17.jpg; 3208_6.jpg; 5161_11.jpg; 7366_12.jpg; 7561_7.jpg; 7142_14.jpg; 8016_23.jpg; 5962_10.jpg; 5056_8.jpg
7081,[중고] August Encoder Board PCB#708028 Assy#708029 CamLink/LVDS Mother Board PCB#706269 Assy#706965 NSX105 MEI Daughter Board P/N706765,[Used] August Encoder Board PCB#708028 Assy#708029 CamLink/LVDS Mother Board PCB#706269 Assy#706965 NSX105 MEI Daughter Board P/N706765,PCB#708028,110000,100.48,,Computer/Computer-related parts,,7081_1.jpg; 7081_1.jpg; 7081_3.jpg; 7081_1.jpg; 7081_1.jpg; 7081_6.jpg; 7081_7.jpg; 7081_8.jpg; 7999_18.jpg; 7999_13.jpg; 7214_10.jpg; 6911_21.jpg; 7129_7.jpg; 6914_24.jpg; 6916_20.jpg; 6916_17.jpg; 7081_17.jpg; 7509_16.jpg; 7214_20.jpg; 7081_20.jpg; 7081_21.jpg; 7999_7.jpg; 7081_1.jpg; 7081_3.jpg; 6911_20.jpg; 5972_17.jpg; 3208_6.jpg; 5161_11.jpg; 7366_12.jpg; 7561_7.jpg; 7142_14.jpg; 8016_23.jpg; 5962_10.jpg; 5056_8.jpg
7985,[중고] G-P300NL Aligner,[Used] G-P300NL Aligner,G-P300NL,990000,904.37,,"Wafer transfer robot, aligner",,7985_1.jpg; 7985_1.jpg; 7985_3.jpg; 7985_1.jpg; 7985_5.jpg; 7985_6.jpg; 7985_7.jpg; 7985_8.jpg; 5729_14.jpg; 5729_17.jpg; 5729_9.jpg; 5729_15.jpg; 5729_8.jpg; 5729_19.jpg; 7440_20.jpg; 5729_16.jpg; 5731_12.jpg; 5729_12.jpg; 5729_11.jpg; 5729_21.jpg; 5729_13.jpg; 7440_23.jpg; 7985_1.jpg; 7985_3.jpg; 5729_10.jpg; 6911_20.jpg; 5972_17.jpg; 3208_6.jpg; 5161_11.jpg; 7366_12.jpg; 7561_7.jpg; 7142_14.jpg; 8016_23.jpg; 5962_10.jpg
7986,[중고] Brooks Razor 주행축 144868  ATM ROBOT,[Used] Brooks Razor Drive Shaft 144868 ATM ROBOT,,1100000,1004.85,BROOKS,"Wafer transfer robot, aligner",,7986_1.jpg; 7986_1.jpg; 7986_3.jpg; 7986_1.jpg; 7986_1.jpg; 7986_6.jpg; 7986_7.jpg; 7986_8.jpg; 7986_9.jpg; 7986_10.jpg; 7986_11.jpg; 7934_23.jpg; 5820_10.jpg; 7440_26.jpg; 8050_14.jpg; 7934_18.jpg; 7440_21.jpg; 7997_24.jpg; 8054_19.jpg; 7440_29.jpg; 7440_15.jpg; 8029_18.jpg; 6631_10.jpg; 5820_11.jpg; 8029_14.jpg; 7986_1.jpg; 7986_3.jpg; 8054_21.jpg; 5729_10.jpg; 6911_20.jpg; 5972_17.jpg; 3208_6.jpg; 5161_11.jpg; 7366_12.jpg; 7561_7.jpg; 7142_14.jpg; 8016_23.jpg
7659,[중고] AERA TC FC-PAR781C-BW N2 O2 N2O H2 Transformer MFC,[Used] AERA TC FC-PAR781C-BW N2 O2 N2O H2 Transformer MFC,FC-PAR781C-BW,110000,100.48,,MFC/MFM,,7659_1.jpg; 7659_1.jpg; 7659_3.jpg; 7659_1.jpg; 7659_1.jpg; 7659_6.jpg; 7812_3.jpg; 7697_20.jpg; 7810_12.jpg; 7659_10.jpg; 7811_16.jpg; 7697_8.jpg; 7812_3.jpg; 7811_17.jpg; 7810_23.jpg; 7697_17.jpg; 7810_9.jpg; 7812_3.jpg; 7812_4.jpg; 7659_20.jpg; 7659_1.jpg; 7659_3.jpg; 7810_18.jpg; 5842_14.jpg; 8054_21.jpg; 5729_10.jpg; 6911_20.jpg; 5972_17.jpg; 3208_6.jpg; 5161_11.jpg; 7366_12.jpg; 7561_7.jpg
5842,[중고] SweeperII ULTRASONIC GENERATOR 초음파 제너레이터,[Used] SweeperII ULTRASONIC GENERATOR ultrasonic generator,,330000,301.45,,ultrasonic generator,,5842_1.jpg; 5842_1.jpg; 5842_3.jpg; 5842_1.jpg; 5842_1.jpg; 5842_6.jpg; 5839_7.jpg; 5839_8.jpg; 5839_12.jpg; 5842_1.jpg; 5842_3.jpg; 5839_9.jpg; 7810_18.jpg; 5842_14.jpg; 8054_21.jpg; 5729_10.jpg; 6911_20.jpg; 5972_17.jpg; 3208_6.jpg; 5161_11.jpg; 7366_12.jpg
8027,[중고] SGMAH-04ABA21 야스카와 서보 서보모터 AC서보모터 YASKAWA 시그마 자동화부품 조각기 3D프린터 부품 산업용 자동화설비,[Used] SGMAH-04ABA21 YASKAWA Servo Servo Motor AC Servo Motor YASKAWA Sigma Automation Parts Engraver 3D Printer Parts Industrial Automation Equipment,SGMAH-04ABA21,143000,130.63,YASKAWA,Servo motor/servo driver,,8027_1.jpg; 8027_1.jpg; 8027_3.jpg; 8027_1.jpg; 8027_1.jpg; 8027_6.jpg; 8027_7.jpg; 8027_8.jpg; 8027_9.jpg; 7142_18.jpg; 7753_12.jpg; 7968_12.jpg; 8027_13.jpg; 7968_20.jpg; 7968_14.jpg; 8027_16.jpg; 7733_19.jpg; 7968_18.jpg; 7733_9.jpg; 7968_16.jpg; 7968_13.jpg; 7968_17.jpg; 8027_1.jpg; 8027_3.jpg; 8027_25.jpg; 7810_18.jpg; 5842_14.jpg; 8054_21.jpg; 5729_10.jpg; 6911_20.jpg; 5972_17.jpg; 3208_6.jpg; 5161_11.jpg; 7366_12.jpg
2160,[중고] wisebath WHB-6,[Used] wisebath WHB-6,WHB-6,300000,274.05,,"Measuring instruments, optics, experimental equipment",,2160_1.jpg; 2160_1.jpg; 2160_3.jpg; 2160_1.jpg; 2160_1.jpg; 2160_6.jpg; 2160_7.jpg; 2160_8.jpg; 2325_17.jpg; 2325_12.jpg; 2325_13.jpg; 2325_14.jpg; 2160_1.jpg; 2160_3.jpg; 2325_11.jpg; 8027_25.jpg; 7810_18.jpg; 5842_14.jpg; 8054_21.jpg; 5729_10.jpg; 6911_20.jpg; 5972_17.jpg; 3208_6.jpg; 5161_11.jpg
7624,[중고] SV110iP5A-4NE (15마력) LS 인버터 정상작동 테스트완료,[Used] SV110iP5A-4NE (15 horsepower) LS inverter normal operation test completed,SV110iP5A-4NE,440000,401.94,,INVERTER,,7624_1.jpg; 7624_1.jpg; 7624_3.jpg; 7624_1.jpg; 7624_1.jpg; 7624_6.jpg; 682_12.jpg; 682_15.jpg; 682_10.jpg; 682_18.jpg; 682_14.jpg; 682_11.jpg; 7624_1.jpg; 7624_3.jpg; 682_13.jpg; 2325_11.jpg; 8027_25.jpg; 7810_18.jpg; 5842_14.jpg; 8054_21.jpg; 5729_10.jpg; 6911_20.jpg; 5972_17.jpg; 3208_6.jpg
7378,[중고] OMRON E3X-DA21-S E32-ZT11N 2M Fiber Sensor,[Used] OMRON E3X-DA21-S E32-ZT11N 2M Fiber Sensor,E3X-DA21-S,55000,50.24,OMRON,Sensors / various cables,,7378_1.jpg; 7378_1.jpg; 7378_3.jpg; 7378_1.jpg; 7378_1.jpg; 7378_6.jpg; 7378_7.jpg; 7378_8.jpg; 8036_18.jpg; 5161_14.jpg; 5163_20.jpg; 5609_13.jpg; 5159_14.jpg; 5983_15.jpg; 5161_22.jpg; 5991_22.jpg; 5609_17.jpg; 5163_19.jpg; 5609_10.jpg; 5609_16.jpg; 8036_23.jpg; 5161_7.jpg; 7378_1.jpg; 7378_3.jpg; 5991_11.jpg; 2325_11.jpg; 8027_25.jpg; 7810_18.jpg; 5842_14.jpg; 8054_21.jpg; 5729_10.jpg; 6911_20.jpg; 5972_17.jpg; 3208_6.jpg
7721,[중고] VAT 65040-PHHP-0001 PENDULUM VALVE 팬들럼 펜들럼 밸브,[Used] VAT 65040-PHHP-0001 PENDULUM VALVE Pendulum valve,65040-PHHP-0001,2200000,2009.7,VAT,vacuum valve,,7720_1.jpg; 7720_1.jpg; 7720_3.jpg; 7720_1.jpg; 7720_1.jpg; 7721_6.jpg; 7717_15.jpg; 7717_14.jpg; 7717_10.jpg; 7717_24.jpg; 7717_20.jpg; 7717_8.jpg; 7717_13.jpg; 7717_11.jpg; 7717_9.jpg; 7717_18.jpg; 7717_19.jpg; 7717_13.jpg; 7717_17.jpg; 7717_21.jpg; 7720_1.jpg; 7720_3.jpg; 7717_10.jpg; 5991_11.jpg; 2325_11.jpg; 8027_25.jpg; 7810_18.jpg; 5842_14.jpg; 8054_21.jpg; 5729_10.jpg; 6911_20.jpg; 5972_17.jpg
6917,[중고] SRCP_BBC4P,[Used] SRCP_BBC4P,SRCP_BBC4P,165000,150.73,,Computer/Computer-related parts,,6917_1.jpg; 6917_1.jpg; 6917_3.jpg; 6917_1.jpg; 6917_1.jpg; 6917_6.jpg; 6916_11.jpg; 7293_9.jpg; 6916_16.jpg; 7081_21.jpg; 7081_17.jpg; 7127_20.jpg; 7214_16.jpg; 6911_9.jpg; 7938_13.jpg; 6850_11.jpg; 6916_15.jpg; 7510_18.jpg; 6911_18.jpg; 6917_1.jpg; 6917_3.jpg; 7293_17.jpg; 7717_10.jpg; 5991_11.jpg; 2325_11.jpg; 8027_25.jpg; 7810_18.jpg; 5842_14.jpg; 8054_21.jpg; 5729_10.jpg; 6911_20.jpg
7809,[중고] SAM SFC2481FX MC-4SUGLB CH2F2 C4F6 C4F8 CHF3 Ar COS N2 CF4 O2  FANTAS MFC HITACHI,[Used] SAM SFC2481FX MC-4SUGLB CH2F2 C4F6 C4F8 CHF3 Ar COS N2 CF4 O2 FANTAS MFC HITACHI,SFC2481FX,55000,50.24,,MFC/MFM,,7809_1.jpg; 7809_1.jpg; 7809_3.jpg; 7809_1.jpg; 7809_1.jpg; 7809_6.jpg; 7809_7.jpg; 7666_7.jpg; 7809_9.jpg; 7666_17.jpg; 7809_11.jpg; 7809_12.jpg; 7666_7.jpg; 7809_14.jpg; 7666_15.jpg; 7666_7.jpg; 7666_7.jpg; 7809_18.jpg; 7666_15.jpg; 7809_20.jpg; 7809_1.jpg; 7809_3.jpg; 7809_23.jpg; 7717_10.jpg; 5991_11.jpg; 2325_11.jpg; 8027_25.jpg; 7810_18.jpg; 5842_14.jpg; 8054_21.jpg; 5729_10.jpg; 6911_20.jpg
6635,[중고] Brooks Aligner 002-7391-08 002-7391-08R 002-7391-21 002-7391-07 171168 Wafer Aligner 얼라이너 prealigner 프리얼라이너 웨이퍼,[Used] Brooks Aligner 002-7391-08 002-7391-08R 002-7391-21 002-7391-07 171168 Wafer Aligner Aligner prealigner Prealigner Wafer,002-7391-08R,1210000,1105.34,BROOKS,gas cabinet,,6635_1.jpg; 6635_1.jpg; 6635_3.jpg; 6635_1.jpg; 6635_5.jpg; 6635_1.jpg; 6635_7.jpg; 6635_8.jpg; 5729_9.jpg; 8029_23.jpg; 6631_12.jpg; 8054_24.jpg; 7440_29.jpg; 7440_20.jpg; 8029_19.jpg; 7440_22.jpg; 6631_22.jpg; 6631_20.jpg; 6632_10.jpg; 6632_13.jpg; 7298_7.jpg; 7226_22.jpg; 6635_1.jpg; 6635_3.jpg; 7748_18.jpg; 7809_23.jpg; 7717_10.jpg; 5991_11.jpg; 2325_11.jpg; 8027_25.jpg; 7810_18.jpg; 5842_14.jpg; 8054_21.jpg; 5729_10.jpg
4749,[중고] XU-RC350D-S01 ERCR-NS01-B004 NXC100 YASKAWA ATM ROBOT,[Used] XU-RC350D-S01 ERCR-NS01-B004 NXC100 YASKAWA ATM ROBOT,XU-RC350D-S01,8800000,8038.8,YASKAWA,Cartesian robot/actuator,,4749_1.jpg; 4749_1.jpg; 4749_3.jpg; 4749_1.jpg; 4749_5.jpg; 8054_21.jpg; 8029_21.jpg; 8050_14.jpg; 8050_9.jpg; 7440_18.jpg; 6631_21.jpg; 7440_29.jpg; 8000_16.jpg; 7440_19.jpg; 7934_18.jpg; 5820_11.jpg; 7997_24.jpg; 8030_17.jpg; 6631_23.jpg; 4749_1.jpg; 4749_3.jpg; 8050_18.jpg; 7748_18.jpg; 7809_23.jpg; 7717_10.jpg; 5991_11.jpg; 2325_11.jpg; 8027_25.jpg; 7810_18.jpg; 5842_14.jpg; 8054_21.jpg
7590,[중고] Fine Suntronix VSF100-24 (24V 4.5A) 파워써플라이 파워서플라이 POWER SUPPLY SMPS,[Used] Fine Suntronix VSF100-24 (24V 4.5A) Power supply Power supply POWER SUPPLY SMPS,VSF100-24,16500,15.07,,Power supply SMPS,,7590_1.jpg; 7590_1.jpg; 7590_3.jpg; 7590_1.jpg; 7590_1.jpg; 7590_6.jpg; 7590_7.jpg; 7590_8.jpg; 7590_9.jpg; 7590_10.jpg; 8011_19.jpg; 7590_12.jpg; 7590_13.jpg; 7590_14.jpg; 7590_15.jpg; 7590_16.jpg; 7590_17.jpg; 7590_18.jpg; 7590_19.jpg; 7590_20.jpg; 7590_21.jpg; 7590_1.jpg; 7590_3.jpg; 3880_15.jpg; 7748_18.jpg; 7809_23.jpg; 7717_10.jpg; 5991_11.jpg; 2325_11.jpg; 8027_25.jpg; 7810_18.jpg; 5842_14.jpg; 8054_21.jpg
3880,[중고] SV037iG5A-2 (5마력) LS 인버터 정상작동 테스트완료,[Used] SV037iG5A-2 (5 horsepower) LS inverter normal operation test completed,SV037iG5A-2,187000,170.82,,INVERTER,,3880_1.jpg; 3880_1.jpg; 3880_3.jpg; 3880_1.jpg; 3880_5.jpg; 682_13.jpg; 682_18.jpg; 682_12.jpg; 682_15.jpg; 682_10.jpg; 682_14.jpg; 3880_1.jpg; 3880_3.jpg; 682_11.jpg; 3880_15.jpg; 7748_18.jpg; 7809_23.jpg; 7717_10.jpg; 5991_11.jpg; 2325_11.jpg; 8027_25.jpg; 7810_18.jpg; 5842_14.jpg
5135,[중고] KEYENCE FS-V21R 화이버센서 FIBER 화이바센서 앰프,[Used] KEYENCE FS-V21R Fiber Sensor FIBER Fiber Sensor Amplifier,FS-V21R,55000,50.24,,Sensors / various cables,,5135_1.jpg; 5135_1.jpg; 5135_3.jpg; 5135_1.jpg; 5135_1.jpg; 7354_25.jpg; 8022_10.jpg; 5163_7.jpg; 5609_14.jpg; 8022_16.jpg; 5991_13.jpg; 5161_7.jpg; 5163_13.jpg; 5163_20.jpg; 5135_15.jpg; 5983_15.jpg; 5161_15.jpg; 5609_14.jpg; 5161_11.jpg; 5135_1.jpg; 5135_3.jpg; 5609_19.jpg; 682_11.jpg; 3880_15.jpg; 7748_18.jpg; 7809_23.jpg; 7717_10.jpg; 5991_11.jpg; 2325_11.jpg; 8027_25.jpg; 7810_18.jpg
5648,[중고] KEYENCE LV-21A LV-H62 Laser Sensor,[Used] KEYENCE LV-21A LV-H62 Laser Sensor,LV-21A,66000,60.29,OMRON,Sensors / various cables,,5648_1.jpg; 5648_1.jpg; 5648_3.jpg; 5648_1.jpg; 5648_1.jpg; 5648_6.jpg; 5648_7.jpg; 5648_8.jpg; 5609_12.jpg; 5609_15.jpg; 5991_9.jpg; 5609_10.jpg; 5161_15.jpg; 5991_16.jpg; 8022_16.jpg; 5987_16.jpg; 7325_11.jpg; 5609_17.jpg; 5161_22.jpg; 5991_8.jpg; 5991_11.jpg; 5159_10.jpg; 5648_1.jpg; 5648_3.jpg; 5163_19.jpg; 5609_19.jpg; 682_11.jpg; 3880_15.jpg; 7748_18.jpg; 7809_23.jpg; 7717_10.jpg; 5991_11.jpg; 2325_11.jpg; 8027_25.jpg
8053,[중고] AERA FC-7700CD N2 3000SCCM MFC,[Used] AERA FC-7700CD N2 3000SCCM MFC,FC-7700CD,220000,200.97,,MFC/MFM,,8053_1.jpg; 8053_1.jpg; 8053_3.jpg; 8053_1.jpg; 8053_1.jpg; 8053_6.jpg; 8053_7.jpg; 8053_8.jpg; 8053_9.jpg; 8053_10.jpg; 8053_11.jpg; 8053_12.jpg; 8053_13.jpg; 7810_17.jpg; 7810_8.jpg; 7812_4.jpg; 7812_3.jpg; 7810_19.jpg; 7697_17.jpg; 7697_8.jpg; 7659_20.jpg; 8053_22.jpg; 7697_16.jpg; 7811_17.jpg; 7810_23.jpg; 8053_26.jpg; 8053_27.jpg; 8053_1.jpg; 8053_3.jpg; 7659_10.jpg; 5163_19.jpg; 5609_19.jpg; 682_11.jpg; 3880_15.jpg; 7748_18.jpg; 7809_23.jpg; 7717_10.jpg; 5991_11.jpg; 2325_11.jpg
2138,[중고] ANELVA ION PUMP PIC-050A-NP,[Used] ANELVA ION PUMP PIC-050A-NP,PIC-050A-NP,3850000,3516.97,,vacuum pump,,2138_1.jpg; 2138_1.jpg; 2138_3.jpg; 2138_1.jpg; 2138_1.jpg; 2138_6.jpg; 2138_7.jpg; 2138_8.jpg; 2138_9.jpg; 2138_1.jpg; 2138_3.jpg; 2138_12.jpg; 5163_19.jpg; 5609_19.jpg; 682_11.jpg; 3880_15.jpg; 7748_18.jpg; 7809_23.jpg; 7717_10.jpg; 5991_11.jpg; 2325_11.jpg
4974,[중고] GRAS-50S5M Grasshopper POINT GREY IEEE1394,[Used] GRAS-50S5M Grasshopper POINT GRAY IEEE1394,GRAS-50S5M,220000,200.97,,Industrial Cameras/Lens/Lighting,,4974_1.jpg; 4974_1.jpg; 4974_3.jpg; 4974_1.jpg; 4974_1.jpg; 4974_6.jpg; 4594_7.jpg; 5131_16.jpg; 4596_6.jpg; 5463_9.jpg; 4594_13.jpg; 5131_15.jpg; 5131_9.jpg; 5131_10.jpg; 5131_11.jpg; 5463_14.jpg; 5463_13.jpg; 5131_18.jpg; 5131_22.jpg; 4594_12.jpg; 4974_1.jpg; 4974_3.jpg; 5463_21.jpg; 7659_10.jpg; 5163_19.jpg; 5609_19.jpg; 682_11.jpg; 3880_15.jpg; 7748_18.jpg; 7809_23.jpg; 7717_10.jpg; 5991_11.jpg
7952,[중고] Swagelok 6LVV-DPFR4-P1-C,[Used] Swagelok 6LVV-DPFR4-P1-C,6LVV-DPFR4-P1-C,22000,20.1,,Gas valve/regulator/pressure gauge,,7952_1.jpg; 7952_1.jpg; 7952_3.jpg; 7952_1.jpg; 7952_1.jpg; 7952_6.jpg; 7952_7.jpg; 7952_8.jpg; 7952_9.jpg; 7952_10.jpg; 7724_19.jpg; 7724_17.jpg; 7724_8.jpg; 7724_10.jpg; 7724_7.jpg; 7952_16.jpg; 7952_17.jpg; 7952_18.jpg; 7724_9.jpg; 7952_20.jpg; 7952_1.jpg; 7952_3.jpg; 7952_23.jpg; 5463_21.jpg; 7659_10.jpg; 5163_19.jpg; 5609_19.jpg; 682_11.jpg; 3880_15.jpg; 7748_18.jpg; 7809_23.jpg; 7717_10.jpg
7731,[중고] SGMGH-30A2A-YR35 야스카와 서보 서보모터 AC서보모터 YASKAWA 시그마 자동화부품 조각기 3D프린터 부품 산업용 자동화설비,[Used] SGMGH-30A2A-YR35 YASKAWA Servo Servo Motor AC Servo Motor YASKAWA Sigma Automation Parts Engraver 3D Printer Parts Industrial Automation Equipment,SGMGH-30A2A-YR35,440000,401.94,YASKAWA,Servo motor/servo driver,,7731_1.jpg; 7731_1.jpg; 7731_3.jpg; 7731_1.jpg; 7731_5.jpg; 7731_6.jpg; 7731_1.jpg; 7731_8.jpg; 7731_9.jpg; 7968_19.jpg; 7733_15.jpg; 7753_21.jpg; 7968_16.jpg; 7968_12.jpg; 7968_14.jpg; 7733_9.jpg; 7968_11.jpg; 8027_13.jpg; 7733_10.jpg; 7968_21.jpg; 7753_27.jpg; 7731_1.jpg; 7731_3.jpg; 7968_18.jpg; 7561_20.jpg; 7952_23.jpg; 5463_21.jpg; 7659_10.jpg; 5163_19.jpg; 5609_19.jpg; 682_11.jpg; 3880_15.jpg; 7748_18.jpg
7861,"[중고] SMC일반실린더(80파이/스트로크 25,60,80,125,185mm) MDBB80-25 CDG1FA80-25-G59 CA2L80-60 MDBKG80-80-M9N CDA2D80-125-Z73 MDBF80-185-M9N","[Used] SMC general cylinder (80pi/stroke 25,60,80,125,185mm) MDBB80-25 CDG1FA80-25-G59 CA2L80-60 MDBKG80-80-M9N CDA2D80-125-Z73 MDBF80-185-M9N","25,60,80,125,185mm",55000,50.24,,Pneumatic parts (PNEUMATIC),,7861_1.jpg; 7861_1.jpg; 7861_3.jpg; 7861_1.jpg; 7861_5.jpg; 7861_6.jpg; 7861_7.jpg; 7861_8.jpg; 7861_9.jpg; 7861_10.jpg; 7861_11.jpg; 7861_12.jpg; 7861_13.jpg; 7861_14.jpg; 7861_15.jpg; 7861_16.jpg; 7861_17.jpg; 7861_18.jpg; 7861_19.jpg; 7861_20.jpg; 7861_1.jpg; 7861_22.jpg; 7861_23.jpg; 7861_24.jpg; 7861_25.jpg; 7861_26.jpg; 7861_27.jpg; 7861_28.jpg; 7861_29.jpg; 7861_30.jpg; 7861_31.jpg; 7861_32.jpg; 7861_33.jpg; 7861_34.jpg; 7861_35.jpg; 7861_36.jpg; 7861_37.jpg; 7861_1.jpg; 7861_3.jpg; 7861_40.jpg; 7968_18.jpg; 7561_20.jpg; 7952_23.jpg; 5463_21.jpg; 7659_10.jpg; 5163_19.jpg; 5609_19.jpg; 682_11.jpg; 3880_15.jpg
7888,[중고] ULVAC CRYO-T10E RS10LG REFRIGENERATOR CRYOPUMP 크라이오펌프,[Used] ULVAC CRYO-T10E RS10LG REFRIGENERATOR CRYOPUMP cryopump,CRYO-T10E,550000,502.42,,vacuum pump,,7888_1.jpg; 7888_1.jpg; 7888_3.jpg; 7888_1.jpg; 7888_1.jpg; 7888_6.jpg; 7888_7.jpg; 7889_11.jpg; 7889_10.jpg; 7889_9.jpg; 4596_23.jpg; 7889_12.jpg; 7888_1.jpg; 7888_3.jpg; 7889_8.jpg; 7968_18.jpg; 7561_20.jpg; 7952_23.jpg; 5463_21.jpg; 7659_10.jpg; 5163_19.jpg; 5609_19.jpg; 682_11.jpg; 3880_15.jpg
7781,[중고]OMRON 파워써플라이 파워서플라이 POWER SUPPLY SMPS(5V) S82J-02505D(5V 5A) S82K-01505(5V 2.5A),[Used] OMRON power supply Power supply POWER SUPPLY SMPS (5V) S82J-02505D (5V 5A) S82K-01505 (5V 2.5A),S82J-02505D,11000,10.05,OMRON,Power supply SMPS,,7781_1.jpg; 7781_1.jpg; 7781_3.jpg; 7781_1.jpg; 7781_1.jpg; 7781_6.jpg; 7780_14.jpg; 7780_9.jpg; 7780_18.jpg; 7780_11.jpg; 7780_8.jpg; 7780_16.jpg; 7780_12.jpg; 7780_21.jpg; 7780_15.jpg; 7780_7.jpg; 7780_13.jpg; 7780_14.jpg; 7781_1.jpg; 7781_3.jpg; 7780_10.jpg; 7889_8.jpg; 7968_18.jpg; 7561_20.jpg; 7952_23.jpg; 5463_21.jpg; 7659_10.jpg; 5163_19.jpg; 5609_19.jpg; 682_11.jpg
7897,[중고] RKD514LM-C,[Used] RKD514LM-C,RKD514LM-C,66000,60.29,,Stepping motor/driver/BLDC,,7897_1.jpg; 7897_1.jpg; 7897_3.jpg; 7897_1.jpg; 7897_1.jpg; 7897_6.jpg; 7883_20.jpg; 7883_16.jpg; 7883_11.jpg; 7881_15.jpg; 7799_14.jpg; 7883_8.jpg; 7883_19.jpg; 7883_10.jpg; 7883_12.jpg; 7881_11.jpg; 7883_7.jpg; 7883_23.jpg; 7883_14.jpg; 7883_9.jpg; 7897_1.jpg; 7897_3.jpg; 7883_17.jpg; 7780_10.jpg; 7889_8.jpg; 7968_18.jpg; 7561_20.jpg; 7952_23.jpg; 5463_21.jpg; 7659_10.jpg; 5163_19.jpg; 5609_19.jpg
7718,[중고] MKS Baratron Pressure Transducer 872B-24407 870B-24406,[Used] MKS Baratron Pressure Transducer 872B-24407 870B-24406,872B-24407,110000,100.48,MKS,vacuum gauge,,7718_1.jpg; 7718_1.jpg; 7718_3.jpg; 7718_1.jpg; 7718_1.jpg; 7718_6.jpg; 7561_8.jpg; 7465_11.jpg; 7561_18.jpg; 7465_10.jpg; 7561_10.jpg; 7332_10.jpg; 7465_20.jpg; 7585_20.jpg; 7561_14.jpg; 7561_9.jpg; 7561_13.jpg; 7332_17.jpg; 7561_20.jpg; 7465_9.jpg; 7718_1.jpg; 7718_3.jpg; 7561_11.jpg; 7883_17.jpg; 7780_10.jpg; 7889_8.jpg; 7968_18.jpg; 7561_20.jpg; 7952_23.jpg; 5463_21.jpg; 7659_10.jpg; 5163_19.jpg
7622,[중고] Sankyo MC401AS302KNN38 400W,[Used] Sankyo MC401AS302KNN38 400W,MC401AS302KNN38,330000,301.45,,Servo motor/servo driver,,7622_1.jpg; 7622_1.jpg; 7622_3.jpg; 7622_1.jpg; 7622_1.jpg; 7622_6.jpg; 7623_11.jpg; 7622_1.jpg; 7622_3.jpg; 7623_8.jpg; 7561_11.jpg; 7883_17.jpg; 7780_10.jpg; 7889_8.jpg; 7968_18.jpg; 7561_20.jpg; 7952_23.jpg; 5463_21.jpg; 7659_10.jpg
5385,[중고] S9I90GXHCE SPG기어드모터 인덕션모터 AC모터 AC기어드모터,[Used] S9I90GXHCE SPG geared motor induction motor AC motor AC geared motor,S9I90GXHCE,33000,30.15,,AC motor/geared motor/DC motor,,5385_1.jpg; 5385_1.jpg; 5385_3.jpg; 5385_1.jpg; 5385_1.jpg; 4735_18.jpg; 5401_14.jpg; 5972_14.jpg; 4735_22.jpg; 4735_19.jpg; 5972_15.jpg; 5972_18.jpg; 5401_9.jpg; 5401_8.jpg; 5971_22.jpg; 5378_15.jpg; 5383_11.jpg; 5972_20.jpg; 6632_26.jpg; 5385_1.jpg; 5385_3.jpg; 5378_19.jpg; 7623_8.jpg; 7561_11.jpg; 7883_17.jpg; 7780_10.jpg; 7889_8.jpg; 7968_18.jpg; 7561_20.jpg; 7952_23.jpg; 5463_21.jpg
7927,[중고] Sankyo OP5000 티칭팬던트 Teaching Pendant 조작기 티칭박스,[Used] Sankyo OP5000 Teaching Pendant Manipulator Teaching Box,OP5000,330000,301.45,,"Wafer transfer robot, aligner",,7927_1.jpg; 7927_1.jpg; 7927_3.jpg; 7927_1.jpg; 7927_1.jpg; 7927_6.jpg; 7927_7.jpg; 7932_21.jpg; 7932_10.jpg; 7920_17.jpg; 7923_9.jpg; 7930_10.jpg; 7932_19.jpg; 7923_17.jpg; 7920_13.jpg; 7932_9.jpg; 7923_8.jpg; 7925_25.jpg; 7923_16.jpg; 7931_19.jpg; 7932_20.jpg; 7927_1.jpg; 7927_3.jpg; 7932_14.jpg; 7623_8.jpg; 7561_11.jpg; 7883_17.jpg; 7780_10.jpg; 7889_8.jpg; 7968_18.jpg; 7561_20.jpg; 7952_23.jpg; 5463_21.jpg
7525,[중고] MXB-1230-33 (30A),[Used] MXB-1230-33 (30A),MXB-1230-33,19800,18.09,,Electrical parts and other,,7525_1.jpg; 7525_1.jpg; 7525_3.jpg; 7525_1.jpg; 7525_1.jpg; 7525_6.jpg; 7525_7.jpg; 7525_8.jpg; 7525_9.jpg; 5962_17.jpg; 5962_15.jpg; 7525_12.jpg; 5961_13.jpg; 7525_14.jpg; 7525_15.jpg; 6959_10.jpg; 7525_17.jpg; 5962_18.jpg; 7525_19.jpg; 7525_20.jpg; 7525_21.jpg; 7525_22.jpg; 7525_23.jpg; 7525_1.jpg; 7525_3.jpg; 7589_14.jpg; 5378_19.jpg; 7623_8.jpg; 7561_11.jpg; 7883_17.jpg; 7780_10.jpg; 7889_8.jpg; 7968_18.jpg; 7561_20.jpg; 7952_23.jpg
7990,[중고] CJ1W-OC211,[Used] CJ1W-OC211,CJ1W-OC211,55000,50.24,,PLC,,7990_1.jpg; 7990_1.jpg; 7990_3.jpg; 7990_1.jpg; 7990_1.jpg; 7990_6.jpg; 7990_7.jpg; 7990_8.jpg; 7990_9.jpg; 7991_11.jpg; 7991_15.jpg; 7990_12.jpg; 7991_12.jpg; 7991_17.jpg; 7990_15.jpg; 7991_19.jpg; 7991_16.jpg; 7990_18.jpg; 7990_19.jpg; 7990_20.jpg; 7991_18.jpg; 7990_22.jpg; 7990_1.jpg; 7990_3.jpg; 7990_25.jpg; 7589_14.jpg; 5378_19.jpg; 7623_8.jpg; 7561_11.jpg; 7883_17.jpg; 7780_10.jpg; 7889_8.jpg; 7968_18.jpg; 7561_20.jpg
6910,[중고] SRCP_BBC4P,[Used] SRCP_BBC4P,SRCP_BBC4P,165000,150.73,,Computer/Computer-related parts,,6910_1.jpg; 6910_1.jpg; 6910_3.jpg; 6910_1.jpg; 6910_1.jpg; 6910_6.jpg; 6910_7.jpg; 6916_11.jpg; 6916_9.jpg; 6916_19.jpg; 7509_14.jpg; 7999_19.jpg; 7509_12.jpg; 6916_8.jpg; 6914_20.jpg; 7510_20.jpg; 6823_12.jpg; 7509_19.jpg; 7510_15.jpg; 6911_19.jpg; 6911_21.jpg; 6910_1.jpg; 6910_3.jpg; 6916_16.jpg; 7990_25.jpg; 7589_14.jpg; 5378_19.jpg; 7623_8.jpg; 7561_11.jpg; 7883_17.jpg; 7780_10.jpg; 7889_8.jpg; 7968_18.jpg
6824,[중고] Matrox Y751-0301 Rev.B Meteor_II,[Used] Matrox Y751-0301 Rev.B Meteor_II,Y751-0301,99000,90.44,,Computer/Computer-related parts,,6824_1.jpg; 6824_1.jpg; 6824_3.jpg; 6824_1.jpg; 6824_1.jpg; 6824_6.jpg; 6911_19.jpg; 7127_16.jpg; 7214_10.jpg; 7127_20.jpg; 6850_13.jpg; 7999_19.jpg; 7509_15.jpg; 6911_8.jpg; 6914_24.jpg; 7509_7.jpg; 6916_23.jpg; 7509_19.jpg; 6911_11.jpg; 7938_10.jpg; 6824_1.jpg; 6824_3.jpg; 7509_11.jpg; 7990_25.jpg; 7589_14.jpg; 5378_19.jpg; 7623_8.jpg; 7561_11.jpg; 7883_17.jpg; 7780_10.jpg; 7889_8.jpg; 7968_18.jpg
6000,[중고] NSK (87/31mm) 볼스크류 볼나사 Ballscrew TM스크류 베어링 삼익THK 자동화부품 조각기 3D프린터 제작부품 자작 DIY,[Used] NSK (87/31mm) Ballscrew Ball Screw Ballscrew TM Screw Bearing Samik THK Automation Parts Engraver 3D Printer Manufacturing Parts DIY,87/31mm,11000,10.05,THK,Ball screw/spline (SPLINE),,6000_1.jpg; 6000_1.jpg; 6000_3.jpg; 6000_1.jpg; 6000_1.jpg; 6000_6.jpg; 6008_19.jpg; 6012_13.jpg; 853_13.jpg; 6008_23.jpg; 853_26.jpg; 6012_11.jpg; 6012_17.jpg; 853_10.jpg; 6012_18.jpg; 6012_8.jpg; 6012_19.jpg; 6012_14.jpg; 6012_23.jpg; 853_22.jpg; 6000_1.jpg; 6000_3.jpg; 5579_17.jpg; 6916_16.jpg; 7990_25.jpg; 7589_14.jpg; 5378_19.jpg; 7623_8.jpg; 7561_11.jpg; 7883_17.jpg; 7780_10.jpg; 7889_8.jpg
7988,[중고] CJ1W-OD231,[Used] CJ1W-OD231,CJ1W-OD231,55000,50.24,,PLC,,7988_1.jpg; 7988_1.jpg; 7988_3.jpg; 7988_1.jpg; 7988_5.jpg; 7988_1.jpg; 7988_7.jpg; 7990_20.jpg; 7990_12.jpg; 7988_10.jpg; 7988_11.jpg; 7988_12.jpg; 7990_19.jpg; 7991_20.jpg; 7991_23.jpg; 7988_16.jpg; 7991_7.jpg; 7991_16.jpg; 7991_10.jpg; 7988_20.jpg; 7988_1.jpg; 7988_3.jpg; 7988_23.jpg; 5579_17.jpg; 6916_16.jpg; 7990_25.jpg; 7589_14.jpg; 5378_19.jpg; 7623_8.jpg; 7561_11.jpg; 7883_17.jpg; 7780_10.jpg
4698,[중고] Tazmo 5축 ATM Robot Transfer Unit SW019 ATM로봇 주행축 Dual Arm로봇 반도체 웨이퍼 핸들링 Wafer Handling 로보트 300mm 200mm 타즈모,[Used] Tazmo 5-Axis ATM Robot Transfer Unit SW019 ATM Robot Travel Axis Dual Arm Robot Semiconductor Wafer Handling Wafer Handling Robot 300mm 200mm Tazmo,SW019,4400000,4019.4,,gas cabinet,,4698_1.jpg; 4698_1.jpg; 4698_3.jpg; 4698_1.jpg; 4698_5.jpg; 8029_13.jpg; 6632_10.jpg; 5820_11.jpg; 6631_13.jpg; 6631_10.jpg; 6632_24.jpg; 6631_12.jpg; 8050_18.jpg; 6631_21.jpg; 7903_11.jpg; 5729_13.jpg; 7747_13.jpg; 8050_9.jpg; 7747_23.jpg; 4698_1.jpg; 4698_3.jpg; 7903_8.jpg; 7988_23.jpg; 5579_17.jpg; 6916_16.jpg; 7990_25.jpg; 7589_14.jpg; 5378_19.jpg; 7623_8.jpg; 7561_11.jpg; 7883_17.jpg
7132,[중고] Matrox 751-0301 Rev.B Meteor_II,[Used] Matrox 751-0301 Rev.B Meteor_II,,99000,90.44,,Computer/Computer-related parts,,7132_1.jpg; 7132_1.jpg; 7132_3.jpg; 7132_1.jpg; 7132_1.jpg; 7132_6.jpg; 6911_19.jpg; 7509_16.jpg; 6911_15.jpg; 7509_7.jpg; 7127_16.jpg; 7127_20.jpg; 7132_13.jpg; 7132_14.jpg; 7132_15.jpg; 7999_16.jpg; 6823_10.jpg; 6916_11.jpg; 6911_20.jpg; 6916_17.jpg; 7132_1.jpg; 7132_3.jpg; 7510_18.jpg; 7988_23.jpg; 5579_17.jpg; 6916_16.jpg; 7990_25.jpg; 7589_14.jpg; 5378_19.jpg; 7623_8.jpg; 7561_11.jpg; 7883_17.jpg
6528,[중고] 912-7125,[Used] 912-7125,,2200000,2009.7,,vacuum pump,,6528_1.jpg; 6528_1.jpg; 6528_3.jpg; 6528_1.jpg; 6528_1.jpg; 6528_6.jpg; 6528_7.jpg; 6528_8.jpg; 6528_9.jpg; 6528_10.jpg; 2138_12.jpg; 2138_9.jpg; 6528_1.jpg; 6528_3.jpg; 2138_8.jpg; 7510_18.jpg; 7988_23.jpg; 5579_17.jpg; 6916_16.jpg; 7990_25.jpg; 7589_14.jpg; 5378_19.jpg; 7623_8.jpg; 7561_11.jpg
7456,[중고] GT1-ID16ML OMRON,[Used] GT1-ID16ML OMRON,GT1-ID16ML,33000,30.15,OMRON,communication module,,7456_1.jpg; 7456_1.jpg; 7456_3.jpg; 7456_1.jpg; 7456_1.jpg; 7456_6.jpg; 7801_9.jpg; 7916_12.jpg; 7917_9.jpg; 8065_7.jpg; 8060_13.jpg; 7801_16.jpg; 8060_20.jpg; 7456_14.jpg; 7918_18.jpg; 7918_15.jpg; 7674_24.jpg; 7456_18.jpg; 7375_12.jpg; 7456_20.jpg; 7456_1.jpg; 7456_3.jpg; 7912_11.jpg; 2138_8.jpg; 7510_18.jpg; 7988_23.jpg; 5579_17.jpg; 6916_16.jpg; 7990_25.jpg; 7589_14.jpg; 5378_19.jpg; 7623_8.jpg
6004,[중고] NSK (220/100mm) 볼스크류 볼나사 Ballscrew TM스크류 베어링 삼익THK 자동화부품 조각기 3D프린터 제작부품 자작 DIY,[Used] NSK (220/100mm) Ball Screw Ball Screw Ballscrew TM Screw Bearing Samick THK Automation Parts Engraver 3D Printer Manufacturing Parts DIY,220/100mm,33000,30.15,THK,Ball screw/spline (SPLINE),,6004_1.jpg; 6004_1.jpg; 6004_3.jpg; 6004_1.jpg; 6004_5.jpg; 6004_1.jpg; 853_22.jpg; 6012_9.jpg; 6012_16.jpg; 6012_17.jpg; 6008_19.jpg; 6012_20.jpg; 6008_23.jpg; 853_10.jpg; 6012_8.jpg; 6002_10.jpg; 6012_23.jpg; 853_13.jpg; 853_26.jpg; 6012_11.jpg; 6004_1.jpg; 6004_3.jpg; 6012_12.jpg; 7912_11.jpg; 2138_8.jpg; 7510_18.jpg; 7988_23.jpg; 5579_17.jpg; 6916_16.jpg; 7990_25.jpg; 7589_14.jpg; 5378_19.jpg
5521,[중고] 리니어서보 스트로크690mm Linear servo 리니어모터 야스카와 Yaskawa ACTUATOR 엑츄에이터 자작 DIY CNC부품 3D프린터 제작 자동화 부품,[Used] Linear servo stroke 690mm Linear servo linear motor Yaskawa Yaskawa ACTUATOR actuator self-made DIY CNC parts 3D printer production automation parts,스트로크690mm,550000,502.42,YASKAWA,Cartesian robot/actuator,,5521_1.jpg; 5521_1.jpg; 5521_3.jpg; 5521_1.jpg; 5521_5.jpg; 5274_14.jpg; 6931_14.jpg; 7650_14.jpg; 7215_24.jpg; 7634_23.jpg; 5769_22.jpg; 7215_15.jpg; 7215_26.jpg; 5274_12.jpg; 7215_18.jpg; 7215_22.jpg; 7650_23.jpg; 6931_15.jpg; 7653_17.jpg; 5521_1.jpg; 5521_3.jpg; 7215_16.jpg; 6012_12.jpg; 7912_11.jpg; 2138_8.jpg; 7510_18.jpg; 7988_23.jpg; 5579_17.jpg; 6916_16.jpg; 7990_25.jpg; 7589_14.jpg
787,[중고] SV037iG5A-2 (5마력) LS 인버터 정상작동 테스트완료,[Used] SV037iG5A-2 (5 horsepower) LS inverter normal operation test completed,SV037iG5A-2,187000,170.82,,INVERTER,,787_1.jpg; 787_1.jpg; 787_3.jpg; 787_1.jpg; 787_1.jpg; 787_6.jpg; 787_7.jpg; 787_8.jpg; 787_9.jpg; 787_10.jpg; 787_11.jpg; 682_13.jpg; 682_12.jpg; 682_15.jpg; 682_14.jpg; 682_18.jpg; 682_11.jpg; 787_1.jpg; 787_3.jpg; 682_10.jpg; 7215_16.jpg; 6012_12.jpg; 7912_11.jpg; 2138_8.jpg; 7510_18.jpg; 7988_23.jpg; 5579_17.jpg; 6916_16.jpg; 7990_25.jpg
7271,[중고] B23-80C SURUGA SEIKI XY Stage,[Used] B23-80C SURUGA SEIKI XY Stage,B23-80C,143000,130.63,,Precision stage,,7271_1.jpg; 7271_1.jpg; 7271_3.jpg; 7271_1.jpg; 7271_1.jpg; 7271_6.jpg; 7271_7.jpg; 7271_8.jpg; 7271_9.jpg; 7271_10.jpg; 4875_8.jpg; 4875_13.jpg; 4875_7.jpg; 4875_6.jpg; 4875_9.jpg; 7271_1.jpg; 7271_3.jpg; 4875_10.jpg; 7657_24.jpg; 682_10.jpg; 7215_16.jpg; 6012_12.jpg; 7912_11.jpg; 2138_8.jpg; 7510_18.jpg; 7988_23.jpg; 5579_17.jpg
7845,[중고] SMC 솔레노이드밸브 SSQ1000-10A-3 / SQ1A31NY-5-C4 / SQ1130NY-5-C4  솔밸브,[Used] SMC solenoid valve SSQ1000-10A-3 / SQ1A31NY-5-C4 / SQ1130NY-5-C4 solenoid valve,SSQ1000-10A-3,66000,60.29,,Pneumatic parts (PNEUMATIC),,7845_1.jpg; 7845_1.jpg; 7845_3.jpg; 7845_1.jpg; 7845_1.jpg; 7845_6.jpg; 7828_15.jpg; 7853_34.jpg; 7856_32.jpg; 7850_9.jpg; 7854_14.jpg; 7847_23.jpg; 7845_13.jpg; 7847_16.jpg; 7851_14.jpg; 7853_41.jpg; 7849_7.jpg; 7850_10.jpg; 7851_11.jpg; 7854_15.jpg; 7845_1.jpg; 7845_3.jpg; 7854_8.jpg; 7657_24.jpg; 682_10.jpg; 7215_16.jpg; 6012_12.jpg; 7912_11.jpg; 2138_8.jpg; 7510_18.jpg; 7988_23.jpg; 5579_17.jpg
7983,[중고] RORZE RA310-C12-201 Wafer Aligner,[Used] RORZE RA310-C12-201 Wafer Aligner,RA310-C12-201,1650000,1507.27,RORZE,"Wafer transfer robot, aligner",,7983_1.jpg; 7983_1.jpg; 7983_3.jpg; 7983_1.jpg; 7983_1.jpg; 7983_6.jpg; 7983_7.jpg; 7983_8.jpg; 5820_11.jpg; 8030_17.jpg; 7934_22.jpg; 8030_13.jpg; 8029_24.jpg; 7440_21.jpg; 7226_22.jpg; 6631_18.jpg; 7226_7.jpg; 8029_20.jpg; 6631_18.jpg; 7440_13.jpg; 8054_15.jpg; 7747_13.jpg; 7983_1.jpg; 7983_3.jpg; 8054_19.jpg; 7657_24.jpg; 682_10.jpg; 7215_16.jpg; 6012_12.jpg; 7912_11.jpg; 2138_8.jpg; 7510_18.jpg; 7988_23.jpg; 5579_17.jpg
7657,[중고] SGMAS-01ACA21 100W Yaskawa Servo Motor,[Used] SGMAS-01ACA21 100W Yaskawa Servo Motor,SGMAS-01ACA21,99000,90.44,YASKAWA,Servo motor/servo driver,,7657_1.jpg; 7657_1.jpg; 7657_3.jpg; 7657_1.jpg; 7657_1.jpg; 7657_6.jpg; 7968_14.jpg; 7731_9.jpg; 7968_19.jpg; 7657_10.jpg; 7732_18.jpg; 7733_10.jpg; 8027_9.jpg; 7732_12.jpg; 7657_15.jpg; 7732_16.jpg; 7753_27.jpg; 7733_14.jpg; 7968_18.jpg; 7968_9.jpg; 7657_1.jpg; 7657_3.jpg; 7657_23.jpg; 7657_24.jpg; 682_10.jpg; 7215_16.jpg; 6012_12.jpg; 7912_11.jpg; 2138_8.jpg; 7510_18.jpg; 7988_23.jpg; 5579_17.jpg
6626,[중고] KEYENCE LK-G3000 LK-GD500 Digital Laser Sensor LV-21A 레이저 센서 레이저변위센서 컨트롤러,[Used] KEYENCE LK-G3000 LK-GD500 Digital Laser Sensor LV-21A Laser Sensor Laser Displacement Sensor Controller,LK-G3000,1320000,1205.82,,Electrical parts and other,,6626_1.jpg; 6626_1.jpg; 6626_3.jpg; 6626_1.jpg; 6626_5.jpg; 6626_6.jpg; 7354_18.jpg; 6541_18.jpg; 6627_16.jpg; 6627_11.jpg; 8065_24.jpg; 7734_23.jpg; 6627_14.jpg; 7734_12.jpg; 6627_17.jpg; 7734_9.jpg; 6541_14.jpg; 7074_10.jpg; 6627_18.jpg; 6627_13.jpg; 6626_1.jpg; 6626_3.jpg; 5977_15.jpg; 7854_8.jpg; 7657_24.jpg; 682_10.jpg; 7215_16.jpg; 6012_12.jpg; 7912_11.jpg; 2138_8.jpg; 7510_18.jpg; 7988_23.jpg
7441,[중고] IR1300 Innovativerobotics Aligner,[Used] IR1300 Innovativerobotics Aligner,IR1300,1650000,1507.27,VAT,semiconductor equipment,,7441_1.jpg; 7441_1.jpg; 7441_3.jpg; 7441_1.jpg; 7441_1.jpg; 7441_6.jpg; 7441_7.jpg; 7441_8.jpg; 5731_12.jpg; 5729_21.jpg; 5729_12.jpg; 5729_16.jpg; 7440_20.jpg; 5729_10.jpg; 5729_18.jpg; 5729_13.jpg; 5729_11.jpg; 5729_19.jpg; 5729_9.jpg; 5729_8.jpg; 5729_14.jpg; 5729_17.jpg; 7441_1.jpg; 7441_3.jpg; 7440_23.jpg; 5977_15.jpg; 7854_8.jpg; 7657_24.jpg; 682_10.jpg; 7215_16.jpg; 6012_12.jpg; 7912_11.jpg; 2138_8.jpg; 7510_18.jpg
7219,[미사용] X-Axis Manual Stage (40 x 40) 정밀스테이지 메뉴얼스테이지 광학스테이지,[Unused] X-Axis Manual Stage (40 x 40) Precision stage Manual stage Optical stage,,44000,40.19,,Precision stage,,7219_1.jpg; 7219_1.jpg; 7219_3.jpg; 7219_1.jpg; 7219_1.jpg; 7219_6.jpg; 7219_7.jpg; 7219_8.jpg; 3944_9.jpg; 3944_14.jpg; 3944_17.jpg; 3944_12.jpg; 3944_6.jpg; 3944_8.jpg; 3944_7.jpg; 3944_10.jpg; 3944_13.jpg; 7219_1.jpg; 7219_3.jpg; 3944_11.jpg; 7440_23.jpg; 5977_15.jpg; 7854_8.jpg; 7657_24.jpg; 682_10.jpg; 7215_16.jpg; 6012_12.jpg; 7912_11.jpg; 2138_8.jpg
6260,[중고] ULVAC GI-M IONIZATION VACUUM GAUGE CONTROLLER,[Used] ULVAC GI-M IONIZATION VACUUM GAUGE CONTROLLER,,1100000,1004.85,,Pressure controller/gas analyzer,,6262_1.jpg; 6262_1.jpg; 6262_2.jpg; 6262_1.jpg; 6260_5.jpg; 7789_17.jpg; 7640_18.jpg; 6262_5.jpg; 7789_16.jpg; 6262_9.jpg; 7789_12.jpg; 7789_13.jpg; 6235_16.jpg; 7789_18.jpg; 7789_19.jpg; 7789_20.jpg; 7789_21.jpg; 7789_9.jpg; 6235_14.jpg; 6262_1.jpg; 6262_2.jpg; 7789_9.jpg; 3944_11.jpg; 7440_23.jpg; 5977_15.jpg; 7854_8.jpg; 7657_24.jpg; 682_10.jpg; 7215_16.jpg; 6012_12.jpg; 7912_11.jpg
6609,[중고] PAC27P415-02000N100 PAC27-SERIES THYRISTOR POWER REGULATOR SHIMADEN,[Used] PAC27P415-02000N100 PAC27-SERIES THYRISTOR POWER REGULATOR SHIMADEN,PAC27P415-02000N100,220000,200.97,,Electrical parts and other,,6609_1.jpg; 6609_1.jpg; 6609_3.jpg; 6609_1.jpg; 6609_1.jpg; 6609_6.jpg; 6609_7.jpg; 7907_16.jpg; 7907_9.jpg; 7907_12.jpg; 7907_11.jpg; 7907_13.jpg; 6609_1.jpg; 6609_3.jpg; 7907_10.jpg; 3944_11.jpg; 7440_23.jpg; 5977_15.jpg; 7854_8.jpg; 7657_24.jpg; 682_10.jpg; 7215_16.jpg; 6012_12.jpg; 7912_11.jpg
7754,[중고] Clifton Precision C13-L19W30M18E19 350-0029-01 REV.A 서보 서보모터 AC서보모터 SERVO MOTOR SERVOMOTOR 자동화 산업용 자동화부품 3D프린터 부품 공장자동화 조각기부품,[Used] Clifton Precision C13-L19W30M18E19 350-0029-01 REV.A Servo Servo Motor AC Servo Motor SERVO MOTOR SERVOMOTOR Automation Industrial Automation Parts 3D Printer Parts Factory Automation Engraver Parts,C13-L19W30M18E19,165000,150.73,,Servo motor/servo driver,,7754_1.jpg; 7754_1.jpg; 7754_3.jpg; 7754_1.jpg; 7754_1.jpg; 7754_6.jpg; 7754_7.jpg; 7755_12.jpg; 7755_16.jpg; 7755_14.jpg; 7755_22.jpg; 7755_17.jpg; 7755_13.jpg; 7755_10.jpg; 7755_9.jpg; 7755_11.jpg; 7755_19.jpg; 7755_7.jpg; 7755_18.jpg; 7755_15.jpg; 7754_1.jpg; 7754_3.jpg; 7755_8.jpg; 7754_24.jpg; 7907_10.jpg; 3944_11.jpg; 7440_23.jpg; 5977_15.jpg; 7854_8.jpg; 7657_24.jpg; 682_10.jpg; 7215_16.jpg
7712,"[중고] 1축 엑츄에이터 스트로크220mm 자작/DIY CNC부품, 3D프린터 제작","[Used] 1-axis actuator stroke 220mm Do-it-yourself/DIY CNC parts, 3D printer production",스트로크220mm,440000,401.94,,Cartesian robot/actuator,,7712_1.jpg; 7712_1.jpg; 7712_3.jpg; 7712_1.jpg; 7712_1.jpg; 7712_6.jpg; 7712_7.jpg; 7712_8.jpg; 7712_9.jpg; 7215_27.jpg; 7653_17.jpg; 7215_20.jpg; 7650_22.jpg; 5274_12.jpg; 7215_23.jpg; 5274_15.jpg; 6931_6.jpg; 5274_20.jpg; 5769_22.jpg; 5274_17.jpg; 7215_22.jpg; 7650_23.jpg; 7215_25.jpg; 7712_1.jpg; 7712_3.jpg; 5769_17.jpg; 7755_8.jpg; 7754_24.jpg; 7907_10.jpg; 3944_11.jpg; 7440_23.jpg; 5977_15.jpg; 7854_8.jpg; 7657_24.jpg; 682_10.jpg
8043,[중고] SHIMADZU TMP-1003LM(10) EI-R04M TURBO MOLECULAR PUMP,[Used] SHIMADZU TMP-1003LM(10) EI-R04M TURBO MOLECULAR PUMP,TMP-1003LM,6600000,6029.1,,vacuum pump,,8043_1.jpg; 8043_1.jpg; 8043_3.jpg; 8043_1.jpg; 8043_1.jpg; 8043_6.jpg; 8043_7.jpg; 8043_8.jpg; 6447_9.jpg; 6447_10.jpg; 7674_25.jpg; 6447_12.jpg; 6447_8.jpg; 6447_7.jpg; 6447_11.jpg; 6447_13.jpg; 8043_1.jpg; 8043_3.jpg; 6447_6.jpg; 5769_17.jpg; 7755_8.jpg; 7754_24.jpg; 7907_10.jpg; 3944_11.jpg; 7440_23.jpg; 5977_15.jpg; 7854_8.jpg; 7657_24.jpg
7609,"[중고] STEC SEC-4400 Series MFC SEC-4400MC NF3,N2,H2,SiH4,AR,CH4,5%BF3/N2,5%PH3/H2","[Used] STEC SEC-4400 Series MFC SEC-4400MC NF3,N2,H2,SiH4,AR,CH4,5%BF3/N2,5%PH3/H2",SEC-4400,110000,100.48,,MFC/MFM,,7609_1.jpg; 7609_1.jpg; 7609_3.jpg; 7609_1.jpg; 7609_1.jpg; 7609_6.jpg; 7619_20.jpg; 7619_22.jpg; 7609_9.jpg; 7608_20.jpg; 7619_24.jpg; 7608_14.jpg; 7608_23.jpg; 7619_11.jpg; 7619_13.jpg; 7619_20.jpg; 7609_17.jpg; 7609_18.jpg; 7619_16.jpg; 7619_12.jpg; 7609_1.jpg; 7609_3.jpg; 7619_23.jpg; 6447_6.jpg; 5769_17.jpg; 7755_8.jpg; 7754_24.jpg; 7907_10.jpg; 3944_11.jpg; 7440_23.jpg; 5977_15.jpg; 7854_8.jpg
6521,[중고] AX-1000III-27M-LC-GT 1000W 27.12MHz RF GENERATOR AD-TEC,[Used] AX-1000III-27M-LC-GT 1000W 27.12MHz RF GENERATOR AD-TEC,AX-1000III-27M-LC-GT,3850000,3516.97,,RF/DC/MATCH,,6521_1.jpg; 6521_1.jpg; 6521_3.jpg; 6521_1.jpg; 6521_5.jpg; 6521_6.jpg; 6521_7.jpg; 6521_1.jpg; 6595_7.jpg; 7741_9.jpg; 7741_10.jpg; 7741_8.jpg; 6942_12.jpg; 6942_15.jpg; 6593_18.jpg; 6942_19.jpg; 7745_8.jpg; 7741_14.jpg; 7741_24.jpg; 6942_8.jpg; 6942_17.jpg; 6593_13.jpg; 6521_1.jpg; 6521_3.jpg; 7741_11.jpg; 7619_23.jpg; 6447_6.jpg; 5769_17.jpg; 7755_8.jpg; 7754_24.jpg; 7907_10.jpg; 3944_11.jpg; 7440_23.jpg; 5977_15.jpg
7537,[중고] PCI-1713U Rev.B1 01-3,[Used] PCI-1713U Rev.B1 01-3,PCI-1713U,99000,90.44,,Computer/Computer-related parts,,7537_1.jpg; 7537_1.jpg; 7537_3.jpg; 7537_1.jpg; 7537_5.jpg; 7537_1.jpg; 7537_7.jpg; 7214_16.jpg; 7293_10.jpg; 7129_23.jpg; 7509_20.jpg; 7129_8.jpg; 6916_15.jpg; 7999_19.jpg; 6916_13.jpg; 7293_9.jpg; 7127_11.jpg; 6916_12.jpg; 7999_16.jpg; 7509_11.jpg; 7537_21.jpg; 7537_1.jpg; 7537_3.jpg; 6914_23.jpg; 7741_11.jpg; 7619_23.jpg; 6447_6.jpg; 5769_17.jpg; 7755_8.jpg; 7754_24.jpg; 7907_10.jpg; 3944_11.jpg; 7440_23.jpg
7238,[중고] RKC MODEL Z-COM-A 온도콘트롤러 온도컨트롤러 디지털 인디케이터 인디케이터 indicator,[Used] RKC MODEL Z-COM-A temperature controller temperature controller digital indicator indicator indicator,,55000,50.24,,Temperature controller/indicator,,7238_1.jpg; 7238_1.jpg; 7238_3.jpg; 7238_1.jpg; 7238_1.jpg; 7238_6.jpg; 7715_17.jpg; 5694_19.jpg; 6804_23.jpg; 7474_10.jpg; 7715_11.jpg; 6821_18.jpg; 7026_15.jpg; 5979_8.jpg; 6804_20.jpg; 5694_7.jpg; 6821_15.jpg; 5599_21.jpg; 7236_9.jpg; 5694_15.jpg; 7238_1.jpg; 7238_3.jpg; 5599_18.jpg; 7741_11.jpg; 7619_23.jpg; 6447_6.jpg; 5769_17.jpg; 7755_8.jpg; 7754_24.jpg; 7907_10.jpg; 3944_11.jpg; 7440_23.jpg
7777,[중고]TDK SWS300-12 (12V 26A) 파워써플라이 파워서플라이 POWER SUPPLY SMPS,[Used]TDK SWS300-12 (12V 26A) Power supply Power supply POWER SUPPLY SMPS,SWS300-12,22000,20.1,,Power supply SMPS,,7777_1.jpg; 7777_1.jpg; 7777_3.jpg; 7777_1.jpg; 7777_1.jpg; 7777_6.jpg; 7590_16.jpg; 7590_10.jpg; 3880_15.jpg; 7590_13.jpg; 8011_19.jpg; 7590_8.jpg; 7590_18.jpg; 7590_9.jpg; 7777_15.jpg; 7590_19.jpg; 7590_15.jpg; 7590_21.jpg; 7590_14.jpg; 7590_20.jpg; 7777_1.jpg; 7777_3.jpg; 7590_17.jpg; 5599_18.jpg; 7741_11.jpg; 7619_23.jpg; 6447_6.jpg; 5769_17.jpg; 7755_8.jpg; 7754_24.jpg; 7907_10.jpg; 3944_11.jpg
5324,"[중고] ALPHA알파 1축 직교로봇 (Stroke:400mm), 타이밍Belt, 자작/DIY CNC부품, 3D프린터 제작","[Used] ALPHA 1-axis orthogonal robot (Stroke: 400mm), timing belt, self-made/DIY CNC parts, 3D printer production",Stroke:400mm,440000,401.94,,Cartesian robot/actuator,,5324_1.jpg; 5324_1.jpg; 5324_3.jpg; 5324_1.jpg; 5324_5.jpg; 7215_24.jpg; 7215_25.jpg; 7227_18.jpg; 5274_13.jpg; 6931_15.jpg; 7215_14.jpg; 7650_14.jpg; 7215_27.jpg; 5769_17.jpg; 7215_15.jpg; 7650_23.jpg; 5274_16.jpg; 6931_14.jpg; 7215_23.jpg; 5324_1.jpg; 5324_3.jpg; 5404_13.jpg; 7590_17.jpg; 5599_18.jpg; 7741_11.jpg; 7619_23.jpg; 6447_6.jpg; 5769_17.jpg; 7755_8.jpg; 7754_24.jpg; 7907_10.jpg
7984,[중고] TAZMO 타즈모 진공로봇 웨이퍼 트랜스퍼 로보트,[Used] TAZMO vacuum robot wafer transfer robot,,2200000,2009.7,,"Wafer transfer robot, aligner",,7984_1.jpg; 7984_1.jpg; 7984_3.jpg; 7984_1.jpg; 7984_1.jpg; 7984_6.jpg; 7984_7.jpg; 7984_8.jpg; 7984_9.jpg; 7984_10.jpg; 7984_11.jpg; 7984_12.jpg; 7984_13.jpg; 7984_14.jpg; 6631_18.jpg; 8030_17.jpg; 6631_20.jpg; 8030_13.jpg; 8050_19.jpg; 8029_14.jpg; 8029_16.jpg; 7440_20.jpg; 8054_11.jpg; 7440_29.jpg; 5820_10.jpg; 7440_21.jpg; 8050_14.jpg; 6631_19.jpg; 7984_1.jpg; 7984_3.jpg; 7440_16.jpg; 7984_32.jpg; 7590_17.jpg; 5599_18.jpg; 7741_11.jpg; 7619_23.jpg; 6447_6.jpg; 5769_17.jpg; 7755_8.jpg; 7754_24.jpg
6244,[중고] Tylan General AC-2S11 AC-2XK1 AdapTorr,[Used] Tylan General AC-2S11 AC-2XK1 AdapTorr,AC-2S11,1100000,1004.85,,Pressure controller/gas analyzer,,6244_1.jpg; 6244_1.jpg; 6244_3.jpg; 6244_1.jpg; 6244_5.jpg; 6235_14.jpg; 6235_15.jpg; 7789_20.jpg; 7789_18.jpg; 6235_16.jpg; 7789_19.jpg; 7789_17.jpg; 7789_13.jpg; 7640_18.jpg; 7789_9.jpg; 7789_12.jpg; 7789_11.jpg; 6262_5.jpg; 7789_16.jpg; 6244_1.jpg; 6244_3.jpg; 7789_21.jpg; 7440_16.jpg; 7984_32.jpg; 7590_17.jpg; 5599_18.jpg; 7741_11.jpg; 7619_23.jpg; 6447_6.jpg; 5769_17.jpg; 7755_8.jpg
7687,[중고] VAT 07512-VA24-AAZ2 07512-VA24-ARV1 07512-VA24-AAD3 07512-VA24-AEF2 07512-VA24-AFU2 07512-UA44-AAK1 07512-UA24-ADI2 07512-UA24-AES1 07512-UA24-ANI1 VH24-ARW1 07512-VA24-0002 07512-UA24-AAD3  07512-VE24-AVL1 07512-UA24-AFU2 Slit valve,[Used] VAT 07512-VA24-AAZ2 07512-VA24-ARV1 07512-VA24-AAD3 07512-VA24-AEF2 07512-VA24-AFU2 07512-UA44-AAK1 07512-UA24-ADI2 07512-UA24-AES1 07512-UA24-ANI1 VH24-ARW1 07512-VA24-0002 07512-UA24-AAD3 07512-VE24-AVL1 07512-UA24-AFU2 Slit valve,07512-VA24-AAZ2,330000,301.45,VAT,vacuum valve,,7688_1.jpg; 7688_1.jpg; 7688_3.jpg; 7688_1.jpg; 7688_5.jpg; 7687_6.jpg; 7688_13.jpg; 7688_17.jpg; 7688_16.jpg; 7688_14.jpg; 7814_12.jpg; 7688_11.jpg; 7842_7.jpg; 7688_14.jpg; 7814_13.jpg; 7814_20.jpg; 7842_8.jpg; 7688_15.jpg; 7688_10.jpg; 7688_21.jpg; 7688_1.jpg; 7688_3.jpg; 7688_14.jpg; 7440_16.jpg; 7984_32.jpg; 7590_17.jpg; 5599_18.jpg; 7741_11.jpg; 7619_23.jpg; 6447_6.jpg; 5769_17.jpg; 7755_8.jpg
5505,[중고] HPG-50A-11-FO HPG-50A-11-J2BBDF (11:1) 서보모터 감속기,[Used] HPG-50A-11-FO HPG-50A-11-J2BBDF (11:1) Servo motor reducer,HPG-50A-11-FO,418000,381.84,,Reducer/Index/Coupling,,5505_1.jpg; 5505_1.jpg; 5505_3.jpg; 5505_1.jpg; 5505_1.jpg; 5505_6.jpg; 5505_7.jpg; 5505_8.jpg; 7649_16.jpg; 7649_11.jpg; 7649_14.jpg; 7649_22.jpg; 7649_12.jpg; 7649_15.jpg; 7649_13.jpg; 7649_10.jpg; 7649_9.jpg; 7649_17.jpg; 7649_19.jpg; 7649_8.jpg; 5505_1.jpg; 5505_3.jpg; 7649_18.jpg; 7688_14.jpg; 7440_16.jpg; 7984_32.jpg; 7590_17.jpg; 5599_18.jpg; 7741_11.jpg; 7619_23.jpg; 6447_6.jpg; 5769_17.jpg
6449,[중고] ULVAC C10 CRYOGENICS,[Used] ULVAC C10 CRYOGENICS,C10,1100000,1004.85,,vacuum pump,,6449_1.jpg; 6449_1.jpg; 6449_3.jpg; 6449_1.jpg; 6449_5.jpg; 4596_23.jpg; 7889_8.jpg; 7889_9.jpg; 7889_12.jpg; 7889_10.jpg; 6449_1.jpg; 6449_3.jpg; 7889_11.jpg; 7649_18.jpg; 7688_14.jpg; 7440_16.jpg; 7984_32.jpg; 7590_17.jpg; 5599_18.jpg; 7741_11.jpg; 7619_23.jpg; 6447_6.jpg
7572,MKS 623B13TBE 1000Torr Baratron,MKS 623B13TBE 1000 Torr Baratron,623B13TBE,660000,602.91,MKS,vacuum gauge,,7572_1.jpg; 7572_1.jpg; 7572_3.jpg; 7572_1.jpg; 7572_5.jpg; 7572_6.jpg; 7572_1.jpg; 7572_8.jpg; 7818_21.jpg; 7465_8.jpg; 7585_11.jpg; 7465_10.jpg; 7561_12.jpg; 7465_17.jpg; 7561_9.jpg; 7561_19.jpg; 7332_13.jpg; 7561_13.jpg; 7332_10.jpg; 7561_18.jpg; 7561_14.jpg; 7561_7.jpg; 7572_1.jpg; 7572_3.jpg; 7465_14.jpg; 7572_26.jpg; 7889_11.jpg; 7649_18.jpg; 7688_14.jpg; 7440_16.jpg; 7984_32.jpg; 7590_17.jpg; 5599_18.jpg; 7741_11.jpg
5695,[중고] RKC OPL-A*1-CS9 FAREX SR Mini 온도콘트롤러 온도컨트롤러 디지털 인디케이터 인디케이터 indicator,[Used] RKC OPL-A*1-CS9 FAREX SR Mini temperature controller temperature controller digital indicator indicator indicator,OPL-A*1-CS9,187000,170.82,,Temperature controller/indicator,,5695_1.jpg; 5695_1.jpg; 5695_3.jpg; 5695_1.jpg; 5695_1.jpg; 5695_6.jpg; 7026_14.jpg; 7407_15.jpg; 7236_7.jpg; 7366_19.jpg; 6821_27.jpg; 5599_17.jpg; 7668_21.jpg; 7715_17.jpg; 7236_12.jpg; 7474_16.jpg; 5599_18.jpg; 7348_19.jpg; 7026_15.jpg; 7236_9.jpg; 5695_1.jpg; 5695_3.jpg; 5695_23.jpg; 7465_14.jpg; 7572_26.jpg; 7889_11.jpg; 7649_18.jpg; 7688_14.jpg; 7440_16.jpg; 7984_32.jpg; 7590_17.jpg; 5599_18.jpg
5580,[중고] ISSOKU (210/90mm) 볼스크류 볼나사 Ballscrew TM스크류 베어링 삼익THK 자동화부품 조각기 3D프린터 제작부품 자작 DIY,[Used] ISSOKU (210/90mm) Ballscrew Ball Screw Ballscrew TM Screw Bearing Samik THK Automation Parts Engraver 3D Printer Manufacturing Parts DIY,210/90mm,44000,40.19,THK,Ball screw/spline (SPLINE),,5580_1.jpg; 5580_1.jpg; 5580_3.jpg; 5580_1.jpg; 5580_1.jpg; 5580_6.jpg; 853_13.jpg; 6012_23.jpg; 6012_12.jpg; 853_26.jpg; 6012_8.jpg; 6012_9.jpg; 6002_10.jpg; 6008_19.jpg; 6012_17.jpg; 6012_13.jpg; 6012_15.jpg; 6012_11.jpg; 6012_20.jpg; 6012_7.jpg; 5580_1.jpg; 5580_3.jpg; 6012_16.jpg; 5695_23.jpg; 7465_14.jpg; 7572_26.jpg; 7889_11.jpg; 7649_18.jpg; 7688_14.jpg; 7440_16.jpg; 7984_32.jpg; 7590_17.jpg
5552,[미사용 새제품] ATG PGX60-H-10 (10:1) ATG 서보모터 감속기,[New unused product] ATG PGX60-H-10 (10:1) ATG servo motor reducer,PGX60-H-10,550000,502.42,,,,5552_1.jpg; 5552_1.jpg; 5552_3.jpg; 5552_1.jpg; 6990_5.jpg; 5552_1.jpg; 5552_7.jpg; 7649_18.jpg; 7649_9.jpg; 7649_16.jpg; 7649_10.jpg; 7649_15.jpg; 7649_14.jpg; 7649_11.jpg; 7649_12.jpg; 7649_19.jpg; 7649_8.jpg; 7649_17.jpg; 7649_22.jpg; 5552_1.jpg; 5552_3.jpg; 7649_13.jpg; 6012_16.jpg; 5695_23.jpg; 7465_14.jpg; 7572_26.jpg; 7889_11.jpg; 7649_18.jpg; 7688_14.jpg; 7440_16.jpg; 7984_32.jpg
4751,"[중고] ALPHA알파 1축 직교로봇 (Stroke:400mm), 자작/DIY CNC부품, 3D프린터 제작","[Used] ALPHA 1-axis orthogonal robot (Stroke: 400mm), self-made/DIY CNC parts, 3D printer production",Stroke:400mm,440000,401.94,THK,Cartesian robot/actuator,,4751_1.jpg; 4751_1.jpg; 4751_3.jpg; 4751_1.jpg; 4751_1.jpg; 4751_6.jpg; 4751_7.jpg; 4751_8.jpg; 7650_14.jpg; 7215_18.jpg; 7215_23.jpg; 6931_14.jpg; 5274_14.jpg; 5274_13.jpg; 7650_23.jpg; 7653_17.jpg; 5274_9.jpg; 7215_22.jpg; 6931_6.jpg; 5769_17.jpg; 5274_15.jpg; 5274_8.jpg; 4751_1.jpg; 4751_3.jpg; 5274_12.jpg; 7649_13.jpg; 6012_16.jpg; 5695_23.jpg; 7465_14.jpg; 7572_26.jpg; 7889_11.jpg; 7649_18.jpg; 7688_14.jpg; 7440_16.jpg
7358,[중고] EC1105 DPU2 Ohkura,[Used] EC1105 DPU2 Ohkura,EC1105,110000,100.48,,PLC,,7358_1.jpg; 7358_1.jpg; 7358_3.jpg; 7358_1.jpg; 7358_1.jpg; 7358_6.jpg; 7359_10.jpg; 7359_19.jpg; 7359_12.jpg; 7359_17.jpg; 7359_7.jpg; 7359_13.jpg; 7359_15.jpg; 7359_14.jpg; 7359_18.jpg; 7358_16.jpg; 7359_11.jpg; 7358_18.jpg; 6248_23.jpg; 7359_20.jpg; 7358_1.jpg; 7358_3.jpg; 7359_8.jpg; 5274_12.jpg; 7649_13.jpg; 6012_16.jpg; 5695_23.jpg; 7465_14.jpg; 7572_26.jpg; 7889_11.jpg; 7649_18.jpg; 7688_14.jpg
7003,[중고] FR-E720-0.2K (200W),[Used] FR-E720-0.2K (200W),FR-E720-0.2K,55000,50.24,,INVERTER,,7003_1.jpg; 7003_1.jpg; 7003_3.jpg; 7003_1.jpg; 7003_1.jpg; 7003_6.jpg; 3208_12.jpg; 3208_11.jpg; 3208_15.jpg; 3208_8.jpg; 3208_10.jpg; 3208_7.jpg; 3208_9.jpg; 3208_18.jpg; 3208_6.jpg; 3208_13.jpg; 7003_1.jpg; 7003_3.jpg; 3208_14.jpg; 7359_8.jpg; 5274_12.jpg; 7649_13.jpg; 6012_16.jpg; 5695_23.jpg; 7465_14.jpg; 7572_26.jpg; 7889_11.jpg; 7649_18.jpg
7863,[중고] C5871-9015,[Used] C5871-9015,C5871-9015,20000,18.27,,Stepping motor/driver/BLDC,,7863_1.jpg; 7863_1.jpg; 7863_3.jpg; 7863_1.jpg; 7863_1.jpg; 7863_6.jpg; 7899_18.jpg; 7865_9.jpg; 7870_34.jpg; 7865_7.jpg; 7868_20.jpg; 7899_12.jpg; 7899_11.jpg; 7906_7.jpg; 7870_39.jpg; 7869_17.jpg; 7863_17.jpg; 7867_9.jpg; 7868_21.jpg; 7906_23.jpg; 7863_1.jpg; 7863_3.jpg; 7870_27.jpg; 7359_8.jpg; 5274_12.jpg; 7649_13.jpg; 6012_16.jpg; 5695_23.jpg; 7465_14.jpg; 7572_26.jpg; 7889_11.jpg; 7649_18.jpg
5734,[중고] AMT MSA22 (길이530mm/블럭1개) LM가이드 엘엠가이드 LM GUIDE THK IKO NSK 자동화부품 정밀부품 조각기 3D프린터 제작부품 베어링,[Used] AMT MSA22 (Length 530mm/1 block) LM Guide LM Guide LM GUIDE THK IKO NSK Automation Parts Precision Parts Engraver 3D Printer Manufacturing Parts Bearing,MSA22,33000,30.15,THK,LM GUIDE / BUSHING,,5734_1.jpg; 5734_1.jpg; 5734_3.jpg; 5734_1.jpg; 5734_1.jpg; 5737_8.jpg; 5737_7.jpg; 5737_9.jpg; 5737_13.jpg; 5737_6.jpg; 5734_1.jpg; 5734_3.jpg; 5737_10.jpg; 7870_27.jpg; 7359_8.jpg; 5274_12.jpg; 7649_13.jpg; 6012_16.jpg; 5695_23.jpg; 7465_14.jpg; 7572_26.jpg; 7889_11.jpg
7630,[중고] SGDS-02F01A 야스카와 서보 서보드라이버 SERVO Driver 서보앰프 시그마 Yaskawa 자동화 산업용 자동화부품 조각기 3D프린터 부품,[Used] SGDS-02F01A Yaskawa Servo Servo Driver SERVO Driver Servo Amplifier Sigma Yaskawa Automation Industrial Automation Parts Engraver 3D Printer Parts,SGDS-02F01A,187000,170.82,YASKAWA,Servo motor/servo driver,,7630_1.jpg; 7630_1.jpg; 7630_3.jpg; 7630_1.jpg; 7630_5.jpg; 7630_1.jpg; 7630_7.jpg; 7730_19.jpg; 7630_9.jpg; 7630_10.jpg; 7726_18.jpg; 7630_12.jpg; 7630_13.jpg; 7630_14.jpg; 7630_15.jpg; 7729_23.jpg; 7730_9.jpg; 7630_18.jpg; 7630_19.jpg; 7727_7.jpg; 7630_21.jpg; 7630_1.jpg; 7630_3.jpg; 7729_8.jpg; 5737_10.jpg; 7870_27.jpg; 7359_8.jpg; 5274_12.jpg; 7649_13.jpg; 6012_16.jpg; 5695_23.jpg; 7465_14.jpg; 7572_26.jpg
8063,[중고] DRT2-TS04T OMRON,[Used] DRT2-TS04T OMRON,DRT2-TS04T,44000,40.19,OMRON,communication module,,8063_1.jpg; 8063_1.jpg; 8063_3.jpg; 8063_1.jpg; 8063_1.jpg; 8063_6.jpg; 8065_14.jpg; 7821_9.jpg; 7801_16.jpg; 7821_10.jpg; 7914_16.jpg; 7916_17.jpg; 8065_8.jpg; 7914_15.jpg; 7912_19.jpg; 7918_9.jpg; 7674_24.jpg; 7375_14.jpg; 7914_18.jpg; 7918_17.jpg; 8063_1.jpg; 8063_3.jpg; 7918_19.jpg; 7729_8.jpg; 5737_10.jpg; 7870_27.jpg; 7359_8.jpg; 5274_12.jpg; 7649_13.jpg; 6012_16.jpg; 5695_23.jpg; 7465_14.jpg
6616,[중고] F3SJ-A0520P30-S VER2 OMRON Safty Sensor 옴론센서,[Used] F3SJ-A0520P30-S VER2 OMRON Safety Sensor,F3SJ-A0520P30-S,220000,200.97,OMRON,Sensors / various cables,,6616_1.jpg; 6616_1.jpg; 6616_3.jpg; 6616_1.jpg; 6616_1.jpg; 6616_6.jpg; 6616_7.jpg; 5991_15.jpg; 5609_13.jpg; 5159_20.jpg; 5609_19.jpg; 5991_16.jpg; 5115_20.jpg; 5991_9.jpg; 5163_23.jpg; 5609_9.jpg; 5161_22.jpg; 8022_10.jpg; 5287_12.jpg; 5161_14.jpg; 5163_17.jpg; 6616_1.jpg; 6616_3.jpg; 5609_18.jpg; 7729_8.jpg; 5737_10.jpg; 7870_27.jpg; 7359_8.jpg; 5274_12.jpg; 7649_13.jpg; 6012_16.jpg; 5695_23.jpg; 7465_14.jpg
7550,[중고] Swagelok SS-45S12 BALL VALVE,[Used] Swagelok SS-45S12 BALL VALVE,SS-45S12,22000,20.1,,Valve/tube fitting parts,,7550_1.jpg; 7550_1.jpg; 7550_3.jpg; 7550_1.jpg; 7550_1.jpg; 7550_6.jpg; 7550_7.jpg; 7296_10.jpg; 7296_14.jpg; 7296_8.jpg; 7296_11.jpg; 7550_1.jpg; 7550_3.jpg; 7296_9.jpg; 5609_18.jpg; 7729_8.jpg; 5737_10.jpg; 7870_27.jpg; 7359_8.jpg; 5274_12.jpg; 7649_13.jpg; 6012_16.jpg; 5695_23.jpg
7722,[중고] VAT PM-5 ADAPTIVE PRESSURE CONTROLLER,[Used] VAT PM-5 ADAPTIVE PRESSURE CONTROLLER,PM-5,5500000,5024.25,VAT,vacuum valve,,7722_1.jpg; 7722_1.jpg; 7722_3.jpg; 7722_1.jpg; 7722_1.jpg; 7722_6.jpg; 7717_24.jpg; 7717_8.jpg; 7717_13.jpg; 7717_20.jpg; 7717_10.jpg; 7717_15.jpg; 7717_10.jpg; 7717_19.jpg; 7717_21.jpg; 7717_13.jpg; 7717_9.jpg; 7717_17.jpg; 7717_14.jpg; 7717_18.jpg; 7722_1.jpg; 7722_3.jpg; 7717_11.jpg; 5609_18.jpg; 7729_8.jpg; 5737_10.jpg; 7870_27.jpg; 7359_8.jpg; 5274_12.jpg; 7649_13.jpg; 6012_16.jpg; 5695_23.jpg
8048,[중고] ULVAC VACUUM ROBOT 웨이퍼 트랜스퍼 로보트,[Used] ULVAC VACUUM ROBOT wafer transfer robot,,6600000,6029.1,BROOKS,"Wafer transfer robot, aligner",,8048_1.jpg; 8048_1.jpg; 8048_3.jpg; 8048_1.jpg; 8048_1.jpg; 8048_6.jpg; 8048_7.jpg; 8048_8.jpg; 7747_13.jpg; 6631_21.jpg; 8050_9.jpg; 5820_10.jpg; 8050_15.jpg; 7292_16.jpg; 7934_18.jpg; 6631_18.jpg; 8054_21.jpg; 7440_26.jpg; 7440_14.jpg; 7440_24.jpg; 7934_19.jpg; 8029_28.jpg; 8048_1.jpg; 8048_3.jpg; 7934_21.jpg; 5609_18.jpg; 7729_8.jpg; 5737_10.jpg; 7870_27.jpg; 7359_8.jpg; 5274_12.jpg; 7649_13.jpg; 6012_16.jpg; 5695_23.jpg
6993,[중고] AB/F042-S1-P2 (9:1) 서보모터 감속기,[Used] AB/F042-S1-P2 (9:1) servo motor reducer,AB/F042-S1-P2,77000,70.34,,Reducer/Index/Coupling,,6993_1.jpg; 6993_1.jpg; 6993_3.jpg; 6993_1.jpg; 6990_5.jpg; 6993_1.jpg; 6993_7.jpg; 6993_8.jpg; 7627_13.jpg; 5661_20.jpg; 7142_19.jpg; 7617_19.jpg; 7617_17.jpg; 7617_13.jpg; 7617_11.jpg; 7617_14.jpg; 6994_22.jpg; 7627_14.jpg; 7627_10.jpg; 7617_15.jpg; 5897_17.jpg; 7072_14.jpg; 6993_1.jpg; 6993_3.jpg; 7617_12.jpg; 7717_11.jpg; 5609_18.jpg; 7729_8.jpg; 5737_10.jpg; 7870_27.jpg; 7359_8.jpg; 5274_12.jpg; 7649_13.jpg; 6012_16.jpg
6875,[중고] JAI CV-M10BX,[Used] JAI CV-M10BX,CV-M10BX,88000,80.39,,Industrial Cameras/Lens/Lighting,,6875_1.jpg; 6875_1.jpg; 6875_3.jpg; 6875_1.jpg; 6875_5.jpg; 6004_5.jpg; 5131_11.jpg; 5131_17.jpg; 4596_14.jpg; 4596_6.jpg; 5131_13.jpg; 5463_17.jpg; 4594_9.jpg; 5131_14.jpg; 5131_11.jpg; 5131_9.jpg; 4594_6.jpg; 5131_7.jpg; 5463_9.jpg; 5131_18.jpg; 6875_1.jpg; 6875_3.jpg; 5131_8.jpg; 7717_11.jpg; 5609_18.jpg; 7729_8.jpg; 5737_10.jpg; 7870_27.jpg; 7359_8.jpg; 5274_12.jpg; 7649_13.jpg; 6012_16.jpg
3111,[미사용] FF-12 성일 HNC 대성정밀 볼스크류고정 볼스크류서포트유니트 SUPPORTUNIT BALLSCREW 자동화부품 자동화 기계,[Unused] FF-12 Seongil HNC Daesung Precision Ball Screw Fixing Ball Screw Support Unit SUPPORTUNIT BALLSCREW Automation Parts Automation Machine,FF-12,11000,10.05,,Ball screw/spline (SPLINE),,3111_1.jpg; 3111_1.jpg; 3111_3.jpg; 3111_1.jpg; 3111_1.jpg; 3111_6.jpg; 2894_7.jpg; 2894_9.jpg; 2894_19.jpg; 2894_16.jpg; 2894_8.jpg; 2894_10.jpg; 2894_11.jpg; 2894_14.jpg; 2894_15.jpg; 2894_13.jpg; 3111_1.jpg; 3111_3.jpg; 2894_12.jpg; 7617_12.jpg; 7717_11.jpg; 5609_18.jpg; 7729_8.jpg; 5737_10.jpg; 7870_27.jpg; 7359_8.jpg; 5274_12.jpg; 7649_13.jpg
7792,[미사용] GM6-DMMA LS PLC 피엘씨,[Unused] GM6-DMMA LS PLC PLC,GM6-DMMA,3300,3.01,,PLC,,7792_1.jpg; 7792_1.jpg; 7792_3.jpg; 7792_1.jpg; 7792_5.jpg; 7792_6.jpg; 7797_20.jpg; 7796_19.jpg; 7790_8.jpg; 7797_11.jpg; 7790_13.jpg; 7797_18.jpg; 7797_14.jpg; 7797_23.jpg; 7794_8.jpg; 7794_9.jpg; 7790_15.jpg; 7797_9.jpg; 7796_14.jpg; 7794_23.jpg; 7792_1.jpg; 7792_3.jpg; 7790_19.jpg; 2894_12.jpg; 7617_12.jpg; 7717_11.jpg; 5609_18.jpg; 7729_8.jpg; 5737_10.jpg; 7870_27.jpg; 7359_8.jpg; 5274_12.jpg
8019,[중고] 3G3MV-A2007 (2마력) OMRON,[Used] 3G3MV-A2007 (2 horsepower) OMRON,3G3MV-A2007,110000,100.48,OMRON,INVERTER,,8019_1.jpg; 8019_1.jpg; 8019_3.jpg; 8019_1.jpg; 8019_1.jpg; 8019_6.jpg; 8021_8.jpg; 8021_11.jpg; 8019_1.jpg; 8019_3.jpg; 8021_7.jpg; 7790_19.jpg; 2894_12.jpg; 7617_12.jpg; 7717_11.jpg; 5609_18.jpg; 7729_8.jpg; 5737_10.jpg; 7870_27.jpg; 7359_8.jpg
7157,[중고] CHILLER UNISEM RCS-13000B -F11-ULV,[Used] CHILLER UNISEM RCS-13000B -F11-ULV,RCS-13000B,3300000,3014.55,,CHILLER,,7157_1.jpg; 7157_1.jpg; 7157_3.jpg; 7157_1.jpg; 7157_5.jpg; 7157_1.jpg; 7157_7.jpg; 7157_8.jpg; 7159_13.jpg; 7159_10.jpg; 5737_14.jpg; 7159_8.jpg; 7168_10.jpg; 7168_12.jpg; 7157_1.jpg; 7157_3.jpg; 7159_9.jpg; 8021_7.jpg; 7790_19.jpg; 2894_12.jpg; 7617_12.jpg; 7717_11.jpg; 5609_18.jpg; 7729_8.jpg; 5737_10.jpg; 7870_27.jpg
7004,[중고] FR-E720-0.1K (100W),[Used] FR-E720-0.1K (100W),FR-E720-0.1K,44000,40.19,,INVERTER,,7004_1.jpg; 7004_1.jpg; 7004_3.jpg; 7004_1.jpg; 7004_1.jpg; 7004_6.jpg; 3208_7.jpg; 3208_9.jpg; 3208_15.jpg; 3208_8.jpg; 3208_6.jpg; 3208_14.jpg; 3208_12.jpg; 3208_18.jpg; 3208_13.jpg; 3208_10.jpg; 7004_1.jpg; 7004_3.jpg; 3208_11.jpg; 8021_7.jpg; 7790_19.jpg; 2894_12.jpg; 7617_12.jpg; 7717_11.jpg; 5609_18.jpg; 7729_8.jpg; 5737_10.jpg; 7870_27.jpg
6598,[중고] UWL-75S-25D3050 UNITEC SYSTEM  WORM REDUCER 감속기 서보용 웜 감속기,[Used] UWL-75S-25D3050 UNITEC SYSTEM WORM REDUCER Reducer Worm reducer for servo,UWL-75S-25D3050,165000,150.73,,Reducer/Index/Coupling,,6598_1.jpg; 6598_1.jpg; 6598_3.jpg; 6598_1.jpg; 6598_1.jpg; 6598_6.jpg; 6598_7.jpg; 6598_8.jpg; 6598_9.jpg; 6597_16.jpg; 6597_13.jpg; 6597_10.jpg; 6597_11.jpg; 6598_1.jpg; 6598_3.jpg; 6597_12.jpg; 3208_11.jpg; 8021_7.jpg; 7790_19.jpg; 2894_12.jpg; 7617_12.jpg; 7717_11.jpg; 5609_18.jpg; 7729_8.jpg; 5737_10.jpg
7939,[중고] X-Axis Stage (80 x 80),[Used] X-Axis Stage (80 x 80),,55000,50.24,,Precision stage,,7939_1.jpg; 7939_1.jpg; 7939_3.jpg; 7939_1.jpg; 7939_1.jpg; 7939_6.jpg; 7939_7.jpg; 3944_10.jpg; 3944_9.jpg; 3944_7.jpg; 3944_17.jpg; 3944_12.jpg; 3944_6.jpg; 3944_11.jpg; 3944_14.jpg; 3944_8.jpg; 7939_1.jpg; 7939_3.jpg; 3944_13.jpg; 6597_12.jpg; 3208_11.jpg; 8021_7.jpg; 7790_19.jpg; 2894_12.jpg; 7617_12.jpg; 7717_11.jpg; 5609_18.jpg; 7729_8.jpg
6872,[미사용] MMT M1-627-L1 (60 x 60) 메뉴얼 스테이지 광학 스테이지,[Unused] MMT M1-627-L1 (60 x 60) Manual Stage Optical Stage,M1-627-L1,66000,60.29,,Precision stage,,6872_1.jpg; 6872_1.jpg; 6872_3.jpg; 6872_1.jpg; 6872_1.jpg; 6872_6.jpg; 3944_13.jpg; 3944_12.jpg; 3944_9.jpg; 3944_6.jpg; 3944_7.jpg; 3944_10.jpg; 3944_11.jpg; 3944_14.jpg; 3944_17.jpg; 6872_1.jpg; 6872_3.jpg; 3944_8.jpg; 3944_13.jpg; 6597_12.jpg; 3208_11.jpg; 8021_7.jpg; 7790_19.jpg; 2894_12.jpg; 7617_12.jpg; 7717_11.jpg; 5609_18.jpg
7616,[중고] SGM-A8B314 야스카와 서보 서보모터 AC서보모터 YASKAWA 시그마 자동화부품 조각기 3D프린터 부품 산업용 자동화설비,[Used] SGM-A8B314 YASKAWA Servo Servo Motor AC Servo Motor YASKAWA Sigma Automation Parts Engraver 3D Printer Parts Industrial Automation Equipment,SGM-A8B314,88000,80.39,YASKAWA,Servo motor/servo driver,,7616_1.jpg; 7616_1.jpg; 7616_3.jpg; 7616_1.jpg; 7616_1.jpg; 7616_6.jpg; 7616_7.jpg; 7732_19.jpg; 7616_9.jpg; 7616_10.jpg; 7968_18.jpg; 7968_14.jpg; 7732_8.jpg; 7657_23.jpg; 7733_10.jpg; 7968_9.jpg; 7968_10.jpg; 8027_16.jpg; 7968_19.jpg; 7968_12.jpg; 7616_1.jpg; 7616_3.jpg; 7733_18.jpg; 3944_13.jpg; 6597_12.jpg; 3208_11.jpg; 8021_7.jpg; 7790_19.jpg; 2894_12.jpg; 7617_12.jpg; 7717_11.jpg; 5609_18.jpg
5129,[중고] COGNEX 4400 VISION SYSTEM,[Used] COGNEX 4400 VISION SYSTEM,,550000,502.42,,Industrial Cameras/Lens/Lighting,,5129_1.jpg; 5129_1.jpg; 5129_3.jpg; 5129_1.jpg; 5129_1.jpg; 5129_6.jpg; 5463_14.jpg; 5131_15.jpg; 5131_6.jpg; 5131_10.jpg; 5463_18.jpg; 5131_14.jpg; 5131_13.jpg; 4596_14.jpg; 5463_13.jpg; 5463_16.jpg; 4594_12.jpg; 4594_16.jpg; 5463_9.jpg; 4594_7.jpg; 5129_1.jpg; 5129_3.jpg
7807,[중고] BROOKS GF125C VCR NF3 GF Series MFC,[Used] BROOKS GF125C VCR NF3 GF Series MFC,GF125C,110000,100.48,BROOKS,MFC/MFM,,7665_1.jpg; 7665_1.jpg; 7665_3.jpg; 7665_1.jpg; 7665_1.jpg; 7807_6.jpg; 7807_7.jpg; 7807_8.jpg; 7807_9.jpg; 7807_10.jpg; 7807_11.jpg; 7665_13.jpg; 7665_25.jpg; 7665_17.jpg; 7665_18.jpg; 7665_16.jpg; 7969_14.jpg; 7665_23.jpg; 7665_17.jpg; 7665_18.jpg; 7665_14.jpg; 7665_23.jpg; 7665_22.jpg; 7299_25.jpg; 7807_25.jpg; 7665_1.jpg; 7665_3.jpg; 7299_25.jpg; 3944_13.jpg; 6597_12.jpg; 3208_11.jpg; 8021_7.jpg; 7790_19.jpg; 2894_12.jpg; 7617_12.jpg; 7717_11.jpg; 5609_18.jpg
5667,[중고] LS30 (길이440mm/블럭1개) LM가이드 엘엠가이드 LM GUIDE THK IKO NSK 자동화부품 정밀부품 조각기 3D프린터 제작부품 삼익THK 베어링,[Used] LS30 (Length 440mm/1 block) LM Guide LM Guide LM GUIDE THK IKO NSK Automation Parts Precision Parts Engraver 3D Printer Manufacturing Parts Samick THK Bearing,LS30,33000,30.15,THK,LM GUIDE / BUSHING,,5667_1.jpg; 5667_1.jpg; 5667_3.jpg; 5667_1.jpg; 5667_1.jpg; 5667_6.jpg; 6838_13.jpg; 7178_16.jpg; 6837_18.jpg; 7178_5.jpg; 5667_11.jpg; 6838_6.jpg; 6837_11.jpg; 6838_22.jpg; 7178_6.jpg; 7178_4.jpg; 6838_14.jpg; 6838_12.jpg; 6838_15.jpg; 6838_11.jpg; 5667_1.jpg; 5667_3.jpg; 7178_12.jpg; 7299_25.jpg; 3944_13.jpg; 6597_12.jpg; 3208_11.jpg; 8021_7.jpg; 7790_19.jpg; 2894_12.jpg; 7617_12.jpg; 7717_11.jpg
7871,[중고] ASM46AK-T3.6,[Used] ASM46AK-T3.6,ASM46AK-T3.6,88000,80.39,,Stepping motor/driver/BLDC,,7871_1.jpg; 7871_1.jpg; 7871_3.jpg; 7871_1.jpg; 7871_1.jpg; 7871_6.jpg; 7871_7.jpg; 7871_8.jpg; 7868_27.jpg; 7899_12.jpg; 7865_7.jpg; 7870_37.jpg; 7866_29.jpg; 7870_36.jpg; 7899_8.jpg; 7906_18.jpg; 7865_9.jpg; 7866_26.jpg; 7866_31.jpg; 7868_19.jpg; 7868_24.jpg; 7899_13.jpg; 7871_1.jpg; 7871_3.jpg; 7899_17.jpg; 7178_12.jpg; 7299_25.jpg; 3944_13.jpg; 6597_12.jpg; 3208_11.jpg; 8021_7.jpg; 7790_19.jpg; 2894_12.jpg; 7617_12.jpg
8017,[중고] Miki Pulley VFD600 VFD-615-2 인버터 INVERTER,[Used] Miki Pulley VFD600 VFD-615-2 Inverter INVERTER,VFD600,275000,251.21,,INVERTER,,8017_1.jpg; 8017_1.jpg; 8017_3.jpg; 8017_1.jpg; 8017_1.jpg; 8017_6.jpg; 8017_7.jpg; 683_9.jpg; 683_13.jpg; 8017_1.jpg; 8017_3.jpg; 683_10.jpg; 7899_17.jpg; 7178_12.jpg; 7299_25.jpg; 3944_13.jpg; 6597_12.jpg; 3208_11.jpg; 8021_7.jpg; 7790_19.jpg; 2894_12.jpg
4073,[중고] THK YS (길이830mm/50파이) 스플라인 LM가이드 엘엠가이드 LM GUIDE THK IKO NSK 자동화부품 정밀부품 조각기 3D프린터 제작부품 삼익THK 베어링,[Used] THK YS (Length 830mm/50pi) Spline LM Guide LM Guide LM GUIDE THK IKO NSK Automation Parts Precision Parts Engraver 3D Printer Manufacturing Parts Samik THK Bearing,길이830mm/50파이,198000,180.87,THK,Ball screw/spline (SPLINE),,4073_1.jpg; 4073_1.jpg; 4073_3.jpg; 4073_1.jpg; 4073_5.jpg; 4075_6.jpg; 4075_10.jpg; 4073_1.jpg; 4073_3.jpg; 4075_7.jpg; 683_10.jpg; 7899_17.jpg; 7178_12.jpg; 7299_25.jpg; 3944_13.jpg; 6597_12.jpg; 3208_11.jpg; 8021_7.jpg; 7790_19.jpg
6947,[중고] ZAC2215-00 (15A),[Used] ZAC2215-00 (15A),ZAC2215-00,8800,8.04,,Electrical parts and other,,6947_1.jpg; 6947_1.jpg; 6947_3.jpg; 6947_1.jpg; 6947_1.jpg; 6959_7.jpg; 6947_7.jpg; 6947_8.jpg; 6947_9.jpg; 5962_9.jpg; 6947_11.jpg; 6947_12.jpg; 6959_13.jpg; 6947_14.jpg; 5962_14.jpg; 5962_10.jpg; 5962_17.jpg; 6947_18.jpg; 6947_19.jpg; 6947_1.jpg; 6947_3.jpg; 7525_12.jpg; 4075_7.jpg; 683_10.jpg; 7899_17.jpg; 7178_12.jpg; 7299_25.jpg; 3944_13.jpg; 6597_12.jpg; 3208_11.jpg; 8021_7.jpg
5277,"[중고] 1축 엑츄에이터 스트로크2,800mm 자작/DIY CNC부품, 3D프린터 제작","[Used] 1-axis actuator stroke 2,800mm Do-it-yourself/DIY CNC parts, 3D printer production","스트로크2,800mm",1650000,1507.27,THK,Cartesian robot/actuator,,5277_1.jpg; 5277_1.jpg; 5277_3.jpg; 5277_1.jpg; 5277_5.jpg; 5277_1.jpg; 5277_7.jpg; 5277_8.jpg; 7653_17.jpg; 7215_27.jpg; 7215_15.jpg; 7215_22.jpg; 5274_17.jpg; 7650_14.jpg; 7215_14.jpg; 7650_17.jpg; 5274_24.jpg; 7215_17.jpg; 5404_13.jpg; 6931_14.jpg; 7650_23.jpg; 7650_24.jpg; 5277_1.jpg; 5277_3.jpg; 7215_23.jpg; 4075_7.jpg; 683_10.jpg; 7899_17.jpg; 7178_12.jpg; 7299_25.jpg; 3944_13.jpg; 6597_12.jpg; 3208_11.jpg; 8021_7.jpg
7992,[중고] CJ1W-ID232,[Used] CJ1W-ID232,CJ1W-ID232,66000,60.29,,PLC,,7992_1.jpg; 7992_1.jpg; 7992_3.jpg; 7992_1.jpg; 7992_1.jpg; 7992_6.jpg; 7991_18.jpg; 7991_19.jpg; 7988_23.jpg; 7990_22.jpg; 7992_11.jpg; 7992_12.jpg; 7992_13.jpg; 7992_14.jpg; 7988_11.jpg; 7990_25.jpg; 7990_18.jpg; 7990_15.jpg; 7988_20.jpg; 7988_7.jpg; 7992_1.jpg; 7992_3.jpg; 7990_12.jpg; 6632_11.jpg; 7215_23.jpg; 4075_7.jpg; 683_10.jpg; 7899_17.jpg; 7178_12.jpg; 7299_25.jpg; 3944_13.jpg; 6597_12.jpg
5973,[중고] S9KB12.5BL-D93 SPG기어드모터 감속기 기어헤드 인덕션모터 AC모터 AC기어드모터,[Used] S9KB12.5BL-D93 SPG geared motor reducer gear head induction motor AC motor AC geared motor,S9KB12.5BL-D93,22000,20.1,,AC motor/geared motor/DC motor,,5973_1.jpg; 5973_1.jpg; 5973_3.jpg; 5973_1.jpg; 5973_1.jpg; 5401_7.jpg; 5378_15.jpg; 5378_19.jpg; 4735_18.jpg; 5388_17.jpg; 5972_13.jpg; 5972_16.jpg; 5975_17.jpg; 5401_14.jpg; 4735_22.jpg; 5401_9.jpg; 5383_8.jpg; 5401_19.jpg; 5388_11.jpg; 5973_1.jpg; 5973_3.jpg; 4735_14.jpg; 6632_11.jpg; 7215_23.jpg; 4075_7.jpg; 683_10.jpg; 7899_17.jpg; 7178_12.jpg; 7299_25.jpg; 3944_13.jpg; 6597_12.jpg
3103,[미사용] CF-8 성일 HNC 대성정밀 볼스크류고정 볼스크류서포트유니트 SUPPORTUNIT BALLSCREW 자동화부품 자동화 기계,[Unused] CF-8 Seongil HNC Daesung Precision Ball Screw Fixing Ball Screw Support Unit SUPPORTUNIT BALLSCREW Automation Parts Automation Machine,CF-8,9900,9.04,,Ball screw/spline (SPLINE),,3103_1.jpg; 3103_1.jpg; 3103_3.jpg; 3103_1.jpg; 3103_1.jpg; 3103_6.jpg; 2894_7.jpg; 2894_16.jpg; 2894_11.jpg; 2894_9.jpg; 2894_19.jpg; 2894_8.jpg; 2894_13.jpg; 2894_15.jpg; 2894_12.jpg; 2894_14.jpg; 3103_1.jpg; 3103_3.jpg; 2894_10.jpg; 4735_14.jpg; 6632_11.jpg; 7215_23.jpg; 4075_7.jpg; 683_10.jpg; 7899_17.jpg; 7178_12.jpg; 7299_25.jpg; 3944_13.jpg
5665,[중고] IKO LWL7 (길이360mm/블럭2개) LM가이드 엘엠가이드 LM GUIDE THK IKO NSK 자동화부품 정밀부품 조각기 3D프린터 제작부품 삼익THK 베어링,[Used] IKO LWL7 (length 360mm/2 blocks) LM Guide LM Guide LM GUIDE THK IKO NSK Automation Parts Precision Parts Engraver 3D Printer Manufacturing Parts Samick THK Bearing,LWL7,22000,20.1,THK,LM GUIDE / BUSHING,,5665_1.jpg; 5665_1.jpg; 5665_3.jpg; 5665_1.jpg; 5665_1.jpg; 5665_6.jpg; 5665_7.jpg; 5665_8.jpg; 5665_9.jpg; 5665_10.jpg; 5665_11.jpg; 5665_12.jpg; 5665_13.jpg; 5665_14.jpg; 5665_12.jpg; 5665_16.jpg; 5665_17.jpg; 5665_18.jpg; 5665_12.jpg; 5665_12.jpg; 5665_1.jpg; 5665_3.jpg; 7709_25.jpg; 2894_10.jpg; 4735_14.jpg; 6632_11.jpg; 7215_23.jpg; 4075_7.jpg; 683_10.jpg; 7899_17.jpg; 7178_12.jpg; 7299_25.jpg
8040,[중고] EDWARDS STP-iXA3305CPV Turbomolecular Pump Turbo 터보펌프,[Used] EDWARDS STP-iXA3305CPV Turbomolecular Pump Turbo Turbo Pump,STP-iXA3305CPV,11000000,10048.5,EDWARDS,vacuum pump,,8040_1.jpg; 8040_1.jpg; 8040_3.jpg; 8040_1.jpg; 8040_1.jpg; 8040_6.jpg; 8040_7.jpg; 8040_8.jpg; 8040_9.jpg; 8040_10.jpg; 6447_13.jpg; 6447_11.jpg; 7674_25.jpg; 6447_6.jpg; 6447_12.jpg; 6447_7.jpg; 6447_10.jpg; 6447_8.jpg; 8040_1.jpg; 8040_3.jpg; 6447_9.jpg; 7709_25.jpg; 2894_10.jpg; 4735_14.jpg; 6632_11.jpg; 7215_23.jpg; 4075_7.jpg; 683_10.jpg; 7899_17.jpg; 7178_12.jpg
7709,[중고] SGMAV-02ADA21 야스카와 서보 서보모터 AC서보모터 YASKAWA 시그마 자동화부품 조각기 3D프린터 부품 산업용 자동화설비,[Used] SGMAV-02ADA21 YASKAWA Servo Servo Motor AC Servo Motor YASKAWA Sigma Automation Parts Engraver 3D Printer Parts Industrial Automation Equipment,SGMAV-02ADA21,99000,90.44,YASKAWA,Servo motor/servo driver,,7709_1.jpg; 7709_1.jpg; 7709_3.jpg; 7709_1.jpg; 7709_1.jpg; 7709_6.jpg; 7968_20.jpg; 7732_19.jpg; 7753_22.jpg; 7616_7.jpg; 7968_12.jpg; 8027_9.jpg; 7968_19.jpg; 7733_17.jpg; 7753_24.jpg; 7657_23.jpg; 7733_14.jpg; 7968_13.jpg; 7709_19.jpg; 7731_8.jpg; 7709_1.jpg; 7709_3.jpg; 7968_15.jpg; 6447_9.jpg; 7709_25.jpg; 2894_10.jpg; 4735_14.jpg; 6632_11.jpg; 7215_23.jpg; 4075_7.jpg; 683_10.jpg; 7899_17.jpg
5590,[중고] NANOMOTION LCC-1A-HR-E8,[Used] NANOMOTION LCC-1A-HR-E8,LCC-1A-HR-E8,55000,50.24,,Industrial Cameras/Lens/Lighting,,5590_1.jpg; 5590_1.jpg; 5590_3.jpg; 5590_1.jpg; 5590_5.jpg; 5571_7.jpg; 5571_9.jpg; 5571_10.jpg; 5571_15.jpg; 5571_8.jpg; 5571_12.jpg; 5590_1.jpg; 5590_3.jpg; 5571_11.jpg; 7968_15.jpg; 6447_9.jpg; 7709_25.jpg; 2894_10.jpg; 4735_14.jpg; 6632_11.jpg; 7215_23.jpg; 4075_7.jpg; 683_10.jpg
7808,[중고] AERA CS-485,[Used] AERA CS-485,CS-485,55000,50.24,,MFC/MFM,,7808_1.jpg; 7808_1.jpg; 7808_3.jpg; 7808_1.jpg; 7808_1.jpg; 7808_6.jpg; 7810_9.jpg; 7812_3.jpg; 7811_17.jpg; 7810_8.jpg; 7808_11.jpg; 7659_10.jpg; 7810_7.jpg; 7810_19.jpg; 7810_18.jpg; 7697_17.jpg; 7810_16.jpg; 7810_14.jpg; 7812_4.jpg; 8053_22.jpg; 7808_1.jpg; 7808_3.jpg; 7810_13.jpg; 5571_11.jpg; 7968_15.jpg; 6447_9.jpg; 7709_25.jpg; 2894_10.jpg; 4735_14.jpg; 6632_11.jpg; 7215_23.jpg; 4075_7.jpg
8070,[중고] ASTEC MP6-3E-1L-4LD-00-N511 MP6-1T-NNE-1T-NNE-1E-0M MP6-1T-NNE-1T-NNE-1Q-0M,[Used] ASTEC MP6-3E-1L-4LD-00-N511 MP6-1T-NNE-1T-NNE-1E-0M MP6-1T-NNE-1T-NNE-1Q-0M,MP6-3E-1L-4LD-00-N511,220000,200.97,,Power supply SMPS,,8070_1.jpg; 8070_1.jpg; 8070_3.jpg; 8070_1.jpg; 8070_1.jpg; 8070_6.jpg; 7844_9.jpg; 7844_8.jpg; 7844_12.jpg; 8070_1.jpg; 8070_3.jpg; 7844_7.jpg; 7810_13.jpg; 5571_11.jpg; 7968_15.jpg; 6447_9.jpg; 7709_25.jpg; 2894_10.jpg; 4735_14.jpg; 6632_11.jpg; 7215_23.jpg
7046,[중고] EUROTHERM 808/D1/0/0/C2/0/QLPS/(ERMC400)// 온도콘트롤러 온도컨트롤러 디지털 인디케이터 인디케이터 indicator,[Used] EUROTHERM 808/D1/0/0/C2/0/QLPS/(ERMC400)// Temperature controller Temperature controller digital indicator indicator indicator,808/D1/0/0/C2/0/QLPS/,75000,68.51,,Temperature controller/indicator,,7046_1.jpg; 7046_1.jpg; 7046_3.jpg; 7046_1.jpg; 7046_1.jpg; 7046_6.jpg; 6821_15.jpg; 6804_8.jpg; 5979_8.jpg; 7348_19.jpg; 7715_17.jpg; 7026_14.jpg; 7489_23.jpg; 6802_17.jpg; 5599_11.jpg; 6802_15.jpg; 5694_14.jpg; 7366_18.jpg; 7668_21.jpg; 7474_18.jpg; 7046_1.jpg; 7046_3.jpg; 5575_10.jpg; 7810_13.jpg; 5571_11.jpg; 7968_15.jpg; 6447_9.jpg; 7709_25.jpg; 2894_10.jpg; 4735_14.jpg; 6632_11.jpg; 7215_23.jpg
7746,[중고] MDX-10K MASTER / SLAVE AE MAGNETRON DRIVE Advanced Energy RF GENERATOR,[Used] MDX-10K MASTER / SLAVE AE MAGNETRON DRIVE Advanced Energy RF GENERATOR,MDX-10K,2750000,2512.12,,RF/DC/MATCH,,7746_1.jpg; 7746_1.jpg; 7746_3.jpg; 7746_1.jpg; 7746_5.jpg; 7746_1.jpg; 7746_7.jpg; 7741_13.jpg; 7741_17.jpg; 7741_20.jpg; 7741_12.jpg; 6593_18.jpg; 6593_13.jpg; 6595_7.jpg; 7741_8.jpg; 7741_16.jpg; 7745_8.jpg; 7741_9.jpg; 6942_17.jpg; 6942_19.jpg; 7741_15.jpg; 7746_1.jpg; 7746_3.jpg; 7741_10.jpg; 5575_10.jpg; 7810_13.jpg; 5571_11.jpg; 7968_15.jpg; 6447_9.jpg; 7709_25.jpg; 2894_10.jpg; 4735_14.jpg; 6632_11.jpg
5624,[중고] NX4-01(*) 한영 HANYOUNG 온도콘트롤러 온도컨트롤러 디지털 인디케이터 인디케이터 indicator,[Used] NX4-01(*) HANYOUNG temperature controller temperature controller digital indicator indicator indicator,NX4-01,33000,30.15,,Temperature controller/indicator,,5624_1.jpg; 5624_1.jpg; 5624_3.jpg; 5624_1.jpg; 5624_1.jpg; 5624_6.jpg; 5624_7.jpg; 5624_8.jpg; 5979_8.jpg; 7026_14.jpg; 7236_17.jpg; 7236_16.jpg; 6804_17.jpg; 7474_19.jpg; 7474_12.jpg; 6804_19.jpg; 7715_17.jpg; 7474_24.jpg; 7489_8.jpg; 6804_23.jpg; 7474_15.jpg; 5694_17.jpg; 5624_1.jpg; 5624_3.jpg; 5599_21.jpg; 7741_10.jpg; 5575_10.jpg; 7810_13.jpg; 5571_11.jpg; 7968_15.jpg; 6447_9.jpg; 7709_25.jpg; 2894_10.jpg; 4735_14.jpg
7770,[중고] 275Mini-Convectron 275906-EU 275922-EU GRANVILLE-PHILLIPS BROOKS AUTOMATION,[Used] 275Mini-Convectron 275906-EU 275922-EU GRANVILLE-PHILLIPS BROOKS AUTOMATION,275Mini-Convectron,165000,150.73,BROOKS,vacuum gauge,,7770_1.jpg; 7770_1.jpg; 7770_3.jpg; 7770_1.jpg; 7770_1.jpg; 7770_6.jpg; 8073_9.jpg; 7299_17.jpg; 8074_21.jpg; 7498_14.jpg; 8073_19.jpg; 7496_17.jpg; 8073_18.jpg; 8073_12.jpg; 7498_15.jpg; 8073_15.jpg; 8073_16.jpg; 8073_11.jpg; 8073_17.jpg; 8073_8.jpg; 7770_1.jpg; 7770_3.jpg; 8073_10.jpg; 5599_21.jpg; 7741_10.jpg; 5575_10.jpg; 7810_13.jpg; 5571_11.jpg; 7968_15.jpg; 6447_9.jpg; 7709_25.jpg; 2894_10.jpg
7785,[중고]LAMBDA SWS600-24(24V 24A) JWS600-24(24V 27A) EWS600-24(24V 27A) 파워써플라이 파워서플라이 POWER SUPPLY SMPS(24V),[Used]LAMBDA SWS600-24(24V 24A) JWS600-24(24V 27A) EWS600-24(24V 27A) Power supply Power supply POWER SUPPLY SMPS(24V),SWS600-24,66000,60.29,,Power supply SMPS,,7785_1.jpg; 7785_1.jpg; 7785_3.jpg; 7785_1.jpg; 7785_5.jpg; 7785_6.jpg; 7785_1.jpg; 7635_19.jpg; 7635_9.jpg; 7635_15.jpg; 7635_17.jpg; 7635_14.jpg; 7635_18.jpg; 7635_16.jpg; 7981_26.jpg; 7635_8.jpg; 7635_11.jpg; 7635_12.jpg; 7635_10.jpg; 7635_13.jpg; 7635_7.jpg; 7785_1.jpg; 7785_3.jpg; 7635_6.jpg; 5599_21.jpg; 7741_10.jpg; 5575_10.jpg; 7810_13.jpg; 5571_11.jpg; 7968_15.jpg; 6447_9.jpg; 7709_25.jpg; 2894_10.jpg
7698,[중고] HORIBA STEC Z700 SEC-Z724AGX N2 0190-33217 0190-34245,[Used] HORIBA STEC Z700 SEC-Z724AGX N2 0190-33217 0190-34245,Z700,110000,100.48,,MFC/MFM,,7698_1.jpg; 7698_1.jpg; 7698_3.jpg; 7698_1.jpg; 7698_1.jpg; 7698_6.jpg; 7950_7.jpg; 7610_7.jpg; 7950_17.jpg; 7950_7.jpg; 7950_21.jpg; 7588_21.jpg; 7950_8.jpg; 7950_7.jpg; 7950_10.jpg; 7618_11.jpg; 7618_23.jpg; 7954_16.jpg; 7610_17.jpg; 7950_14.jpg; 7698_1.jpg; 7698_3.jpg; 7588_20.jpg; 7635_6.jpg; 5599_21.jpg; 7741_10.jpg; 5575_10.jpg; 7810_13.jpg; 5571_11.jpg; 7968_15.jpg; 6447_9.jpg; 7709_25.jpg
6527,[중고] JENOPTIK 012854-010-26,[Used] JENOPTIK 012854-010-26,,660000,602.91,,Controller/Other,,6527_1.jpg; 6527_1.jpg; 6527_3.jpg; 6527_1.jpg; 6527_1.jpg; 6527_6.jpg; 8052_13.jpg; 8052_19.jpg; 5463_25.jpg; 8052_15.jpg; 8052_9.jpg; 8052_8.jpg; 8052_20.jpg; 8052_17.jpg; 8052_12.jpg; 8052_14.jpg; 8052_10.jpg; 8052_16.jpg; 8052_11.jpg; 6527_1.jpg; 6527_3.jpg; 8052_18.jpg; 7588_20.jpg; 7635_6.jpg; 5599_21.jpg; 7741_10.jpg; 5575_10.jpg; 7810_13.jpg; 5571_11.jpg; 7968_15.jpg; 6447_9.jpg
4074,[중고] THK KS (길이1400mm/40파이) 스플라인 LM가이드 엘엠가이드 LM GUIDE THK IKO NSK 자동화부품 정밀부품 조각기 3D프린터 제작부품 삼익THK 베어링,[Used] THK KS (Length 1400mm/40pi) Spline LM Guide LM Guide LM GUIDE THK IKO NSK Automation Parts Precision Parts Engraver 3D Printer Manufacturing Parts Samik THK Bearing,길이1400mm/40파이,198000,180.87,THK,Ball screw/spline (SPLINE),,4074_1.jpg; 4074_1.jpg; 4074_3.jpg; 4074_1.jpg; 4074_5.jpg; 4075_10.jpg; 4075_7.jpg; 4074_1.jpg; 4074_3.jpg; 4075_6.jpg; 8052_18.jpg; 7588_20.jpg; 7635_6.jpg; 5599_21.jpg; 7741_10.jpg; 5575_10.jpg; 7810_13.jpg; 5571_11.jpg; 7968_15.jpg
7185,[중고] SHS20형 (길이200mm/블럭1개) LM가이드 엘엠가이드 LM GUIDE THK IKO NSK 자동화부품 정밀부품 조각기 3D프린터 제작부품 삼익THK 베어링,[Used] SHS20 type (length 200mm/1 block) LM Guide LM Guide LM GUIDE THK IKO NSK Automation Parts Precision Parts Engraver 3D Printer Manufacturing Parts Samick THK Bearing,SHS20,22000,20.1,THK,LM GUIDE / BUSHING,,7185_1.jpg; 7185_2.jpg; 7104_10.jpg; 7104_8.jpg; 7104_18.jpg; 7104_21.jpg; 7104_14.jpg; 7104_12.jpg; 7104_17.jpg; 7104_13.jpg; 7104_15.jpg; 7104_9.jpg; 7104_16.jpg; 7104_11.jpg; 7104_7.jpg; 8052_18.jpg; 7588_20.jpg; 7635_6.jpg; 5599_21.jpg; 7741_10.jpg; 5575_10.jpg; 7810_13.jpg; 5571_11.jpg; 7968_15.jpg
7857,[중고] FESTO 솔레노이드밸브 MHA1-PR10-3-D1-SV A33525KR 솔밸브,[Used] FESTO solenoid valve MHA1-PR10-3-D1-SV A33525KR Solenoid valve,MHA1-PR10-3-D1-SV,66000,60.29,,Pneumatic parts (PNEUMATIC),,7857_1.jpg; 7857_1.jpg; 7857_3.jpg; 7857_1.jpg; 7857_5.jpg; 7857_6.jpg; 7857_7.jpg; 7857_8.jpg; 7857_9.jpg; 7857_10.jpg; 7857_11.jpg; 7857_12.jpg; 7857_13.jpg; 7857_14.jpg; 7857_15.jpg; 7857_16.jpg; 7857_17.jpg; 7857_18.jpg; 7857_19.jpg; 7857_20.jpg; 7857_21.jpg; 7857_22.jpg; 7857_23.jpg; 7857_24.jpg; 7857_25.jpg; 7857_26.jpg; 7857_27.jpg; 7857_28.jpg; 7857_29.jpg; 7857_30.jpg; 7857_31.jpg; 7857_32.jpg; 7857_33.jpg; 7857_34.jpg; 7857_35.jpg; 7857_36.jpg; 7857_37.jpg; 7857_38.jpg; 7857_1.jpg; 7857_40.jpg; 7857_41.jpg; 7850_8.jpg; 7850_10.jpg; 7847_23.jpg; 7854_17.jpg; 7828_16.jpg; 7854_9.jpg; 7850_9.jpg; 7854_16.jpg; 7847_16.jpg; 7853_34.jpg; 7829_10.jpg; 7803_16.jpg; 7851_8.jpg; 7847_15.jpg; 7857_1.jpg; 7857_3.jpg; 3318_15.jpg; 7104_7.jpg; 8052_18.jpg; 7588_20.jpg; 7635_6.jpg; 5599_21.jpg; 7741_10.jpg; 5575_10.jpg; 7810_13.jpg; 5571_11.jpg
7164,[중고] AJINEXTEK COM-234SD V1.0 AXT BPHR V2.0 아진 모션카드 모션보드 Motion Board Motion Card,[Used] AJINEXTEK COM-234SD V1.0 AXT BPHR V2.0 AJIN Motion Card Motion Board Motion Card,COM-234SD,165000,150.73,,Computer/Computer-related parts,,7164_1.jpg; 7164_1.jpg; 7164_3.jpg; 7164_1.jpg; 7164_1.jpg; 7164_6.jpg; 7164_7.jpg; 6911_9.jpg; 6914_20.jpg; 7509_14.jpg; 7510_15.jpg; 6911_15.jpg; 6916_11.jpg; 7164_14.jpg; 7132_14.jpg; 6850_21.jpg; 7509_15.jpg; 7164_18.jpg; 6850_24.jpg; 6916_20.jpg; 6911_16.jpg; 7164_1.jpg; 7164_3.jpg; 7509_16.jpg; 3318_15.jpg; 7104_7.jpg; 8052_18.jpg; 7588_20.jpg; 7635_6.jpg; 5599_21.jpg; 7741_10.jpg; 5575_10.jpg; 7810_13.jpg
3318,[중고] CIMR-V7BC24P0 (5마력) 인버터 야스카와인버터 INVERTER,[Used] CIMR-V7BC24P0 (5 horsepower) inverter Yaskawa inverter INVERTER,CIMR-V7BC24P0,187000,170.82,,INVERTER,,3318_1.jpg; 3318_1.jpg; 3318_3.jpg; 3318_1.jpg; 3318_5.jpg; 3318_6.jpg; 5056_13.jpg; 4049_14.jpg; 5056_8.jpg; 5056_7.jpg; 3318_1.jpg; 3318_3.jpg; 4049_7.jpg; 7509_16.jpg; 3318_15.jpg; 7104_7.jpg; 8052_18.jpg; 7588_20.jpg; 7635_6.jpg; 5599_21.jpg; 7741_10.jpg; 5575_10.jpg
5612,[중고] PI E-710 E-710K155 Digital Piezo Controller,[Used] PI E-710 E-710K155 Digital Piezo Controller,E-710,770000,703.39,,Industrial Cameras/Lens/Lighting,,5612_1.jpg; 5612_1.jpg; 5612_3.jpg; 5612_1.jpg; 5612_1.jpg; 5612_6.jpg; 5571_11.jpg; 5571_9.jpg; 5571_10.jpg; 5571_15.jpg; 5571_12.jpg; 5571_8.jpg; 5612_1.jpg; 5612_3.jpg; 5571_7.jpg; 4049_7.jpg; 7509_16.jpg; 3318_15.jpg; 7104_7.jpg; 8052_18.jpg; 7588_20.jpg; 7635_6.jpg; 5599_21.jpg; 7741_10.jpg
5963,[중고] OMRON ZX-CAL2,[Used] OMRON ZX-CAL2,ZX-CAL2,44000,40.19,OMRON,Sensors / various cables,,5963_1.jpg; 5963_1.jpg; 5963_3.jpg; 5963_1.jpg; 5963_1.jpg; 5963_6.jpg; 5159_9.jpg; 5991_9.jpg; 5983_13.jpg; 5609_18.jpg; 5609_16.jpg; 5609_20.jpg; 5159_17.jpg; 5991_16.jpg; 5161_15.jpg; 5163_23.jpg; 8036_18.jpg; 7325_14.jpg; 5159_20.jpg; 5135_15.jpg; 5963_1.jpg; 5963_3.jpg; 7325_11.jpg; 5571_7.jpg; 4049_7.jpg; 7509_16.jpg; 3318_15.jpg; 7104_7.jpg; 8052_18.jpg; 7588_20.jpg; 7635_6.jpg; 5599_21.jpg
6007,[중고] NSK (103/42mm) 볼스크류 볼나사 Ballscrew TM스크류 베어링 삼익THK 자동화부품 조각기 3D프린터 제작부품 자작 DIY,[Used] NSK (103/42mm) Ball Screw Ball Screw Ballscrew TM Screw Bearing Samick THK Automation Parts Engraver 3D Printer Manufacturing Parts DIY,103/42mm,11000,10.05,THK,Ball screw/spline (SPLINE),,6008_5.jpg; 6008_5.jpg; 6007_3.jpg; 6008_5.jpg; 6008_5.jpg; 6008_6.jpg; 6012_14.jpg; 853_10.jpg; 6012_23.jpg; 6008_19.jpg; 6012_17.jpg; 6012_13.jpg; 6012_15.jpg; 6012_9.jpg; 6008_23.jpg; 6012_12.jpg; 6012_19.jpg; 853_13.jpg; 5579_17.jpg; 6012_7.jpg; 6008_5.jpg; 6007_3.jpg; 853_21.jpg; 7325_11.jpg; 5571_7.jpg; 4049_7.jpg; 7509_16.jpg; 3318_15.jpg; 7104_7.jpg; 8052_18.jpg; 7588_20.jpg; 7635_6.jpg
7946,"[중고] XYZ-Axis Stage (60 x 60) X,Y Stroke 10mm Z Stroke 20mm",[Used] XYZ-Axis Stage (60 x 60),10mm,176000,160.78,,Precision stage,,7946_1.jpg; 7946_1.jpg; 7946_3.jpg; 7946_1.jpg; 7946_5.jpg; 7946_1.jpg; 7946_7.jpg; 7946_8.jpg; 7298_11.jpg; 5148_11.jpg; 5148_10.jpg; 5148_8.jpg; 5148_7.jpg; 7946_1.jpg; 7946_3.jpg; 5148_9.jpg; 853_21.jpg; 7325_11.jpg; 5571_7.jpg; 4049_7.jpg; 7509_16.jpg; 3318_15.jpg; 7104_7.jpg; 8052_18.jpg; 7588_20.jpg
7832,[중고] HSR20-LR형 (길이530mm/블럭2개) LM가이드 엘엠가이드 LM GUIDE THK IKO NSK 자동화부품 정밀부품 조각기 3D프린터 제작부품 삼익THK 베어링,[Used] HSR20-LR type (length 530mm/2 blocks) LM Guide LM Guide LM GUIDE THK IKO NSK Automation Parts Precision Parts Engraver 3D Printer Manufacturing Parts Samik THK Bearing,HSR20-LR,55000,50.24,THK,LM GUIDE / BUSHING,,7832_1.jpg; 7832_1.jpg; 7832_3.jpg; 7832_1.jpg; 7833_5.png; 7832_1.jpg; 7834_21.jpg; 7834_7.jpg; 7833_23.jpg; 7834_16.jpg; 7834_17.jpg; 7834_18.jpg; 7834_11.jpg; 7834_15.jpg; 7834_14.jpg; 7834_12.jpg; 7834_6.jpg; 7834_10.jpg; 7834_13.jpg; 7658_14.jpg; 7832_1.jpg; 7832_3.jpg; 7833_17.jpg; 5148_9.jpg; 853_21.jpg; 7325_11.jpg; 5571_7.jpg; 4049_7.jpg; 7509_16.jpg; 3318_15.jpg; 7104_7.jpg; 8052_18.jpg
8023,[중고] AK-BX410M,[Used] AK-BX410M,AK-BX410M,55000,50.24,,Stepping motor/driver/BLDC,,8023_1.jpg; 8023_1.jpg; 8023_3.jpg; 8023_1.jpg; 8023_1.jpg; 8023_6.jpg; 7885_13.jpg; 7885_10.jpg; 7885_8.jpg; 7885_7.jpg; 8023_1.jpg; 8023_3.jpg; 7885_9.jpg; 5148_9.jpg; 853_21.jpg; 7325_11.jpg; 5571_7.jpg; 4049_7.jpg; 7509_16.jpg; 3318_15.jpg; 7104_7.jpg; 8052_18.jpg
7948,[중고] 173198 DSM-8-180-9-A S702 (FESTO),[Used] 173198 DSM-8-180-9-A S702 (FESTO),DSM-8-180-9-A,33000,30.15,,Pneumatic parts (PNEUMATIC),,7948_1.jpg; 7948_1.jpg; 7948_3.jpg; 7948_1.jpg; 7948_5.jpg; 7948_6.jpg; 7948_7.jpg; 7948_8.jpg; 7948_9.jpg; 7948_10.jpg; 7948_11.jpg; 7948_12.jpg; 7948_13.jpg; 7948_14.jpg; 7948_15.jpg; 7948_16.jpg; 7948_17.jpg; 7948_18.jpg; 7948_19.jpg; 7948_20.jpg; 7948_21.jpg; 7948_1.jpg; 7948_3.jpg; 7948_24.jpg; 7885_9.jpg; 5148_9.jpg; 853_21.jpg; 7325_11.jpg; 5571_7.jpg; 4049_7.jpg; 7509_16.jpg; 3318_15.jpg; 7104_7.jpg
8066,[중고] PF2W720T-03-67 FOLW SWITCH  공압실린더 SMC,[Used] PF2W720T-03-67 FOLW SWITCH Pneumatic Cylinder SMC,PF2W720T-03-67,33000,30.15,,Pneumatic parts (PNEUMATIC),,8066_1.jpg; 8066_1.jpg; 8066_3.jpg; 8066_1.jpg; 8066_1.jpg; 8066_6.jpg; 8066_7.jpg; 8067_7.jpg; 8067_17.jpg; 8067_11.jpg; 8067_13.jpg; 8066_12.jpg; 8067_16.jpg; 8066_14.jpg; 8066_15.jpg; 8066_16.jpg; 8067_12.jpg; 7621_17.jpg; 7621_15.jpg; 8066_20.jpg; 8066_1.jpg; 8066_3.jpg; 8067_19.jpg; 7885_9.jpg; 5148_9.jpg; 853_21.jpg; 7325_11.jpg; 5571_7.jpg; 4049_7.jpg; 7509_16.jpg; 3318_15.jpg; 7104_7.jpg
7644,[중고] Q612B Q시리즈 Mitsubishi Q-PLC MELSEC Q 피엘씨 미쓰비시피엘씨 자동화부품 공장자동화 미쯔비시PLC,[Used] Q612B Q Series Mitsubishi Q-PLC MELSEC Q PLC Mitsubishi PLC Automation Parts Factory Automation Mitsubishi PLC,Q612B,66000,60.29,,PLC,,7644_1.jpg; 7644_1.jpg; 7644_3.jpg; 7644_1.jpg; 7644_1.jpg; 7644_6.jpg; 7433_10.jpg; 7644_8.jpg; 7433_17.jpg; 7435_15.jpg; 7433_7.jpg; 7413_15.jpg; 7644_13.jpg; 7644_14.jpg; 7644_15.jpg; 7644_16.jpg; 7644_17.jpg; 7413_17.jpg; 7433_13.jpg; 7433_8.jpg; 7644_1.jpg; 7644_3.jpg; 7413_14.jpg; 8067_19.jpg; 7885_9.jpg; 5148_9.jpg; 853_21.jpg; 7325_11.jpg; 5571_7.jpg; 4049_7.jpg; 7509_16.jpg; 3318_15.jpg
7798,[중고] G6Q-RY2A,[Used] G6Q-RY2A,G6Q-RY2A,44000,40.19,,PLC,,7798_1.jpg; 7798_1.jpg; 7798_3.jpg; 7798_1.jpg; 7798_1.jpg; 7798_6.jpg; 7790_8.jpg; 7797_14.jpg; 7790_15.jpg; 7797_13.jpg; 7797_11.jpg; 7794_13.jpg; 7797_17.jpg; 7796_10.jpg; 7798_15.jpg; 7790_19.jpg; 7795_7.jpg; 7794_20.jpg; 7797_9.jpg; 7798_20.jpg; 7798_1.jpg; 7798_3.jpg; 7796_19.jpg; 7413_14.jpg; 8067_19.jpg; 7885_9.jpg; 5148_9.jpg; 853_21.jpg; 7325_11.jpg; 5571_7.jpg; 4049_7.jpg; 7509_16.jpg
6509,[중고] NP NPM-2KEM-V01 MATCHER 13.56MHz,[Used] NP NPM-2KEM-V01 MATCHER 13.56MHz,NPM-2KEM-V01,660000,602.91,,RF/DC/MATCH,,6509_1.jpg; 6509_1.jpg; 6509_3.jpg; 6509_1.jpg; 6509_1.jpg; 6509_6.jpg; 6509_7.jpg; 6512_15.jpg; 6594_14.jpg; 6503_14.jpg; 6594_16.jpg; 6512_16.jpg; 6594_17.jpg; 6594_11.jpg; 6503_16.jpg; 6594_18.jpg; 6594_10.jpg; 6594_8.jpg; 6512_14.jpg; 6512_22.jpg; 6594_13.jpg; 6509_1.jpg; 6509_3.jpg; 6594_21.jpg; 7796_19.jpg; 7413_14.jpg; 8067_19.jpg; 7885_9.jpg; 5148_9.jpg; 853_21.jpg; 7325_11.jpg; 5571_7.jpg; 4049_7.jpg
3248,[미사용 새제품] 22B-D6P0N104 (2.2KW 3마력) ROCKWELL BULLETIN 22B 인버터 INVERTER,[New unused product] 22B-D6P0N104 (2.2KW 3 horsepower) ROCKWELL BULLETIN 22B inverter INVERTER,22B-D6P0N104,286000,261.26,,INVERTER,,3248_1.jpg; 3248_1.jpg; 3248_3.jpg; 3248_1.jpg; 3248_5.jpg; 4049_17.jpg; 3248_1.jpg; 3248_3.jpg; 3248_9.jpg; 6594_21.jpg; 7796_19.jpg; 7413_14.jpg; 8067_19.jpg; 7885_9.jpg; 5148_9.jpg; 853_21.jpg; 7325_11.jpg; 5571_7.jpg
7606,[중고] SETRA Model:223 P/N:2231025PABW2CD1M P/N:2231100PAEB2CD1M,[Used] SETRA Model:223 P/N:2231025PABW2CD1M P/N:2231100PAEB2CD1M,Model:223,55000,50.24,,Gas valve/regulator/pressure gauge,,7606_1.jpg; 7606_1.jpg; 7606_3.jpg; 7606_1.jpg; 7606_1.jpg; 7606_6.jpg; 7997_14.jpg; 7823_12.jpg; 7607_18.jpg; 8056_18.jpg; 7607_7.jpg; 7607_8.jpg; 7997_13.jpg; 7997_23.jpg; 7607_11.jpg; 7823_20.jpg; 8056_13.jpg; 7607_10.jpg; 7567_7.jpg; 7997_20.jpg; 7606_1.jpg; 7606_3.jpg; 7997_16.jpg; 3248_9.jpg; 6594_21.jpg; 7796_19.jpg; 7413_14.jpg; 8067_19.jpg; 7885_9.jpg; 5148_9.jpg; 853_21.jpg; 7325_11.jpg
2162,[중고] Mitutoyo ID-U1025E Code No.565-123,[Used] Mitutoyo ID-U1025E Code No.565-123,ID-U1025E,165000,150.73,,"Measuring instruments, optics, experimental equipment",,2162_1.jpg; 2162_1.jpg; 2162_3.jpg; 2162_1.jpg; 2162_1.jpg; 2162_6.jpg; 2162_7.jpg; 2162_8.jpg; 2162_9.jpg; 5119_13.jpg; 5119_10.jpg; 5119_8.jpg; 2162_1.jpg; 2162_3.jpg; 5119_9.jpg; 7997_16.jpg; 3248_9.jpg; 6594_21.jpg; 7796_19.jpg; 7413_14.jpg; 8067_19.jpg; 7885_9.jpg; 5148_9.jpg; 853_21.jpg
5153,[중고] GRAS-50S5M Grasshopper POINT GREY IEEE1394,[Used] GRAS-50S5M Grasshopper POINT GRAY IEEE1394,GRAS-50S5M,220000,200.97,,Industrial Cameras/Lens/Lighting,,5153_1.jpg; 5153_1.jpg; 5153_3.jpg; 5153_1.jpg; 5153_1.jpg; 5153_6.jpg; 4594_7.jpg; 5463_9.jpg; 5463_18.jpg; 4594_6.jpg; 5131_14.jpg; 5131_16.jpg; 5131_8.jpg; 4594_9.jpg; 5131_13.jpg; 5131_11.jpg; 5463_16.jpg; 5463_17.jpg; 5131_7.jpg; 4596_14.jpg; 5153_1.jpg; 5153_3.jpg; 5463_13.jpg; 5119_9.jpg; 7997_16.jpg; 3248_9.jpg; 6594_21.jpg; 7796_19.jpg; 7413_14.jpg; 8067_19.jpg; 7885_9.jpg; 5148_9.jpg
7831,[중고] JEL ROBOT(DUAL ARM),[Used] JEL ROBOT(DUAL ARM),,1100000,1004.85,,semiconductor equipment,,7831_1.jpg; 7831_1.jpg; 7831_3.jpg; 7831_1.jpg; 7831_1.jpg; 7831_6.jpg; 7831_7.jpg; 7831_8.jpg; 7831_9.jpg; 8029_25.jpg; 6631_18.jpg; 8054_11.jpg; 8050_9.jpg; 8030_21.jpg; 8029_16.jpg; 6631_20.jpg; 7440_19.jpg; 8029_19.jpg; 8050_18.jpg; 7934_19.jpg; 7226_7.jpg; 6631_21.jpg; 6631_10.jpg; 7831_1.jpg; 7831_3.jpg; 7747_13.jpg; 5463_13.jpg; 5119_9.jpg; 7997_16.jpg; 3248_9.jpg; 6594_21.jpg; 7796_19.jpg; 7413_14.jpg; 8067_19.jpg; 7885_9.jpg
5636,[중고] INFICON Transpector HPR Model:TSPTT100 (10707) 가스 분석기,[Used] INFICON Transpector HPR Model:TSPTT100 (10707) Gas Analyzer,Model:TSPTT100,5500000,5024.25,,Pressure controller/gas analyzer,,5636_1.jpg; 5636_1.jpg; 5636_3.jpg; 5636_1.jpg; 5636_5.jpg; 5638_7.jpg; 5638_12.jpg; 5638_9.jpg; 5636_1.jpg; 5636_3.jpg; 5638_8.jpg; 7747_13.jpg; 5463_13.jpg; 5119_9.jpg; 7997_16.jpg; 3248_9.jpg; 6594_21.jpg; 7796_19.jpg; 7413_14.jpg; 8067_19.jpg
7977,[중고] XTOP07TW-LD M2I 엠투아이 터치스크린,[Used] XTOP07TW-LD M2I M2I Touch Screen,XTOP07TW-LD,132000,120.58,,touch screen,,7977_1.jpg; 7977_1.jpg; 7977_3.jpg; 7977_1.jpg; 7977_1.jpg; 7977_6.jpg; 7977_7.jpg; 7977_8.jpg; 7977_9.jpg; 7815_9.jpg; 7815_12.jpg; 7815_16.jpg; 7815_13.jpg; 7815_11.jpg; 7977_1.jpg; 7977_3.jpg; 7815_10.jpg; 5638_8.jpg; 7747_13.jpg; 5463_13.jpg; 5119_9.jpg; 7997_16.jpg; 3248_9.jpg; 6594_21.jpg; 7796_19.jpg; 7413_14.jpg
7041,[중고] SHIMADEN SR24-2P-9099 온도콘트롤러 온도컨트롤러 디지털 인디케이터 인디케이터 indicator,[Used] SHIMADEN SR24-2P-9099 temperature controller temperature controller digital indicator indicator indicator,SR24-2P-9099,110000,100.48,OMRON,Temperature controller/indicator,,7041_1.jpg; 7041_1.jpg; 7041_3.jpg; 7041_1.jpg; 7041_1.jpg; 7041_6.jpg; 5694_9.jpg; 6804_11.jpg; 5599_13.jpg; 5694_14.jpg; 7715_19.jpg; 7366_12.jpg; 5694_7.jpg; 7366_13.jpg; 6804_13.jpg; 5694_14.jpg; 6804_20.jpg; 7407_8.jpg; 7715_17.jpg; 6804_7.jpg; 7041_1.jpg; 7041_3.jpg; 7474_8.jpg; 7815_10.jpg; 5638_8.jpg; 7747_13.jpg; 5463_13.jpg; 5119_9.jpg; 7997_16.jpg; 3248_9.jpg; 6594_21.jpg; 7796_19.jpg
5502,[중고] PITTMAN 14206D739 500CPR DC모터,[Used] PITTMAN 14206D739 500CPR DC motor,14206D739,110000,100.48,,AC motor/geared motor/DC motor,,5502_1.jpg; 5502_1.jpg; 5502_3.jpg; 5502_1.jpg; 5502_1.jpg; 5502_6.jpg; 5196_13.jpg; 5196_12.jpg; 5196_19.jpg; 5196_16.jpg; 5196_8.jpg; 5196_7.jpg; 5196_11.jpg; 5196_12.jpg; 5196_9.jpg; 5196_10.jpg; 5502_1.jpg; 5502_3.jpg; 5196_15.jpg; 7815_10.jpg; 5638_8.jpg; 7747_13.jpg; 5463_13.jpg; 5119_9.jpg; 7997_16.jpg; 3248_9.jpg; 6594_21.jpg; 7796_19.jpg
7308,[중고] KASHIYAMA SCREW DRY PUMP SD60V II,[Used] KASHIYAMA SCREW DRY PUMP SD60V II,SD60V,770000,703.39,,vacuum pump,,7308_1.jpg; 7308_1.jpg; 7308_3.jpg; 7308_1.jpg; 7308_1.jpg; 7308_6.jpg; 7308_7.jpg; 7314_12.jpg; 7314_15.jpg; 7314_11.jpg; 7314_10.jpg; 7308_1.jpg; 7308_3.jpg; 7314_9.jpg; 7815_10.jpg; 5638_8.jpg; 7747_13.jpg; 5463_13.jpg; 5119_9.jpg; 7997_16.jpg; 3248_9.jpg; 6594_21.jpg; 7796_19.jpg
7611,[중고] SEF-8240Sl-UC-VM03 TiCl4 VC-1310-UC-19 HORIBA,[Used] SEF-8240Sl-UC-VM03 TiCl4 VC-1310-UC-19 HORIBA,SEF-8240Sl-UC-VM03,220000,200.97,,MFC/MFM,,7611_1.jpg; 7611_1.jpg; 7611_3.jpg; 7611_1.jpg; 7611_1.jpg; 7611_6.jpg; 7611_7.jpg; 7611_8.jpg; 7619_18.jpg; 7619_12.jpg; 7608_23.jpg; 7611_12.jpg; 7619_21.jpg; 7611_14.jpg; 7611_15.jpg; 7619_27.jpg; 7611_17.jpg; 7619_16.jpg; 7611_19.jpg; 7608_17.jpg; 7611_21.jpg; 7619_23.jpg; 7611_1.jpg; 7611_3.jpg; 7608_13.jpg; 7815_10.jpg; 5638_8.jpg; 7747_13.jpg; 5463_13.jpg; 5119_9.jpg; 7997_16.jpg; 3248_9.jpg; 6594_21.jpg; 7796_19.jpg
7152,[중고] 블로워 1.5KW (2마력) SBT-600HT-H213 SHOWA DENKI 링블로워 브로워 Blower 600*600*700,[Used] Blower 1.5KW (2 horsepower) SBT-600HT-H213 SHOWA DENKI Ring Blower Blower 600*600*700,1.5KW,330000,301.45,,Blower,,7152_1.jpg; 7152_1.jpg; 7152_3.jpg; 7152_1.jpg; 7152_5.jpg; 7152_1.jpg; 7152_7.jpg; 7152_8.jpg; 7151_15.jpg; 7151_11.jpg; 7151_12.jpg; 7152_1.jpg; 7152_3.jpg; 7151_10.jpg; 7608_13.jpg; 7815_10.jpg; 5638_8.jpg; 7747_13.jpg; 5463_13.jpg; 5119_9.jpg; 7997_16.jpg; 3248_9.jpg; 6594_21.jpg
7694,[중고] Fine Suntronix CSF300-48 (48V 6.7A) 파워써플라이 파워서플라이 POWER SUPPLY SMPS,[Used] Fine Suntronix CSF300-48 (48V 6.7A) Power supply Power supply POWER SUPPLY SMPS,CSF300-48,44000,40.19,,Power supply SMPS,,7694_1.jpg; 7694_1.jpg; 7694_3.jpg; 7694_1.jpg; 7694_1.jpg; 7694_6.jpg; 7598_13.jpg; 7598_10.jpg; 7598_8.jpg; 7598_9.jpg; 7694_1.jpg; 7694_3.jpg; 7598_7.jpg; 7151_10.jpg; 7608_13.jpg; 7815_10.jpg; 5638_8.jpg; 7747_13.jpg; 5463_13.jpg; 5119_9.jpg; 7997_16.jpg; 3248_9.jpg
6845,"[중고] XYZ-Axis Stage (150 x 100) X,Y,X Stroke 25mm","[Used] XYZ-Axis Stage (150 x 100) X,Y,X Stroke 25mm",25mm,330000,301.45,,Precision stage,,6845_1.jpg; 6845_1.jpg; 6845_3.jpg; 6845_1.jpg; 6845_1.jpg; 6845_6.jpg; 6845_7.jpg; 5148_11.jpg; 5148_7.jpg; 7298_11.jpg; 5148_9.jpg; 5148_10.jpg; 6845_1.jpg; 6845_3.jpg; 5148_8.jpg; 7598_7.jpg; 7151_10.jpg; 7608_13.jpg; 7815_10.jpg; 5638_8.jpg; 7747_13.jpg; 5463_13.jpg; 5119_9.jpg; 7997_16.jpg
6625,[중고] HS-AI8 HANYANG SYSTEM,[Used] HS-AI8 HANYANG SYSTEM,HS-AI8,44000,40.19,,Electrical parts and other,,6625_1.jpg; 6625_1.jpg; 6625_3.jpg; 6625_1.jpg; 6625_1.jpg; 6625_6.jpg; 7354_15.jpg; 7734_20.jpg; 7354_13.jpg; 5977_15.jpg; 6627_21.jpg; 6541_10.jpg; 6541_14.jpg; 6627_16.jpg; 6541_18.jpg; 7734_9.jpg; 6627_17.jpg; 7734_18.jpg; 6627_10.jpg; 8065_24.jpg; 6625_1.jpg; 6625_3.jpg; 6627_11.jpg; 5148_8.jpg; 7598_7.jpg; 7151_10.jpg; 7608_13.jpg; 7815_10.jpg; 5638_8.jpg; 7747_13.jpg; 5463_13.jpg; 5119_9.jpg
7739,[중고] BROOKS FIXLOAD 6M Load Port,[Used] BROOKS FIXLOAD 6M Load Port,,2750000,2512.12,BROOKS,LOAD PORT,,7739_1.jpg; 7739_1.jpg; 7739_3.jpg; 7739_1.jpg; 7739_5.jpg; 7739_6.jpg; 7739_7.jpg; 7739_8.jpg; 5810_12.jpg; 5810_16.jpg; 5810_9.jpg; 5810_13.jpg; 5810_10.jpg; 7739_1.jpg; 7739_3.jpg; 5810_11.jpg; 6627_11.jpg; 5148_8.jpg; 7598_7.jpg; 7151_10.jpg; 7608_13.jpg; 7815_10.jpg; 5638_8.jpg; 7747_13.jpg; 5463_13.jpg
7962,[중고] HM20-4VKLC-GM4-150PSI HAMLET,[Used] HM20-4VKLC-GM4-150PSI HAMLET,HM20-4VKLC-GM4-150PSI,22000,20.1,,Gas valve/regulator/pressure gauge,,7962_1.jpg; 7962_1.jpg; 7962_3.jpg; 7962_1.jpg; 7962_1.jpg; 7962_6.jpg; 7960_19.jpg; 7960_15.jpg; 7960_10.jpg; 7960_13.jpg; 7960_8.jpg; 7960_7.jpg; 7960_14.jpg; 7960_9.jpg; 7960_11.jpg; 7960_12.jpg; 7962_1.jpg; 7962_3.jpg; 7960_16.jpg; 5810_11.jpg; 6627_11.jpg; 5148_8.jpg; 7598_7.jpg; 7151_10.jpg; 7608_13.jpg; 7815_10.jpg; 5638_8.jpg; 7747_13.jpg
7587,[중고] HORIBA STEC Z700 SEC-Z714MGX N2 NH3 H2 O2 Ar,[Used] HORIBA STEC Z700 SEC-Z714MGX N2 NH3 H2 O2 Ar,Z700,110000,100.48,,MFC/MFM,,7587_1.jpg; 7587_1.jpg; 7587_3.jpg; 7587_1.jpg; 7587_1.jpg; 7587_6.jpg; 7587_7.jpg; 7588_20.jpg; 7950_10.jpg; 7950_7.jpg; 7610_15.jpg; 7618_14.jpg; 7618_17.jpg; 7950_7.jpg; 7950_14.jpg; 7950_5.jpg; 7588_21.jpg; 7950_17.jpg; 7950_7.jpg; 7618_19.jpg; 7954_16.jpg; 7587_1.jpg; 7587_3.jpg; 7610_17.jpg; 7960_16.jpg; 5810_11.jpg; 6627_11.jpg; 5148_8.jpg; 7598_7.jpg; 7151_10.jpg; 7608_13.jpg; 7815_10.jpg; 5638_8.jpg
3101,[미사용] FF-12 성일 HNC 대성정밀 볼스크류고정 볼스크류서포트유니트 SUPPORTUNIT BALLSCREW 자동화부품 자동화 기계,[Unused] FF-12 Seongil HNC Daesung Precision Ball Screw Fixing Ball Screw Support Unit SUPPORTUNIT BALLSCREW Automation Parts Automation Machine,FF-12,11000,10.05,,Ball screw/spline (SPLINE),,3101_1.jpg; 3101_1.jpg; 3101_3.jpg; 3101_1.jpg; 3101_1.jpg; 3101_6.jpg; 2894_7.jpg; 2894_9.jpg; 2894_15.jpg; 2894_11.jpg; 2894_14.jpg; 2894_10.jpg; 2894_19.jpg; 2894_16.jpg; 2894_12.jpg; 2894_13.jpg; 3101_1.jpg; 3101_3.jpg; 2894_8.jpg; 7610_17.jpg; 7960_16.jpg; 5810_11.jpg; 6627_11.jpg; 5148_8.jpg; 7598_7.jpg; 7151_10.jpg; 7608_13.jpg; 7815_10.jpg
854,[중고] THK볼스크류 (1860/1620mm) 볼스크류 볼나사 Ballscrew TM스크류 베어링 삼익THK 자동화부품 조각기 3D프린터 제작부품 자작 DIY,[Used] THK Ball Screw (1860/1620mm) Ball Screw Ball Screw Ballscrew TM Screw Bearing Samick THK Automation Parts Engraver 3D Printer Manufacturing Parts DIY,1860/1620mm,198000,180.87,THK,Ball screw/spline (SPLINE),,854_1.jpg; 854_1.jpg; 854_3.jpg; 854_1.jpg; 854_1.jpg; 854_6.jpg; 854_7.jpg; 854_8.jpg; 854_9.jpg; 6012_18.jpg; 6012_23.jpg; 6012_8.jpg; 6002_10.jpg; 6012_7.jpg; 6012_11.jpg; 6012_15.jpg; 853_13.jpg; 853_22.jpg; 6012_12.jpg; 853_21.jpg; 6012_20.jpg; 6012_10.jpg; 853_26.jpg; 854_1.jpg; 854_3.jpg; 6012_19.jpg; 2894_8.jpg; 7610_17.jpg; 7960_16.jpg; 5810_11.jpg; 6627_11.jpg; 5148_8.jpg; 7598_7.jpg; 7151_10.jpg; 7608_13.jpg
7130,[중고] 16CH/480FPS D1 H.264(PCLE) V1.02,[Used] 16CH/480FPS D1 H.264(PCLE) V1.02,16CH/480FPS,220000,200.97,,Computer/Computer-related parts,,7130_1.jpg; 7130_1.jpg; 7130_3.jpg; 7130_1.jpg; 7130_1.jpg; 7130_6.jpg; 7127_20.jpg; 7127_13.jpg; 6916_13.jpg; 7214_15.jpg; 7999_18.jpg; 7509_14.jpg; 6911_16.jpg; 6916_10.jpg; 7509_10.jpg; 7999_7.jpg; 7509_9.jpg; 6911_8.jpg; 6916_7.jpg; 7214_16.jpg; 7130_1.jpg; 7130_3.jpg; 7132_13.jpg; 6632_13.jpg; 6012_19.jpg; 2894_8.jpg; 7610_17.jpg; 7960_16.jpg; 5810_11.jpg; 6627_11.jpg; 5148_8.jpg; 7598_7.jpg
5503,[중고] PITTMAN 14205C836 24VDC 500CPR DC모터,[Used] PITTMAN 14205C836 24VDC 500CPR DC motor,14205C836,110000,100.48,,AC motor/geared motor/DC motor,,5503_1.jpg; 5503_1.jpg; 5503_3.jpg; 5503_1.jpg; 5503_1.jpg; 5503_6.jpg; 5196_12.jpg; 5196_12.jpg; 5196_16.jpg; 5196_11.jpg; 5196_7.jpg; 5196_9.jpg; 5196_10.jpg; 5196_19.jpg; 5196_15.jpg; 5196_13.jpg; 5503_1.jpg; 5503_3.jpg; 5196_8.jpg; 7132_13.jpg; 6632_13.jpg; 6012_19.jpg; 2894_8.jpg; 7610_17.jpg; 7960_16.jpg; 5810_11.jpg; 6627_11.jpg; 5148_8.jpg
4530,[중고] FR-E540-5.5K (7.5마력) FREQROL-E500,[Used] FR-E540-5.5K (7.5 horsepower) FREQROL-E500,FR-E540-5.5K,297000,271.31,,INVERTER,,4530_1.jpg; 4530_1.jpg; 4530_3.jpg; 4530_1.jpg; 4530_5.jpg; 3208_18.jpg; 3208_15.jpg; 3208_14.jpg; 3208_13.jpg; 3208_11.jpg; 3208_6.jpg; 3208_7.jpg; 3208_8.jpg; 3208_10.jpg; 3208_9.jpg; 4530_1.jpg; 4530_3.jpg; 3208_12.jpg; 5196_8.jpg; 7132_13.jpg; 6632_13.jpg; 6012_19.jpg; 2894_8.jpg; 7610_17.jpg; 7960_16.jpg; 5810_11.jpg; 6627_11.jpg
7967,[중고] SGMAH-01AAA21 야스카와 서보 서보모터 AC서보모터 YASKAWA 시그마 자동화부품 조각기 3D프린터 부품 산업용 자동화설비,[Used] SGMAH-01AAA21 YASKAWA Servo Servo Motor AC Servo Motor YASKAWA Sigma Automation Parts Engraver 3D Printer Parts Industrial Automation Equipment,SGMAH-01AAA21,88000,80.39,YASKAWA,Servo motor/servo driver,,7967_1.jpg; 7967_1.jpg; 7967_3.jpg; 7967_1.jpg; 7967_1.jpg; 7967_6.jpg; 7967_7.jpg; 7731_9.jpg; 7968_9.jpg; 7733_17.jpg; 7733_23.jpg; 7733_18.jpg; 7732_16.jpg; 7616_9.jpg; 7753_22.jpg; 7732_19.jpg; 8027_25.jpg; 7733_10.jpg; 7968_13.jpg; 7733_14.jpg; 7968_20.jpg; 7967_1.jpg; 7967_3.jpg; 7968_14.jpg; 3208_12.jpg; 5196_8.jpg; 7132_13.jpg; 6632_13.jpg; 6012_19.jpg; 2894_8.jpg; 7610_17.jpg; 7960_16.jpg; 5810_11.jpg
7228,[중고] 벨트타입 엑츄에이터 스트로크 400mm + Allen-Bradley 100W 서보셋트,[Used] Belt type actuator stroke 400mm + Allen-Bradley 100W servo set,400mm,330000,301.45,,Cartesian robot/actuator,,7228_1.jpg; 7228_1.jpg; 7228_3.jpg; 7228_1.jpg; 7650_22.jpg; 7215_14.jpg; 7215_17.jpg; 5769_22.jpg; 6931_6.jpg; 7215_20.jpg; 5274_8.jpg; 7634_23.jpg; 7650_14.jpg; 7215_26.jpg; 5274_24.jpg; 5274_20.jpg; 7650_13.jpg; 7227_18.jpg; 7228_1.jpg; 7228_3.jpg; 6931_14.jpg; 7968_14.jpg; 3208_12.jpg; 5196_8.jpg; 7132_13.jpg; 6632_13.jpg; 6012_19.jpg; 2894_8.jpg; 7610_17.jpg; 7960_16.jpg
7591,[중고] BROOKS SLA7950D1EGG1A2A1 Ar MFC,[Used] BROOKS SLA7950D1EGG1A2A1 Ar MFC,SLA7950D1EGG1A2A1,55000,50.24,BROOKS,MFC/MFM,,7591_1.jpg; 7591_1.jpg; 7591_3.jpg; 7591_1.jpg; 7591_1.jpg; 7591_6.jpg; 7665_15.jpg; 7665_25.jpg; 7665_16.jpg; 7665_17.jpg; 7807_25.jpg; 7665_17.jpg; 7665_23.jpg; 7665_22.jpg; 7665_18.jpg; 7665_13.jpg; 7665_18.jpg; 7665_17.jpg; 7969_14.jpg; 7665_23.jpg; 7591_1.jpg; 7591_3.jpg; 7665_19.jpg; 6931_14.jpg; 7968_14.jpg; 3208_12.jpg; 5196_8.jpg; 7132_13.jpg; 6632_13.jpg; 6012_19.jpg; 2894_8.jpg; 7610_17.jpg
5786,[중고] CIMR-V7BC24P0 (5마력) 인버터 야스카와인버터 INVERTER,[Used] CIMR-V7BC24P0 (5 horsepower) inverter Yaskawa inverter INVERTER,CIMR-V7BC24P0,187000,170.82,,INVERTER,,5786_1.jpg; 5786_1.jpg; 5786_3.jpg; 5786_1.jpg; 5786_1.jpg; 5786_6.jpg; 5056_13.jpg; 5056_8.jpg; 4049_14.jpg; 4049_7.jpg; 5786_1.jpg; 5786_3.jpg; 5056_7.jpg; 6931_14.jpg; 7968_14.jpg; 3208_12.jpg; 5196_8.jpg; 7132_13.jpg; 6632_13.jpg; 6012_19.jpg; 2894_8.jpg; 7610_17.jpg
7965,[중고] FUSDM-21M-6.35UGC FUJIKIN DIAPHRAGM MEGA-M IGS 28.5*28.5mm 2Port Metering Valves,[Used] FUSDM-21M-6.35UGC FUJIKIN DIAPHRAGM MEGA-M IGS 28.5*28.5mm 2Port Metering Valves,FUSDM-21M-6.35UGC,22000,20.1,,Gas valve/regulator/pressure gauge,,7965_1.jpg; 7965_1.jpg; 7965_3.jpg; 7965_1.jpg; 7965_1.jpg; 7965_6.jpg; 7775_15.jpg; 7760_24.jpg; 7775_22.jpg; 7775_26.jpg; 7775_17.jpg; 7965_12.jpg; 7965_13.jpg; 7965_14.jpg; 7775_23.jpg; 7965_16.jpg; 7775_21.jpg; 7965_18.jpg; 7775_27.jpg; 7965_20.jpg; 7965_1.jpg; 7965_3.jpg; 7775_14.jpg; 6931_14.jpg; 7968_14.jpg; 3208_12.jpg; 5196_8.jpg; 7132_13.jpg; 6632_13.jpg; 6012_19.jpg; 2894_8.jpg; 7610_17.jpg
8041,[중고] EDWARDS STP-iXA3305CPV Turbomolecular Pump Turbo 터보펌프,[Used] EDWARDS STP-iXA3305CPV Turbomolecular Pump Turbo Turbo Pump,STP-iXA3305CPV,11000000,10048.5,EDWARDS,vacuum pump,,8041_1.jpg; 8041_1.jpg; 8041_3.jpg; 8041_1.jpg; 8041_5.jpg; 8041_6.jpg; 8041_7.jpg; 8041_8.jpg; 8041_9.jpg; 8041_1.jpg; 6447_13.jpg; 6447_7.jpg; 7674_25.jpg; 6447_11.jpg; 6447_6.jpg; 6447_9.jpg; 6447_10.jpg; 6447_12.jpg; 8041_1.jpg; 8041_3.jpg; 6447_8.jpg; 7775_14.jpg; 6931_14.jpg; 7968_14.jpg; 3208_12.jpg; 5196_8.jpg; 7132_13.jpg; 6632_13.jpg; 6012_19.jpg; 2894_8.jpg
7771,MKS 122B-11993 100Torr,MKS 122B-11993 100Torr,122B-11993,660000,602.91,MKS,vacuum gauge,,7771_1.jpg; 7771_1.jpg; 7771_3.jpg; 7771_1.jpg; 7771_1.jpg; 7771_6.jpg; 7771_7.jpg; 7771_8.jpg; 7771_9.jpg; 7771_10.jpg; 7142_20.jpg; 7561_11.jpg; 7332_17.jpg; 7561_15.jpg; 7465_11.jpg; 7561_14.jpg; 7465_9.jpg; 7332_13.jpg; 7561_23.jpg; 7561_9.jpg; 7465_17.jpg; 7561_20.jpg; 7561_16.jpg; 7818_21.jpg; 7771_1.jpg; 7771_3.jpg; 7561_12.jpg; 7775_14.jpg; 6931_14.jpg; 7968_14.jpg; 3208_12.jpg; 5196_8.jpg; 7132_13.jpg; 6632_13.jpg; 6012_19.jpg; 2894_8.jpg
6803,[중고] SCTF-DL3 SEBA 디지털 인디케이터 인디케이터 indicator,[Used] SCTF-DL3 SEBA digital indicator indicator indicator,SCTF-DL3,33000,30.15,,Temperature controller/indicator,,6803_1.jpg; 6803_1.jpg; 6803_3.jpg; 6803_1.jpg; 6803_1.jpg; 6803_6.jpg; 5694_16.jpg; 7407_8.jpg; 7366_13.jpg; 7366_23.jpg; 5694_14.jpg; 5599_21.jpg; 7489_18.jpg; 7489_13.jpg; 7236_9.jpg; 5694_17.jpg; 7366_18.jpg; 5599_17.jpg; 7715_17.jpg; 7668_21.jpg; 6803_1.jpg; 6803_3.jpg; 7236_13.jpg; 7561_12.jpg; 7775_14.jpg; 6931_14.jpg; 7968_14.jpg; 3208_12.jpg; 5196_8.jpg; 7132_13.jpg; 6632_13.jpg; 6012_19.jpg
7513,[중고] GINGA++M2,[Used] GINGA++M2,GINGA++M2,99000,90.44,,Computer/Computer-related parts,,7513_1.jpg; 7513_1.jpg; 7513_3.jpg; 7513_1.jpg; 7513_1.jpg; 7513_6.jpg; 6911_8.jpg; 7214_10.jpg; 7127_10.jpg; 7509_7.jpg; 7509_11.jpg; 7127_16.jpg; 7999_23.jpg; 7999_13.jpg; 6914_23.jpg; 6916_23.jpg; 7293_9.jpg; 7129_7.jpg; 6916_7.jpg; 6916_12.jpg; 7513_1.jpg; 7513_3.jpg; 7510_15.jpg; 7465_20.jpg; 7236_13.jpg; 7561_12.jpg; 7775_14.jpg; 6931_14.jpg; 7968_14.jpg; 3208_12.jpg; 5196_8.jpg; 7132_13.jpg
7824,[중고] DENSO MQMA012T3V2,[Used] DENSO MQMA012T3V2,MQMA012T3V2,220000,200.97,,Servo motor/servo driver,,7824_1.jpg; 7824_1.jpg; 7824_3.jpg; 7824_1.jpg; 7824_1.jpg; 7824_6.jpg; 7824_7.jpg; 7824_8.jpg; 7824_9.jpg; 7824_1.jpg; 7824_3.jpg; 7824_12.jpg; 7465_20.jpg; 7236_13.jpg; 7561_12.jpg; 7775_14.jpg; 6931_14.jpg; 7968_14.jpg; 3208_12.jpg; 5196_8.jpg; 7132_13.jpg
7524,[중고 MKN-94 (30A),[Used MKN-94 (30A),MKN-94,19800,18.09,,Electrical parts and other,,7524_1.jpg; 7524_1.jpg; 7524_3.jpg; 7524_1.jpg; 7524_1.jpg; 7524_6.jpg; 7524_7.jpg; 7589_21.jpg; 6947_7.jpg; 7524_10.jpg; 7524_11.jpg; 7524_12.jpg; 7524_13.jpg; 6947_14.jpg; 7525_15.jpg; 7589_13.jpg; 5961_7.jpg; 7524_18.jpg; 7524_19.jpg; 7525_21.jpg; 7525_14.jpg; 7524_1.jpg; 7524_3.jpg; 7524_24.jpg; 7824_12.jpg; 7465_20.jpg; 7236_13.jpg; 7561_12.jpg; 7775_14.jpg; 6931_14.jpg; 7968_14.jpg; 3208_12.jpg; 5196_8.jpg
7512,[중고] PCI-1723 Rev.A1,[Used] PCI-1723 Rev.A1,PCI-1723,99000,90.44,,Computer/Computer-related parts,,7512_1.jpg; 7512_1.jpg; 7512_3.jpg; 7512_1.jpg; 7512_1.jpg; 7512_6.jpg; 6916_20.jpg; 7537_21.jpg; 7127_10.jpg; 7999_13.jpg; 6911_21.jpg; 7999_7.jpg; 6823_12.jpg; 6914_23.jpg; 7509_7.jpg; 7509_14.jpg; 7938_13.jpg; 7127_16.jpg; 7293_18.jpg; 6911_16.jpg; 7512_1.jpg; 7512_3.jpg; 7129_8.jpg; 7524_24.jpg; 7824_12.jpg; 7465_20.jpg; 7236_13.jpg; 7561_12.jpg; 7775_14.jpg; 6931_14.jpg; 7968_14.jpg; 3208_12.jpg
7776,[중고] 275Mini-Convectron 275410-2-GR-T 2755529-EU,[Used] 275Mini-Convectron 275410-2-GR-T 2755529-EU,275Mini-Convectron,165000,150.73,,vacuum gauge,,7776_1.jpg; 7776_1.jpg; 7776_3.jpg; 7776_1.jpg; 7776_1.jpg; 7776_6.jpg; 7776_7.jpg; 7776_8.jpg; 7776_9.jpg; 8073_14.jpg; 8073_17.jpg; 7496_13.jpg; 7498_17.jpg; 8073_11.jpg; 8073_7.jpg; 8073_8.jpg; 8073_13.jpg; 7498_14.jpg; 7496_23.jpg; 8073_8.jpg; 8073_19.jpg; 7498_11.jpg; 8073_10.jpg; 7776_1.jpg; 7776_3.jpg; 8073_20.jpg; 7129_8.jpg; 7524_24.jpg; 7824_12.jpg; 7465_20.jpg; 7236_13.jpg; 7561_12.jpg; 7775_14.jpg; 6931_14.jpg; 7968_14.jpg
5087,"[중고] NSK 1축 엑츄에이터 스트로크 2,100mm 자작/DIY CNC부품, 3D프린터 제작","[Used] NSK 1-axis actuator stroke 2,100mm Do-it-yourself/DIY CNC parts, 3D printer production","2,100mm",1650000,1507.27,THK,Cartesian robot/actuator,,5087_1.jpg; 5087_1.jpg; 5087_3.jpg; 5087_1.jpg; 5087_5.jpg; 7650_24.jpg; 7650_13.jpg; 5404_13.jpg; 7215_22.jpg; 7650_22.jpg; 7215_27.jpg; 7227_18.jpg; 5274_8.jpg; 7215_19.jpg; 7215_18.jpg; 6931_14.jpg; 7215_15.jpg; 7215_17.jpg; 7650_23.jpg; 5087_1.jpg; 5087_3.jpg; 5274_20.jpg; 8073_20.jpg; 7129_8.jpg; 7524_24.jpg; 7824_12.jpg; 7465_20.jpg; 7236_13.jpg; 7561_12.jpg; 7775_14.jpg; 6931_14.jpg
6006,[중고] KSS (93/28mm) 볼스크류 볼나사 Ballscrew TM스크류 베어링 삼익THK 자동화부품 조각기 3D프린터 제작부품 자작 DIY,[Used] KSS (93/28mm) Ball Screw Ball Screw Ballscrew TM Screw Bearing Samik THK Automation Parts Engraver 3D Printer Manufacturing Parts DIY,93/28mm,11000,10.05,THK,Ball screw/spline (SPLINE),,6006_1.jpg; 6006_1.jpg; 6006_3.jpg; 6006_1.jpg; 6006_1.jpg; 6008_6.jpg; 6012_13.jpg; 853_13.jpg; 6012_19.jpg; 6002_17.jpg; 6012_14.jpg; 6012_12.jpg; 6012_11.jpg; 6002_10.jpg; 6008_23.jpg; 853_26.jpg; 6012_17.jpg; 6012_8.jpg; 853_21.jpg; 6012_18.jpg; 6006_1.jpg; 6006_3.jpg; 6012_9.jpg; 5274_20.jpg; 8073_20.jpg; 7129_8.jpg; 7524_24.jpg; 7824_12.jpg; 7465_20.jpg; 7236_13.jpg; 7561_12.jpg; 7775_14.jpg
5988,[미사용] PSN30-15AO 오토닉스 PROXIMITY 센서,[Unused] PSN30-15AO Autonics PROXIMITY sensor,PSN30-15AO,11000,10.05,,Sensors / various cables,,5988_1.jpg; 5988_1.jpg; 5988_3.jpg; 5988_1.jpg; 5988_1.jpg; 5609_13.jpg; 5991_15.jpg; 5163_17.jpg; 8036_23.jpg; 5983_13.jpg; 5609_12.jpg; 8022_9.jpg; 5987_16.jpg; 5115_20.jpg; 5163_23.jpg; 5609_20.jpg; 5163_14.jpg; 5609_19.jpg; 5609_10.jpg; 5988_1.jpg; 5988_3.jpg; 5161_14.jpg; 6012_9.jpg; 5274_20.jpg; 8073_20.jpg; 7129_8.jpg; 7524_24.jpg; 7824_12.jpg; 7465_20.jpg; 7236_13.jpg; 7561_12.jpg
7742,[중고] ULVAC MBX-1305A RF MATCHING BOX,[Used] ULVAC MBX-1305A RF MATCHING BOX,MBX-1305A,2200000,2009.7,,RF/DC/MATCH,,7742_1.jpg; 7742_1.jpg; 7742_3.jpg; 7742_1.jpg; 7742_1.jpg; 7742_6.jpg; 7742_7.jpg; 7742_8.jpg; 6594_16.jpg; 6594_18.jpg; 6512_15.jpg; 6594_24.jpg; 6594_21.jpg; 6503_16.jpg; 6594_8.jpg; 6503_14.jpg; 6594_10.jpg; 6512_14.jpg; 6594_9.jpg; 6503_18.jpg; 6594_13.jpg; 6594_11.jpg; 7742_1.jpg; 7742_3.jpg; 6512_22.jpg; 5161_14.jpg; 6012_9.jpg; 5274_20.jpg; 8073_20.jpg; 7129_8.jpg; 7524_24.jpg; 7824_12.jpg; 7465_20.jpg; 7236_13.jpg
7740,[중고] SEREN HR601 600W 12.88-14.23MHz RF Generator,[Used] SEREN HR601 600W 12.88-14.23MHz RF Generator,HR601,2200000,2009.7,,RF/DC/MATCH,,7740_1.jpg; 7740_1.jpg; 7740_3.jpg; 7740_1.jpg; 7740_1.jpg; 7740_6.jpg; 6942_12.jpg; 7745_8.jpg; 7741_13.jpg; 7741_21.jpg; 6593_18.jpg; 6593_21.jpg; 7741_16.jpg; 6942_8.jpg; 7741_9.jpg; 6593_13.jpg; 6593_20.jpg; 7745_20.jpg; 6593_10.jpg; 6942_15.jpg; 7740_1.jpg; 7740_3.jpg; 6593_17.jpg; 5161_14.jpg; 6012_9.jpg; 5274_20.jpg; 8073_20.jpg; 7129_8.jpg; 7524_24.jpg; 7824_12.jpg; 7465_20.jpg; 7236_13.jpg
4973,[중고] SONY XC-55,[Used] SONY XC-55,XC-55,77000,70.34,,Industrial Cameras/Lens/Lighting,,4973_1.jpg; 4973_1.jpg; 4973_3.jpg; 4973_1.jpg; 4973_1.jpg; 4973_6.jpg; 5463_16.jpg; 5131_19.jpg; 5131_22.jpg; 4596_6.jpg; 5131_14.jpg; 5131_16.jpg; 4596_14.jpg; 5463_21.jpg; 5463_14.jpg; 5131_17.jpg; 5131_13.jpg; 5131_18.jpg; 5131_15.jpg; 4594_13.jpg; 4973_1.jpg; 4973_3.jpg; 4594_12.jpg; 5161_14.jpg; 6012_9.jpg; 5274_20.jpg; 8073_20.jpg; 7129_8.jpg; 7524_24.jpg; 7824_12.jpg; 7465_20.jpg; 7236_13.jpg
5075,[중고] RORZE TYPE:RV201-F05-009-2 N2 PURGE LOAD PORT FOUP OPENER 300mm wafer 12inch,[Used] RORZE TYPE:RV201-F05-009-2 N2 PURGE LOAD PORT FOUP OPENER 300mm wafer 12inch,TYPE:RV201-F05-009-2,2200000,2009.7,RORZE,LOAD PORT,,5075_1.jpg; 5075_1.jpg; 5075_3.jpg; 5075_1.jpg; 5075_5.jpg; 7714_11.jpg; 7803_15.jpg; 7714_13.jpg; 7714_12.jpg; 7714_9.jpg; 5075_1.jpg; 5075_3.jpg; 7714_10.jpg; 6593_17.jpg; 5161_14.jpg; 6012_9.jpg; 5274_20.jpg; 8073_20.jpg; 7129_8.jpg; 7524_24.jpg; 7824_12.jpg; 7465_20.jpg
4994,[중고] RA310-C12-201 RORZE Aligner,[Used] RA310-C12-201 RORZE Aligner,RA310-C12-201,1650000,1507.27,RORZE,Cartesian robot/actuator,,4994_1.jpg; 4994_1.jpg; 4994_3.jpg; 4994_1.jpg; 4994_1.jpg; 4994_6.jpg; 4994_7.jpg; 4994_8.jpg; 5729_21.jpg; 5729_14.jpg; 5729_11.jpg; 5729_17.jpg; 5729_15.jpg; 5729_8.jpg; 5731_12.jpg; 7440_23.jpg; 5729_13.jpg; 5729_19.jpg; 7440_20.jpg; 5729_9.jpg; 5729_10.jpg; 5729_16.jpg; 4994_1.jpg; 4994_3.jpg; 5729_12.jpg; 7714_10.jpg; 6593_17.jpg; 5161_14.jpg; 6012_9.jpg; 5274_20.jpg; 8073_20.jpg; 7129_8.jpg; 7524_24.jpg; 7824_12.jpg
7637,[중고] HF-KP43B 미쓰비시 Mitsubishi 서보 400W 서보모터 AC서보모터 SERVO MOTOR SERVOMOTOR 자동화 산업용 자동화부품 3D프린터 부품 공장자동화 조각기부품,[Used] HF-KP43B Mitsubishi Servo 400W Servo Motor AC Servo Motor SERVO MOTOR SERVOMOTOR Automation Industrial Automation Parts 3D Printer Parts Factory Automation Engraver Parts,HF-KP43B,242000,221.07,,Servo motor/servo driver,,7637_1.jpg; 7637_1.jpg; 7637_3.jpg; 7637_1.jpg; 7637_1.jpg; 7637_6.jpg; 7637_7.jpg; 7708_20.jpg; 7637_9.jpg; 7637_10.jpg; 7637_11.jpg; 7708_15.jpg; 7708_12.jpg; 7637_14.jpg; 7637_15.jpg; 7708_17.jpg; 7637_17.jpg; 7637_18.jpg; 7637_19.jpg; 7637_20.jpg; 7708_21.jpg; 7637_1.jpg; 7637_3.jpg; 7637_24.jpg; 7714_10.jpg; 6593_17.jpg; 5161_14.jpg; 6012_9.jpg; 5274_20.jpg; 8073_20.jpg; 7129_8.jpg; 7524_24.jpg; 7824_12.jpg
7725,[중고] MKS 153F-24208 Circular gate valve,[Used] MKS 153F-24208 Circular gate valve,153F-24208,1100000,1004.85,MKS,vacuum valve,,7725_1.jpg; 7725_1.jpg; 7725_3.jpg; 7725_1.jpg; 7725_1.jpg; 7725_6.jpg; 7725_7.jpg; 7725_8.jpg; 7725_9.jpg; 7586_11.jpg; 7586_18.jpg; 7586_15.jpg; 7586_13.jpg; 7586_12.jpg; 7586_10.jpg; 7586_14.jpg; 7725_1.jpg; 7725_3.jpg; 7586_9.jpg; 7714_10.jpg; 6593_17.jpg; 5161_14.jpg; 6012_9.jpg; 5274_20.jpg; 8073_20.jpg; 7129_8.jpg; 7524_24.jpg; 7824_12.jpg
7779,[중고] ST-7111 CREVIS DeviceNet,[Used] ST-7111 CREVIS DeviceNet,ST-7111,44000,40.19,BROOKS,communication module,,7779_1.jpg; 7779_1.jpg; 7779_3.jpg; 7779_1.jpg; 7779_1.jpg; 7779_6.jpg; 7914_20.jpg; 7918_20.jpg; 7916_20.jpg; 7821_23.jpg; 7917_7.jpg; 7918_13.jpg; 7821_9.jpg; 7605_18.jpg; 8065_20.jpg; 7821_18.jpg; 7419_11.jpg; 7914_7.jpg; 8060_10.jpg; 7801_9.jpg; 7779_1.jpg; 7779_3.jpg; 8060_12.jpg; 7586_9.jpg; 7714_10.jpg; 6593_17.jpg; 5161_14.jpg; 6012_9.jpg; 5274_20.jpg; 8073_20.jpg; 7129_8.jpg; 7524_24.jpg
5952,[중고] MA901 8FK09-VV-4*ABN-N5/N/Y 온도콘트롤러 온도컨트롤러 디지털 인디케이터 인디케이터 indicator,[Used] MA901 8FK09-VV-4*ABN-N5/N/Y temperature controller temperature controller digital indicator indicator indicator,MA901,110000,100.48,,Temperature controller/indicator,,5952_1.jpg; 5952_1.jpg; 5952_3.jpg; 5952_1.jpg; 5952_1.jpg; 5952_6.jpg; 5694_7.jpg; 7236_16.jpg; 7026_15.jpg; 7715_19.jpg; 7366_8.jpg; 7348_12.jpg; 7474_18.jpg; 6804_12.jpg; 7489_18.jpg; 7348_19.jpg; 7236_17.jpg; 7474_15.jpg; 7554_13.jpg; 8025_13.jpg; 5952_1.jpg; 5952_3.jpg; 7407_15.jpg; 8060_12.jpg; 7586_9.jpg; 7714_10.jpg; 6593_17.jpg; 5161_14.jpg; 6012_9.jpg; 5274_20.jpg; 8073_20.jpg; 7129_8.jpg
6876,[중고] RORZE RV201-F05-009-2 LOAD PORT  FOUP OPENER 300mm wafer 12inch,[Used] RORZE RV201-F05-009-2 LOAD PORT FOUP OPENER 300mm wafer 12inch,RV201-F05-009-2,2200000,2009.7,RORZE,LOAD PORT,,6876_1.jpg; 6876_1.jpg; 6876_3.jpg; 6876_1.jpg; 6876_1.jpg; 6876_6.jpg; 6876_7.jpg; 6876_8.jpg; 6876_9.jpg; 7714_13.jpg; 7714_9.jpg; 7803_15.jpg; 7714_10.jpg; 7714_11.jpg; 6876_1.jpg; 6876_3.jpg; 7714_12.jpg; 8060_12.jpg; 7586_9.jpg; 7714_10.jpg; 6593_17.jpg; 5161_14.jpg; 6012_9.jpg; 5274_20.jpg; 8073_20.jpg; 7129_8.jpg
6468,[중고] TORAY OXYGEN ANALYZER LC-800,[Used] TORAY OXYGEN ANALYZER LC-800,LC-800,330000,301.45,,Controller/Other,,6468_1.jpg; 6468_1.jpg; 6468_3.jpg; 6468_1.jpg; 6468_1.jpg; 6468_6.jpg; 6468_7.jpg; 6468_8.jpg; 8052_16.jpg; 8052_8.jpg; 8052_9.jpg; 8052_19.jpg; 8052_13.jpg; 8052_11.jpg; 8052_12.jpg; 8052_20.jpg; 8052_14.jpg; 8052_10.jpg; 8052_18.jpg; 5463_25.jpg; 8052_15.jpg; 6468_1.jpg; 6468_3.jpg; 8052_17.jpg; 7407_15.jpg; 8060_12.jpg; 7586_9.jpg; 7714_10.jpg; 6593_17.jpg; 5161_14.jpg; 6012_9.jpg; 5274_20.jpg; 8073_20.jpg
5500,[중고] ATG PGX120-H-3 (3:1) LIMING ATG 서보모터 감속기,[Used] ATG PGX120-H-3 (3:1) LIMING ATG servo motor reducer,PGX120-H-3,275000,251.21,,Reducer/Index/Coupling,,5500_1.jpg; 5500_1.jpg; 5500_3.jpg; 5500_1.jpg; 6990_5.jpg; 5500_1.jpg; 5500_7.jpg; 7649_15.jpg; 7649_16.jpg; 7649_11.jpg; 7649_10.jpg; 7649_17.jpg; 7649_12.jpg; 7649_14.jpg; 7649_22.jpg; 7649_8.jpg; 7649_18.jpg; 7649_13.jpg; 7649_9.jpg; 5500_1.jpg; 5500_3.jpg; 7649_19.jpg; 8052_17.jpg; 7407_15.jpg; 8060_12.jpg; 7586_9.jpg; 7714_10.jpg; 6593_17.jpg; 5161_14.jpg; 6012_9.jpg; 5274_20.jpg
2139,[중고] 912-7125,[Used] 912-7125,,2200000,2009.7,,vacuum pump,,2139_1.jpg; 2139_1.jpg; 2139_3.jpg; 2139_1.jpg; 2139_1.jpg; 2139_6.jpg; 2139_7.jpg; 2138_12.jpg; 2138_8.jpg; 2139_1.jpg; 2139_3.jpg; 2138_9.jpg; 7649_19.jpg; 8052_17.jpg; 7407_15.jpg; 8060_12.jpg; 7586_9.jpg; 7714_10.jpg; 6593_17.jpg; 5161_14.jpg; 6012_9.jpg
5964,[중고] SR20V (길이300mm/블럭2개) LM가이드 엘엠가이드 LM GUIDE THK IKO NSK 자동화부품 정밀부품 조각기 3D프린터 제작부품 삼익THK 베어링,[Used] SR20V (length 300mm/2 blocks) LM Guide LM Guide LM GUIDE THK IKO NSK Automation Parts Precision Parts Engraver 3D Printer Manufacturing Parts Samik THK Bearing,SR20V,33000,30.15,THK,LM GUIDE / BUSHING,,5964_1.jpg; 5964_1.jpg; 5964_3.jpg; 5964_1.jpg; 5964_1.jpg; 5964_6.jpg; 5964_7.jpg; 5964_8.jpg; 5964_9.jpg; 5964_10.jpg; 5964_11.jpg; 5964_12.jpg; 5964_13.jpg; 5964_14.jpg; 5964_15.jpg; 5964_16.jpg; 5964_17.jpg; 5964_18.jpg; 5964_19.jpg; 5964_20.jpg; 5964_1.jpg; 5964_3.jpg; 5964_23.jpg; 2138_9.jpg; 7649_19.jpg; 8052_17.jpg; 7407_15.jpg; 8060_12.jpg; 7586_9.jpg; 7714_10.jpg; 6593_17.jpg; 5161_14.jpg
3496,[중고] B23-80C SURUGA SEIKI XY Stage,[Used] B23-80C SURUGA SEIKI XY Stage,B23-80C,143000,130.63,,Precision stage,,3496_1.jpg; 3496_1.jpg; 3496_3.jpg; 3496_1.jpg; 3496_5.jpg; 4875_8.jpg; 4875_13.jpg; 4875_7.jpg; 4875_6.jpg; 4875_10.jpg; 3496_1.jpg; 3496_3.jpg; 4875_9.jpg; 5964_23.jpg; 2138_9.jpg; 7649_19.jpg; 8052_17.jpg; 7407_15.jpg; 8060_12.jpg; 7586_9.jpg; 7714_10.jpg; 6593_17.jpg
7604,[중고] ST-3428 CREVIS DeviceNet,[Used] ST-3428 CREVIS DeviceNet,ST-3428,44000,40.19,OMRON,communication module,,7604_1.jpg; 7604_1.jpg; 7604_3.jpg; 7604_1.jpg; 7604_1.jpg; 7604_6.jpg; 7914_11.jpg; 7916_14.jpg; 8060_14.jpg; 7376_18.jpg; 8065_23.jpg; 7916_18.jpg; 7914_12.jpg; 7801_10.jpg; 7918_11.jpg; 7918_10.jpg; 7918_19.jpg; 7605_18.jpg; 7801_16.jpg; 7918_13.jpg; 7604_1.jpg; 7604_3.jpg; 8065_18.jpg; 4875_9.jpg; 5964_23.jpg; 2138_9.jpg; 7649_19.jpg; 8052_17.jpg; 7407_15.jpg; 8060_12.jpg; 7586_9.jpg; 7714_10.jpg
7584,[중고] HORIBA STEC SEC-E80 Series SEC-E80 N2 500SLM MFC,[Used] HORIBA STEC SEC-E80 Series SEC-E80 N2 500SLM MFC,SEC-E80,330000,301.45,,MFC/MFM,,7584_1.jpg; 7584_1.jpg; 7584_3.jpg; 7584_1.jpg; 7584_5.jpg; 7584_1.jpg; 7584_7.jpg; 7608_7.jpg; 7584_9.jpg; 7609_9.jpg; 7611_19.jpg; 7584_12.jpg; 7619_20.jpg; 7608_18.jpg; 7609_18.jpg; 7619_15.jpg; 7619_11.jpg; 7611_12.jpg; 7619_17.jpg; 7619_14.jpg; 7611_15.jpg; 7584_1.jpg; 7584_3.jpg; 7584_24.jpg; 8065_18.jpg; 4875_9.jpg; 5964_23.jpg; 2138_9.jpg; 7649_19.jpg; 8052_17.jpg; 7407_15.jpg; 8060_12.jpg; 7586_9.jpg
7966,"[중고] ATG PGL42-20 (20:1), 서보모터용 감속기, 50,100W","[Used] ATG PGL42-20 (20:1), reducer for servo motor, 50,100W",PGL42-20,88000,80.39,,Reducer/Index/Coupling,,7966_1.jpg; 7966_1.jpg; 7966_3.jpg; 7966_1.jpg; 7966_1.jpg; 7966_6.jpg; 7966_7.jpg; 7966_8.jpg; 7627_14.jpg; 7617_21.jpg; 7627_17.jpg; 7627_21.jpg; 7617_10.jpg; 7617_17.jpg; 7627_15.jpg; 7617_18.jpg; 7617_13.jpg; 6994_22.jpg; 7627_18.jpg; 7627_19.jpg; 7617_11.jpg; 7617_19.jpg; 7966_1.jpg; 7966_3.jpg; 7627_10.jpg; 8065_18.jpg; 4875_9.jpg; 5964_23.jpg; 2138_9.jpg; 7649_19.jpg; 8052_17.jpg; 7407_15.jpg; 8060_12.jpg; 7586_9.jpg
7633,[중고] SUNX 압력게이지 DP2-20 DP-100,[Used] SUNX pressure gauge DP2-20 DP-100,DP2-20,11000,10.05,,Pneumatic parts (PNEUMATIC),,7633_1.jpg; 7633_1.jpg; 7633_3.jpg; 7633_1.jpg; 7633_1.jpg; 7633_6.jpg; 7757_21.jpg; 7757_9.jpg; 7573_9.jpg; 7757_25.jpg; 7573_17.jpg; 7757_19.jpg; 7573_14.jpg; 7573_12.jpg; 7757_20.jpg; 7573_10.jpg; 7757_14.jpg; 7757_16.jpg; 7633_19.jpg; 7757_17.jpg; 7633_1.jpg; 7633_3.jpg; 7757_11.jpg; 8065_18.jpg; 4875_9.jpg; 5964_23.jpg; 2138_9.jpg; 7649_19.jpg; 8052_17.jpg; 7407_15.jpg; 8060_12.jpg; 7586_9.jpg
7436,[중고] AJ65SBTB3-16D 미쓰비시 CC-Link 입.출력모듈 미쯔비시 씨씨링크 피엘씨 PLC I/O모듈 자동화부품 공장자동화,[Used] AJ65SBTB3-16D Mitsubishi CC-Link input/output module Mitsubishi CC-Link PLC PLC I/O module automation parts factory automation,AJ65SBTB3-16D,33000,30.15,,PLC,,7436_1.jpg; 7436_1.jpg; 7436_3.jpg; 7436_1.jpg; 7436_1.jpg; 7436_6.jpg; 7436_7.jpg; 7436_8.jpg; 7437_19.jpg; 7437_20.jpg; 7436_11.jpg; 7437_18.jpg; 7436_13.jpg; 7436_14.jpg; 7436_15.jpg; 7437_23.jpg; 7437_16.jpg; 7436_18.jpg; 7436_19.jpg; 7436_20.jpg; 7436_1.jpg; 7436_3.jpg; 7437_10.jpg; 8065_18.jpg; 4875_9.jpg; 5964_23.jpg; 2138_9.jpg; 7649_19.jpg; 8052_17.jpg; 7407_15.jpg; 8060_12.jpg; 7586_9.jpg
7872,[중고] TYPE 103H548-0410,[Used] TYPE 103H548-0410,103H548-0410,11000,10.05,,Stepping motor/driver/BLDC,,7872_1.jpg; 7872_1.jpg; 7872_3.jpg; 7872_1.jpg; 7872_1.jpg; 7872_6.jpg; 7875_11.jpg; 7875_14.jpg; 7875_22.jpg; 7875_13.jpg; 7875_12.jpg; 7875_17.jpg; 7875_19.jpg; 7875_16.jpg; 7875_18.jpg; 7872_1.jpg; 7872_3.jpg; 7875_15.jpg; 7627_10.jpg; 8065_18.jpg; 4875_9.jpg; 5964_23.jpg; 2138_9.jpg; 7649_19.jpg; 8052_17.jpg; 7407_15.jpg; 8060_12.jpg
7719,[중고] DRT1-COM OMRON,[Used] DRT1-COM OMRON,DRT1-COM,33000,30.15,OMRON,communication module,,7719_1.jpg; 7719_1.jpg; 7719_3.jpg; 7719_1.jpg; 7719_1.jpg; 7719_6.jpg; 7918_14.jpg; 7456_18.jpg; 7376_14.jpg; 7375_19.jpg; 7719_11.jpg; 7918_7.jpg; 8060_11.jpg; 8060_9.jpg; 7376_11.jpg; 8065_17.jpg; 7674_24.jpg; 7821_10.jpg; 7914_20.jpg; 7801_10.jpg; 7719_1.jpg; 7719_3.jpg; 8060_14.jpg; 7627_10.jpg; 8065_18.jpg; 4875_9.jpg; 5964_23.jpg; 2138_9.jpg; 7649_19.jpg; 8052_17.jpg; 7407_15.jpg; 8060_12.jpg
5989,[미사용] BEN3M-PDT 오토닉스 PHOTO센서,[Unused] BEN3M-PDT Autonics PHOTO sensor,BEN3M-PDT,30000,27.41,OMRON,Sensors / various cables,,5989_1.jpg; 5989_1.jpg; 5989_3.jpg; 5989_1.jpg; 5989_1.jpg; 5609_15.jpg; 5287_12.jpg; 5163_23.jpg; 5991_22.jpg; 5186_11.jpg; 5991_18.jpg; 5161_22.jpg; 5115_20.jpg; 5159_14.jpg; 8022_9.jpg; 5609_9.jpg; 8036_23.jpg; 5991_11.jpg; 5983_13.jpg; 5989_1.jpg; 5989_3.jpg; 5987_16.jpg; 8060_14.jpg; 7627_10.jpg; 8065_18.jpg; 4875_9.jpg; 5964_23.jpg; 2138_9.jpg; 7649_19.jpg; 8052_17.jpg; 7407_15.jpg
7993,[중고] NJ501-1340 CPU UNIT,[Used] NJ501-1340 CPU UNIT,NJ501-1340,220000,200.97,OMRON,PLC,,7993_1.jpg; 7993_1.jpg; 7993_3.jpg; 7993_1.jpg; 7993_1.jpg; 7993_6.jpg; 7994_10.jpg; 7993_1.jpg; 7993_3.jpg; 7994_7.jpg; 5987_16.jpg; 8060_14.jpg; 7627_10.jpg; 8065_18.jpg; 4875_9.jpg; 5964_23.jpg; 2138_9.jpg; 7649_19.jpg; 8052_17.jpg
7752,[중고] NIKKI DENSO NA80-40BDMKN RB7-ND250-NA80-40,[Used] NIKKI DENSO NA80-40BDMKN RB7-ND250-NA80-40,NA80-40BDMKN,220000,200.97,,Servo motor/servo driver,,7752_1.jpg; 7752_1.jpg; 7752_3.jpg; 7752_1.jpg; 7752_1.jpg; 7752_6.jpg; 7824_12.jpg; 7824_8.jpg; 7752_1.jpg; 7752_3.jpg; 7824_9.jpg; 7994_7.jpg; 5987_16.jpg; 8060_14.jpg; 7627_10.jpg; 8065_18.jpg; 4875_9.jpg; 5964_23.jpg; 2138_9.jpg; 7649_19.jpg
5844,[중고] PCT MEGASONIC HYPERCLEAN 초음파 제너레이터,[Used] PCT MEGASONIC HYPERCLEAN ultrasonic generator,,330000,301.45,,ultrasonic generator,,5844_1.jpg; 5844_1.jpg; 5844_3.jpg; 5844_1.jpg; 5844_1.jpg; 5839_8.jpg; 5839_9.jpg; 5839_12.jpg; 5844_1.jpg; 5844_3.jpg; 5839_7.jpg; 7824_9.jpg; 7994_7.jpg; 5987_16.jpg; 8060_14.jpg; 7627_10.jpg; 8065_18.jpg; 4875_9.jpg; 5964_23.jpg; 2138_9.jpg
7671,[중고] GT01 AIGT0030B1,[Used] GT01 AIGT0030B1,GT01,77000,70.34,,touch screen,,7671_1.jpg; 7671_1.jpg; 7671_3.jpg; 7671_1.jpg; 7671_1.jpg; 7671_6.jpg; 7974_10.jpg; 7974_9.jpg; 7974_11.jpg; 7974_14.jpg; 7671_1.jpg; 7671_3.jpg; 7974_8.jpg; 5839_7.jpg; 7824_9.jpg; 7994_7.jpg; 5987_16.jpg; 8060_14.jpg; 7627_10.jpg; 8065_18.jpg; 4875_9.jpg; 5964_23.jpg
7457,[중고] LES402A Black Box 724-746-5500,[Used] LES402A Black Box 724-746-5500,LES402A,55000,50.24,,communication module,,7457_1.jpg; 7457_1.jpg; 7457_3.jpg; 7457_1.jpg; 7457_1.jpg; 7457_6.jpg; 7457_7.jpg; 7457_8.jpg; 8060_11.jpg; 7918_20.jpg; 7914_8.jpg; 7376_14.jpg; 7914_12.jpg; 8060_10.jpg; 7419_11.jpg; 7375_20.jpg; 8060_19.jpg; 8060_9.jpg; 7821_9.jpg; 7918_8.jpg; 7918_18.jpg; 7457_1.jpg; 7457_3.jpg; 8060_16.jpg; 7974_8.jpg; 5839_7.jpg; 7824_9.jpg; 7994_7.jpg; 5987_16.jpg; 8060_14.jpg; 7627_10.jpg; 8065_18.jpg; 4875_9.jpg
6523,[중고] AE RFPP RF30S M/N 3150017-009 7520758052 3000W 2000W 13.56MHz RF GENERATOR,[Used] AE RFPP RF30S M/N 3150017-009 7520758052 3000W 2000W 13.56MHz RF GENERATOR,RF30S,3300000,3014.55,,RF/DC/MATCH,,6523_1.jpg; 6523_1.jpg; 6523_3.jpg; 6523_1.jpg; 6523_1.jpg; 6523_6.jpg; 6523_7.jpg; 6523_8.jpg; 7745_8.jpg; 7745_20.jpg; 7741_20.jpg; 7741_10.jpg; 6593_10.jpg; 6942_17.jpg; 7741_15.jpg; 7741_14.jpg; 6593_18.jpg; 7741_19.jpg; 6593_21.jpg; 6593_17.jpg; 6942_8.jpg; 7741_13.jpg; 6523_1.jpg; 6523_3.jpg; 6942_19.jpg; 8060_16.jpg; 7974_8.jpg; 5839_7.jpg; 7824_9.jpg; 7994_7.jpg; 5987_16.jpg; 8060_14.jpg; 7627_10.jpg; 8065_18.jpg
7128,[중고] CONTEC GP-IB(PCI)F,[Used] CONTEC GP-IB(PCI)F,,55000,50.24,,Computer/Computer-related parts,,7128_1.jpg; 7128_1.jpg; 7128_3.jpg; 7128_1.jpg; 7128_1.jpg; 7128_6.jpg; 7128_7.jpg; 7128_8.jpg; 7510_20.jpg; 7081_20.jpg; 7509_17.jpg; 7127_16.jpg; 7509_15.jpg; 6911_15.jpg; 7132_14.jpg; 7509_20.jpg; 7999_14.jpg; 6911_18.jpg; 6916_15.jpg; 6911_8.jpg; 7214_15.jpg; 6916_18.jpg; 7128_1.jpg; 7128_3.jpg; 6911_16.jpg; 6942_19.jpg; 8060_16.jpg; 7974_8.jpg; 5839_7.jpg; 7824_9.jpg; 7994_7.jpg; 5987_16.jpg; 8060_14.jpg; 7627_10.jpg
5647,[중고] SF4B-H40 SUNX 700mm AREA SENSOR Safty Sensor 에어리어센서,[Used] SF4B-H40 SUNX 700mm AREA SENSOR Safety Sensor Area sensor,SF4B-H40,66000,60.29,,Sensors / various cables,,5647_1.jpg; 5647_1.jpg; 5647_3.jpg; 5647_1.jpg; 5647_5.jpg; 5159_10.jpg; 8036_23.jpg; 5163_19.jpg; 8022_10.jpg; 5163_14.jpg; 5991_17.jpg; 5609_24.jpg; 5991_14.jpg; 5159_20.jpg; 7325_14.jpg; 5135_15.jpg; 5991_18.jpg; 5609_21.jpg; 5991_11.jpg; 5647_1.jpg; 5647_3.jpg; 5609_14.jpg; 6911_16.jpg; 6942_19.jpg; 8060_16.jpg; 7974_8.jpg; 5839_7.jpg; 7824_9.jpg; 7994_7.jpg; 5987_16.jpg; 8060_14.jpg
7569,[중고] MT8121X MT612X V1EV EasyView 터치스크린,[Used] MT8121X MT612X V1EV EasyView Touch Screen,MT8121X,220000,200.97,,touch screen,,7569_1.jpg; 7569_1.jpg; 7569_3.jpg; 7569_1.jpg; 7569_1.jpg; 7569_6.jpg; 7634_14.jpg; 7634_13.jpg; 7634_10.jpg; 7634_11.jpg; 7634_16.jpg; 7634_8.jpg; 7634_17.jpg; 7634_12.jpg; 7634_9.jpg; 7634_15.jpg; 7634_22.jpg; 7634_19.jpg; 7569_1.jpg; 7569_3.jpg; 7634_18.jpg; 5609_14.jpg; 6911_16.jpg; 6942_19.jpg; 8060_16.jpg; 7974_8.jpg; 5839_7.jpg; 7824_9.jpg; 7994_7.jpg; 5987_16.jpg
7852,[중고] FESTO 솔레노이드밸브 MHA1-2X-24-SA 솔밸브,[Used] FESTO solenoid valve MHA1-2X-24-SA solenoid valve,MHA1-2X-24-SA,66000,60.29,,Pneumatic parts (PNEUMATIC),,7852_1.jpg; 7852_1.jpg; 7852_3.jpg; 7852_1.jpg; 7852_1.jpg; 7852_6.jpg; 7852_7.jpg; 7847_8.jpg; 7855_42.jpg; 7850_8.jpg; 7853_34.jpg; 7829_10.jpg; 7849_17.jpg; 7853_32.jpg; 7856_32.jpg; 7850_9.jpg; 7855_40.jpg; 7849_12.jpg; 7851_8.jpg; 7847_19.jpg; 7852_1.jpg; 7852_3.jpg; 7853_37.jpg; 7634_18.jpg; 5609_14.jpg; 6911_16.jpg; 6942_19.jpg; 8060_16.jpg; 7974_8.jpg; 5839_7.jpg; 7824_9.jpg; 7994_7.jpg
7126,[중고] COMI-SD403 V3.0 COMIZOA 커미조아,[Used] COMI-SD403 V3.0 COMIZOA,COMI-SD403,55000,50.24,,Computer/Computer-related parts,,7126_1.jpg; 7126_1.jpg; 7126_3.jpg; 7126_1.jpg; 7126_1.jpg; 7126_6.jpg; 6914_24.jpg; 6850_21.jpg; 7127_10.jpg; 7129_18.jpg; 7127_11.jpg; 6911_10.jpg; 6916_14.jpg; 7510_15.jpg; 7214_10.jpg; 6850_13.jpg; 6911_15.jpg; 7164_18.jpg; 6823_10.jpg; 6911_21.jpg; 7126_1.jpg; 7126_3.jpg; 6916_12.jpg; 7853_37.jpg; 7634_18.jpg; 5609_14.jpg; 6911_16.jpg; 6942_19.jpg; 8060_16.jpg; 7974_8.jpg; 5839_7.jpg; 7824_9.jpg
8002,[중고] Mykrolis CDLS3106 0~1000Torr,[Used] Mykrolis CDLS3106 0~1000Torr,CDLS3106,110000,100.48,,vacuum gauge,,8002_1.jpg; 8002_1.jpg; 8002_3.jpg; 8002_1.jpg; 8002_5.jpg; 8002_6.jpg; 8002_1.jpg; 8002_8.jpg; 8073_12.jpg; 7498_14.jpg; 7561_12.jpg; 7496_13.jpg; 7465_9.jpg; 7142_20.jpg; 7301_8.jpg; 8073_20.jpg; 7498_11.jpg; 7465_20.jpg; 8073_19.jpg; 7498_17.jpg; 8073_18.jpg; 8002_1.jpg; 8002_3.jpg; 8002_24.jpg; 6916_12.jpg; 7853_37.jpg; 7634_18.jpg; 5609_14.jpg; 6911_16.jpg; 6942_19.jpg; 8060_16.jpg; 7974_8.jpg; 5839_7.jpg
7766,[중고] PARKER SQMICROHF502PUPG6010 2Port,[Used] PARKER SQMICROHF502PUPG6010 2Port,SQMICROHF502PUPG6010,55000,50.24,PARKER,Gas valve/regulator/pressure gauge,,7766_1.jpg; 7766_1.jpg; 7766_3.jpg; 7766_1.jpg; 7766_1.jpg; 7766_6.jpg; 7766_7.jpg; 7839_17.jpg; 7679_14.jpg; 7953_12.jpg; 7839_14.jpg; 7953_19.jpg; 7679_8.jpg; 7679_18.jpg; 7679_7.jpg; 7839_8.jpg; 7679_17.jpg; 7679_13.jpg; 7679_12.jpg; 7839_9.jpg; 7839_11.jpg; 7766_1.jpg; 7766_3.jpg; 7953_14.jpg; 6916_12.jpg; 7853_37.jpg; 7634_18.jpg; 5609_14.jpg; 6911_16.jpg; 6942_19.jpg; 8060_16.jpg; 7974_8.jpg; 5839_7.jpg
5976,[미사용새제품] MOXA NPort 5250A/KC V1.0.1,[New unused product] MOXA NPort 5250A/KC V1.0.1,5250A/KC,154000,140.68,,Electrical parts and other,,5976_1.jpg; 5976_1.jpg; 5976_3.jpg; 5976_1.jpg; 5976_1.jpg; 5976_6.jpg; 5976_7.jpg; 5976_8.jpg; 5976_9.jpg; 5976_10.jpg; 7354_13.jpg; 6627_16.jpg; 6627_14.jpg; 7354_18.jpg; 7734_20.jpg; 6627_18.jpg; 7734_7.jpg; 7354_20.jpg; 6627_10.jpg; 6541_21.jpg; 6541_17.jpg; 7734_18.jpg; 7734_13.jpg; 5977_15.jpg; 5976_1.jpg; 5976_3.jpg; 6627_13.jpg; 7953_14.jpg; 6916_12.jpg; 7853_37.jpg; 7634_18.jpg; 5609_14.jpg; 6911_16.jpg; 6942_19.jpg; 8060_16.jpg; 7974_8.jpg
7154,[중고] 블로워 3.7KW (5마력) JEC-2137-2000 TOSHIBA 링블로워 브로워 Blower 900*1060*1180,[Used] Blower 3.7KW (5 horsepower) JEC-2137-2000 TOSHIBA Ring Blower Blower 900*1060*1180,3.7KW,550000,502.42,,Blower,,7154_1.jpg; 7154_1.jpg; 7154_3.jpg; 7154_1.jpg; 7154_5.jpg; 7154_1.jpg; 7154_7.jpg; 7154_8.jpg; 7151_12.jpg; 7151_10.jpg; 7151_15.jpg; 7154_1.jpg; 7154_3.jpg; 7151_11.jpg; 6627_13.jpg; 7953_14.jpg; 6916_12.jpg; 7853_37.jpg; 7634_18.jpg; 5609_14.jpg; 6911_16.jpg; 6942_19.jpg; 8060_16.jpg
7601,[중고] Fine Suntronix 파워써플라이 파워서플라이 POWER SUPPLY SMPS(5V) VSF15-05(5V 3A) VSF30-05(5V 6A),[Used] Fine Suntronix Power Supply Power Supply POWER SUPPLY SMPS(5V) VSF15-05(5V 3A) VSF30-05(5V 6A),VSF15-05,11000,10.05,,Power supply SMPS,,7601_1.jpg; 7601_1.jpg; 7601_3.jpg; 7601_1.jpg; 7601_1.jpg; 7601_6.jpg; 7780_12.jpg; 7780_8.jpg; 7780_14.jpg; 7780_10.jpg; 7780_18.jpg; 7780_11.jpg; 7780_9.jpg; 7780_21.jpg; 7780_15.jpg; 7780_16.jpg; 7780_14.jpg; 7780_7.jpg; 7601_1.jpg; 7601_3.jpg; 7780_13.jpg; 7151_11.jpg; 6627_13.jpg; 7953_14.jpg; 6916_12.jpg; 7853_37.jpg; 7634_18.jpg; 5609_14.jpg; 6911_16.jpg; 6942_19.jpg
3102,[미사용] BK25 성일 HNC 대성정밀 볼스크류고정 볼스크류서포트유니트 SUPPORTUNIT BALLSCREW 자동화부품 자동화 기계,[Unused] BK25 Seongil HNC Daesung Precision Ball Screw Fixing Ball Screw Support Unit SUPPORTUNIT BALLSCREW Automation Parts Automation Machine,BK25,55000,50.24,,Ball screw/spline (SPLINE),,3102_1.jpg; 3102_1.jpg; 3102_3.jpg; 3102_1.jpg; 3102_1.jpg; 3102_6.jpg; 2894_7.jpg; 2894_19.jpg; 2894_13.jpg; 2894_15.jpg; 2894_14.jpg; 2894_9.jpg; 2894_10.jpg; 2894_16.jpg; 2894_12.jpg; 2894_8.jpg; 3102_1.jpg; 3102_3.jpg; 2894_11.jpg; 7780_13.jpg; 7151_11.jpg; 6627_13.jpg; 7953_14.jpg; 6916_12.jpg; 7853_37.jpg; 7634_18.jpg; 5609_14.jpg; 6911_16.jpg
6835,[중고] G3PF-235B 옴론 OMRON SSR,[Used] G3PF-235B Omron OMRON SSR,G3PF-235B,2200,2.01,OMRON,Electrical parts and other,,6835_1.jpg; 6835_1.jpg; 6835_3.jpg; 6835_1.jpg; 6835_1.jpg; 6835_6.jpg; 7483_17.jpg; 7483_20.jpg; 8006_16.jpg; 7483_18.jpg; 7483_16.jpg; 7483_15.jpg; 8059_7.jpg; 7483_13.jpg; 7483_21.jpg; 7068_18.jpg; 7483_14.jpg; 7483_8.jpg; 7483_9.jpg; 7483_19.jpg; 6835_1.jpg; 6835_3.jpg; 7483_10.jpg; 2894_11.jpg; 7780_13.jpg; 7151_11.jpg; 6627_13.jpg; 7953_14.jpg; 6916_12.jpg; 7853_37.jpg; 7634_18.jpg; 5609_14.jpg
7511,[중고] C218Turbo MOXA,[Used] C218Turbo MOXA,C218Turbo,77000,70.34,,Computer/Computer-related parts,,7511_1.jpg; 7511_1.jpg; 7511_3.jpg; 7511_1.jpg; 7511_1.jpg; 7511_6.jpg; 7938_13.jpg; 6823_12.jpg; 6914_23.jpg; 6914_16.jpg; 7127_12.jpg; 6911_21.jpg; 6916_11.jpg; 6911_18.jpg; 7509_14.jpg; 6916_14.jpg; 7214_16.jpg; 7127_17.jpg; 7509_16.jpg; 6914_24.jpg; 7511_1.jpg; 7511_3.jpg; 6914_20.jpg; 7483_10.jpg; 2894_11.jpg; 7780_13.jpg; 7151_11.jpg; 6627_13.jpg; 7953_14.jpg; 6916_12.jpg; 7853_37.jpg; 7634_18.jpg
6011,[중고] KURODA (90/33mm) 볼스크류 볼나사 Ballscrew TM스크류 베어링 삼익THK 자동화부품 조각기 3D프린터 제작부품 자작 DIY,[Used] KURODA (90/33mm) Ball Screw Ball Screw Ballscrew TM Screw Bearing Samick THK Automation Parts Engraver 3D Printer Manufacturing Parts DIY,90/33mm,11000,10.05,THK,Ball screw/spline (SPLINE),,6011_1.jpg; 6011_1.jpg; 6011_3.jpg; 6011_1.jpg; 6011_1.jpg; 6011_6.jpg; 6008_23.jpg; 853_21.jpg; 6012_20.jpg; 6012_9.jpg; 853_22.jpg; 6012_17.jpg; 853_13.jpg; 6012_10.jpg; 6012_13.jpg; 6012_16.jpg; 6012_23.jpg; 5579_17.jpg; 6012_15.jpg; 6012_18.jpg; 6011_1.jpg; 6011_3.jpg; 853_10.jpg; 7483_10.jpg; 2894_11.jpg; 7780_13.jpg; 7151_11.jpg; 6627_13.jpg; 7953_14.jpg; 6916_12.jpg; 7853_37.jpg; 7634_18.jpg
7846,[중고] SMC 솔레노이드밸브 SQ1A31NY-5-C4 / SQ1231N-5-C4  솔밸브,[Used] SMC solenoid valve SQ1A31NY-5-C4 / SQ1231N-5-C4 solenoid valve,SQ1A31NY-5-C4,38500,35.17,,Pneumatic parts (PNEUMATIC),,7846_1.jpg; 7846_1.jpg; 7846_3.jpg; 7846_1.jpg; 7846_1.jpg; 7846_6.jpg; 7847_12.jpg; 7853_34.jpg; 7847_16.jpg; 7854_9.jpg; 7847_17.jpg; 7853_37.jpg; 7828_16.jpg; 7855_42.jpg; 7853_35.jpg; 7853_32.jpg; 7849_7.jpg; 3318_15.jpg; 7440_30.jpg; 7853_43.jpg; 7846_1.jpg; 7846_3.jpg; 7853_41.jpg; 853_10.jpg; 7483_10.jpg; 2894_11.jpg; 7780_13.jpg; 7151_11.jpg; 6627_13.jpg; 7953_14.jpg; 6916_12.jpg; 7853_37.jpg
6966,[중고] XTOP08TV-SD M2I 엠투아이 터치스크린,[Used] XTOP08TV-SD M2I M2I touch screen,XTOP08TV-SD,165000,150.73,,touch screen,,6966_1.jpg; 6966_1.jpg; 6966_3.jpg; 6966_1.jpg; 6966_1.jpg; 6966_6.jpg; 6966_7.jpg; 6966_8.jpg; 7815_13.jpg; 7815_9.jpg; 7815_12.jpg; 7815_16.jpg; 7815_10.jpg; 6966_1.jpg; 6966_3.jpg; 7815_11.jpg; 7853_41.jpg; 853_10.jpg; 7483_10.jpg; 2894_11.jpg; 7780_13.jpg; 7151_11.jpg; 6627_13.jpg; 7953_14.jpg; 6916_12.jpg
7464,[중고] MKS Loadlock Transducer 901P-41050-0051 GRANVILLE-PHILLIPS,[Used] MKS Loadlock Transducer 901P-41050-0051 GRANVILLE-PHILLIPS,901P-41050-0051,165000,150.73,MKS,vacuum gauge,,7464_1.jpg; 7464_1.jpg; 7464_3.jpg; 7464_1.jpg; 7464_1.jpg; 7464_6.jpg; 7465_8.jpg; 7561_20.jpg; 7465_14.jpg; 7561_8.jpg; 7332_10.jpg; 7465_10.jpg; 7818_21.jpg; 7332_13.jpg; 7561_16.jpg; 7561_13.jpg; 7561_17.jpg; 7561_12.jpg; 7561_15.jpg; 7465_20.jpg; 7464_1.jpg; 7464_3.jpg; 7585_20.jpg; 7815_11.jpg; 7853_41.jpg; 853_10.jpg; 7483_10.jpg; 2894_11.jpg; 7780_13.jpg; 7151_11.jpg; 6627_13.jpg; 7953_14.jpg
7894,[중고] ULVAC CRYO-T10E RS10LG REFRIGENERATOR CRYOPUMP 크라이오펌프,[Used] ULVAC CRYO-T10E RS10LG REFRIGENERATOR CRYOPUMP cryopump,CRYO-T10E,550000,502.42,,vacuum pump,,7894_1.jpg; 7894_1.jpg; 7894_3.jpg; 7894_1.jpg; 7894_1.jpg; 7894_6.jpg; 7894_7.jpg; 7894_8.jpg; 7889_11.jpg; 7889_8.jpg; 7889_10.jpg; 7889_9.jpg; 4596_23.jpg; 7894_1.jpg; 7894_3.jpg; 7889_12.jpg; 7815_11.jpg; 7853_41.jpg; 853_10.jpg; 7483_10.jpg; 2894_11.jpg; 7780_13.jpg; 7151_11.jpg; 6627_13.jpg; 7953_14.jpg
6867,[중고] BR65SH-15G-8K3 Kamo (15:1) 감속기 REDUCER 서보모터감속기 서보감속기 유성감속기,[Used] BR65SH-15G-8K3 Kamo (15:1) Reducer REDUCER Servo motor reducer Servo reducer Planetary reducer,BR65SH-15G-8K3,66000,60.29,,Reducer/Index/Coupling,,6867_1.jpg; 6867_1.jpg; 6867_3.jpg; 6867_1.jpg; 6867_5.jpg; 6867_1.jpg; 6867_7.jpg; 6867_1.jpg; 6867_3.jpg; 6867_10.jpg; 7889_12.jpg; 7815_11.jpg; 7853_41.jpg; 853_10.jpg; 7483_10.jpg; 2894_11.jpg; 7780_13.jpg; 7151_11.jpg; 6627_13.jpg
2804,[중고] SHINSUNG FFU 필터크기 550*1500*50,[Used] SHINSUNG FFU filter size 550*1500*50,,660000,602.91,,Clean auxiliary equipment,,2804_1.jpg; 2804_1.jpg; 2804_3.jpg; 2804_1.jpg; 2804_5.jpg; 2804_6.jpg; 2804_7.jpg; 2804_1.jpg; 6802_24.jpg; 5774_8.jpg; 5774_11.jpg; 5774_10.jpg; 2804_1.jpg; 2804_3.jpg; 5774_9.jpg; 7889_12.jpg; 7815_11.jpg; 7853_41.jpg; 853_10.jpg; 7483_10.jpg; 2894_11.jpg; 7780_13.jpg; 7151_11.jpg; 6627_13.jpg
7737,[중고] CDHD-1D52AEC2-RO + CSMA-01BT1ANT2 + 케이블 SERVOTRONIX,[Used] CDHD-1D52AEC2-RO + CSMA-01BT1ANT2 + cable SERVOTRONIX,CDHD-1D52AEC2-RO,275000,251.21,YASKAWA,Servo motor/servo driver,,7737_1.jpg; 7737_1.jpg; 7737_3.jpg; 7737_1.jpg; 7737_1.jpg; 7737_6.jpg; 7737_7.jpg; 7883_24.jpg; 7736_15.jpg; 7628_13.jpg; 7628_9.jpg; 7629_13.jpg; 7628_17.jpg; 7736_18.jpg; 7628_21.jpg; 7628_14.jpg; 7736_19.jpg; 7628_18.jpg; 7628_19.jpg; 7628_15.jpg; 7628_22.jpg; 7737_1.jpg; 7737_3.jpg; 7628_12.jpg; 5774_9.jpg; 7889_12.jpg; 7815_11.jpg; 7853_41.jpg; 853_10.jpg; 7483_10.jpg; 2894_11.jpg; 7780_13.jpg; 7151_11.jpg
7025,[중고] TZN4S-14S 온도콘트롤러 온도컨트롤러 디지털 인디케이터 인디케이터 indicator,[Used] TZN4S-14S temperature controller temperature controller digital indicator indicator indicator,TZN4S-14S,33000,30.15,,Temperature controller/indicator,,7025_1.jpg; 7025_1.jpg; 7025_3.jpg; 7025_1.jpg; 7025_1.jpg; 7025_6.jpg; 7025_7.jpg; 5694_17.jpg; 6821_18.jpg; 5695_23.jpg; 7489_13.jpg; 6802_10.jpg; 7474_20.jpg; 5694_18.jpg; 5599_17.jpg; 5694_14.jpg; 7668_21.jpg; 5599_21.jpg; 7348_19.jpg; 5694_19.jpg; 7474_12.jpg; 7025_1.jpg; 7025_3.jpg; 5694_20.jpg; 5774_9.jpg; 7889_12.jpg; 7815_11.jpg; 7853_41.jpg; 853_10.jpg; 7483_10.jpg; 2894_11.jpg; 7780_13.jpg; 7151_11.jpg
7820,[중고] DRT2-ID32ML OMRON,[Used] DRT2-ID32ML OMRON,DRT2-ID32ML,44000,40.19,OMRON,communication module,,7820_1.jpg; 7820_1.jpg; 7820_3.jpg; 7820_1.jpg; 7820_1.jpg; 7820_6.jpg; 8065_18.jpg; 7375_20.jpg; 7821_9.jpg; 7918_11.jpg; 7918_15.jpg; 8065_12.jpg; 7419_11.jpg; 7914_15.jpg; 8060_18.jpg; 7914_9.jpg; 7916_10.jpg; 8060_7.jpg; 8065_9.jpg; 7821_13.jpg; 7820_1.jpg; 7820_3.jpg; 7916_14.jpg; 7628_12.jpg; 5774_9.jpg; 7889_12.jpg; 7815_11.jpg; 7853_41.jpg; 853_10.jpg; 7483_10.jpg; 2894_11.jpg; 7780_13.jpg
7751,[중고] DENSO MSMA5AZT2U2,[Used] DENSO MSMA5AZT2U2,MSMA5AZT2U2,220000,200.97,,Servo motor/servo driver,,7751_1.jpg; 7751_1.jpg; 7751_3.jpg; 7751_1.jpg; 7751_1.jpg; 7751_6.jpg; 7824_9.jpg; 7824_12.jpg; 7751_1.jpg; 7751_3.jpg; 7824_8.jpg; 7916_14.jpg; 7628_12.jpg; 5774_9.jpg; 7889_12.jpg; 7815_11.jpg; 7853_41.jpg; 853_10.jpg; 7483_10.jpg; 2894_11.jpg
6963,[중고] MT250D EasyView,[Used] MT250D EasyView,MT250D,132000,120.58,,touch screen,,6963_1.jpg; 6963_1.jpg; 6963_3.jpg; 6963_1.jpg; 6963_1.jpg; 6963_6.jpg; 7634_19.jpg; 7634_10.jpg; 7634_22.jpg; 7634_18.jpg; 7634_13.jpg; 7634_11.jpg; 7634_14.jpg; 7634_15.jpg; 7634_9.jpg; 7634_12.jpg; 7634_8.jpg; 7634_16.jpg; 6963_1.jpg; 6963_3.jpg; 7634_17.jpg; 7824_8.jpg; 7916_14.jpg; 7628_12.jpg; 5774_9.jpg; 7889_12.jpg; 7815_11.jpg; 7853_41.jpg; 853_10.jpg; 7483_10.jpg
7848,[중고] SMC 솔레노이드밸브 SSQ1000-10A-3 / SQ1230DNY-5-C4 / SQ1A31NY-5-C4 / SQ1130NY-5-C4  솔밸브,[Used] SMC solenoid valve SSQ1000-10A-3 / SQ1230DNY-5-C4 / SQ1A31NY-5-C4 / SQ1130NY-5-C4 solenoid valve,SSQ1000-10A-3,66000,60.29,,Pneumatic parts (PNEUMATIC),,7848_1.jpg; 7848_1.jpg; 7848_3.jpg; 7848_1.jpg; 7848_1.jpg; 7848_6.jpg; 7855_38.jpg; 7850_5.jpg; 7848_9.jpg; 7854_8.jpg; 7850_6.jpg; 7852_7.jpg; 7858_40.jpg; 7854_14.jpg; 7848_15.jpg; 7853_38.jpg; 7803_16.jpg; 7607_19.jpg; 7851_23.jpg; 7854_15.jpg; 7848_1.jpg; 7848_3.jpg; 7847_16.jpg; 7824_8.jpg; 7916_14.jpg; 7628_12.jpg; 5774_9.jpg; 7889_12.jpg; 7815_11.jpg; 7853_41.jpg; 853_10.jpg; 7483_10.jpg
5125,[중고] 6 axis Stage (60x60mm),[Used] 6 axis Stage (60x60mm),60x60mm,330000,301.45,,Precision stage,,5125_1.jpg; 5125_1.jpg; 5125_3.jpg; 5125_1.jpg; 5125_1.jpg; 5125_6.jpg; 5125_7.jpg; 3484_9.jpg; 5125_1.jpg; 5125_3.jpg; 3484_6.jpg; 5125_12.jpg; 7847_16.jpg; 7824_8.jpg; 7916_14.jpg; 7628_12.jpg; 5774_9.jpg; 7889_12.jpg; 7815_11.jpg; 7853_41.jpg
7864,[중고] PH266-01,[Used] PH266-01,PH266-01,15000,13.7,,Stepping motor/driver/BLDC,,7864_1.jpg; 7864_1.jpg; 7864_3.jpg; 7864_1.jpg; 7864_1.jpg; 7864_6.jpg; 7866_29.jpg; 7868_21.jpg; 7906_19.jpg; 7865_12.jpg; 7899_9.jpg; 7868_27.jpg; 7865_7.jpg; 7899_12.jpg; 7868_24.jpg; 7866_31.jpg; 7906_7.jpg; 7870_28.jpg; 7899_10.jpg; 7906_11.jpg; 7864_1.jpg; 7864_3.jpg; 7869_17.jpg; 3484_6.jpg; 5125_12.jpg; 7847_16.jpg; 7824_8.jpg; 7916_14.jpg; 7628_12.jpg; 5774_9.jpg; 7889_12.jpg; 7815_11.jpg
3348,[중고] DPI52L 2K23 VOLTAGE DIP-PROOFING INVERTER,[Used] DPI52L 2K23 VOLTAGE DIP-PROOFING INVERTER,DPI52L,330000,301.45,,INVERTER,,3348_1.jpg; 3348_1.jpg; 3348_3.jpg; 3348_1.jpg; 3348_5.jpg; 683_10.jpg; 683_13.jpg; 3348_1.jpg; 3348_3.jpg; 683_9.jpg; 7869_17.jpg; 3484_6.jpg; 5125_12.jpg; 7847_16.jpg; 7824_8.jpg; 7916_14.jpg; 7628_12.jpg; 5774_9.jpg; 7889_12.jpg
2805,[중고] SHINSUNG FFU 필터크기 550*1500*50,[Used] SHINSUNG FFU filter size 550*1500*50,,660000,602.91,,Clean auxiliary equipment,,2805_1.jpg; 2805_1.jpg; 2805_3.jpg; 2805_1.jpg; 2805_5.jpg; 2805_6.jpg; 2805_7.jpg; 2805_1.jpg; 6802_24.jpg; 5774_9.jpg; 5774_11.jpg; 5774_10.jpg; 2805_1.jpg; 2805_3.jpg; 5774_8.jpg; 683_9.jpg; 7869_17.jpg; 3484_6.jpg; 5125_12.jpg; 7847_16.jpg; 7824_8.jpg; 7916_14.jpg; 7628_12.jpg; 5774_9.jpg
7045,[중고] EZ-ZONE PM6C1FJ-1AAAAAA WATLOW 온도콘트롤러 온도컨트롤러 디지털 인디케이터 인디케이터 indicator,[Used] EZ-ZONE PM6C1FJ-1AAAAAA WATLOW temperature controller temperature controller digital indicator indicator indicator,PM6C1FJ-1AAAAAA,44000,40.19,,Temperature controller/indicator,,7045_1.jpg; 7045_1.jpg; 7045_3.jpg; 7045_1.jpg; 7045_1.jpg; 7045_6.jpg; 7474_11.jpg; 7489_17.jpg; 6821_18.jpg; 7236_17.jpg; 6804_8.jpg; 5694_9.jpg; 5694_14.jpg; 7474_9.jpg; 5694_14.jpg; 5694_18.jpg; 5694_7.jpg; 7474_21.jpg; 5694_19.jpg; 6804_23.jpg; 7045_1.jpg; 7045_3.jpg; 7715_19.jpg; 5774_8.jpg; 683_9.jpg; 7869_17.jpg; 3484_6.jpg; 5125_12.jpg; 7847_16.jpg; 7824_8.jpg; 7916_14.jpg; 7628_12.jpg
7602,[중고] SRB301LCI-24V SCHMERSAL,[Used] SRB301LCI-24V SCHMERSAL,SRB301LCI-24V,33000,30.15,OMRON,communication module,,7602_1.jpg; 7602_1.jpg; 7602_3.jpg; 7602_1.jpg; 7602_1.jpg; 7602_6.jpg; 7821_10.jpg; 7376_20.jpg; 8065_12.jpg; 7914_8.jpg; 7916_14.jpg; 7918_13.jpg; 7376_14.jpg; 7605_18.jpg; 7840_24.jpg; 7914_12.jpg; 7917_7.jpg; 7918_16.jpg; 7821_15.jpg; 7918_7.jpg; 7602_1.jpg; 7602_3.jpg; 7821_11.jpg; 5774_8.jpg; 683_9.jpg; 7869_17.jpg; 3484_6.jpg; 5125_12.jpg; 7847_16.jpg; 7824_8.jpg; 7916_14.jpg; 7628_12.jpg
3246,[미사용 새제품] 22F-D024N104 (11KW 15마력) ROCKWELL BULLETIN 22F 인버터 INVERTER,[New unused product] 22F-D024N104 (11KW 15 horsepower) ROCKWELL BULLETIN 22F inverter INVERTER,22F-D024N104,770000,703.39,,INVERTER,,3246_1.jpg; 3246_1.jpg; 3246_3.jpg; 3246_1.jpg; 3246_5.jpg; 3248_9.jpg; 3246_1.jpg; 3246_3.jpg; 4049_17.jpg; 7821_11.jpg; 5774_8.jpg; 683_9.jpg; 7869_17.jpg; 3484_6.jpg; 5125_12.jpg; 7847_16.jpg; 7824_8.jpg; 7916_14.jpg
7655,[중고] SAM SCU2500 SFC1572F MC-4VD24 C5H5N,[Used] SAM SCU2500 SFC1572F MC-4VD24 C5H5N,SCU2500,165000,150.73,,MFC/MFM,,7655_1.jpg; 7655_1.jpg; 7655_3.jpg; 7655_1.jpg; 7655_1.jpg; 7809_11.jpg; 7809_18.jpg; 7666_7.jpg; 7666_7.jpg; 7666_10.jpg; 7666_18.jpg; 7666_23.jpg; 7666_7.jpg; 7809_20.jpg; 7666_7.jpg; 7809_12.jpg; 7666_8.jpg; 7666_15.jpg; 7666_7.jpg; 7655_1.jpg; 7655_3.jpg; 7809_7.jpg; 4049_17.jpg; 7821_11.jpg; 5774_8.jpg; 683_9.jpg; 7869_17.jpg; 3484_6.jpg; 5125_12.jpg; 7847_16.jpg; 7824_8.jpg
6857,[중고] S1UM pilz,[Used] S1UM pilz,S1UM,33000,30.15,,Electrical parts and other,,6857_1.jpg; 6857_1.jpg; 6857_3.jpg; 6857_1.jpg; 6857_1.jpg; 6857_6.jpg; 6857_7.jpg; 6857_8.jpg; 7068_17.jpg; 7483_11.jpg; 7483_8.jpg; 7483_15.jpg; 7483_16.jpg; 7068_18.jpg; 7483_19.jpg; 8059_7.jpg; 7483_20.jpg; 7483_13.jpg; 7483_18.jpg; 7483_12.jpg; 7483_21.jpg; 7483_24.jpg; 6857_1.jpg; 6857_3.jpg; 8059_9.jpg; 7809_7.jpg; 4049_17.jpg; 7821_11.jpg; 5774_8.jpg; 683_9.jpg; 7869_17.jpg; 3484_6.jpg; 5125_12.jpg; 7847_16.jpg
6740,[중고] ULVAC RGN-1302 RF GENERATOR,[Used] ULVAC RGN-1302 RF GENERATOR,RGN-1302,2200000,2009.7,,RF/DC/MATCH,,6740_1.jpg; 6740_1.jpg; 6740_3.jpg; 6740_1.jpg; 6740_1.jpg; 6740_6.jpg; 6740_7.jpg; 6740_8.jpg; 6740_9.jpg; 6740_10.jpg; 7745_20.jpg; 7741_14.jpg; 7741_9.jpg; 7741_21.jpg; 7741_10.jpg; 7741_16.jpg; 6593_21.jpg; 6942_8.jpg; 6593_17.jpg; 6942_15.jpg; 7741_15.jpg; 6593_10.jpg; 7745_8.jpg; 6593_20.jpg; 6740_1.jpg; 6740_3.jpg; 7741_13.jpg; 8059_9.jpg; 7809_7.jpg; 4049_17.jpg; 7821_11.jpg; 5774_8.jpg; 683_9.jpg; 7869_17.jpg; 3484_6.jpg; 5125_12.jpg
5400,[중고] S9GX10BL SPG기어드모터 감속기 기어헤드 인덕션모터 AC모터 AC기어드모터,[Used] S9GX10BL SPG geared motor reducer gear head induction motor AC motor AC geared motor,S9GX10BL,22000,20.1,,AC motor/geared motor/DC motor,,5400_1.jpg; 5400_1.jpg; 5400_3.jpg; 5400_1.jpg; 5400_1.jpg; 5378_19.jpg; 5388_12.jpg; 4735_7.jpg; 5380_17.jpg; 5401_7.jpg; 5972_9.jpg; 5388_16.jpg; 5380_6.jpg; 5972_10.jpg; 5380_10.jpg; 5972_15.jpg; 5383_6.jpg; 5972_19.jpg; 5972_20.jpg; 5400_1.jpg; 5400_3.jpg; 5383_11.jpg; 8059_9.jpg; 7809_7.jpg; 4049_17.jpg; 7821_11.jpg; 5774_8.jpg; 683_9.jpg; 7869_17.jpg; 3484_6.jpg; 5125_12.jpg
7915,[중고] OMRON V640-HAM11-V4,[Used] OMRON V640-HAM11-V4,V640-HAM11-V4,220000,200.97,OMRON,communication module,,7915_1.jpg; 7915_1.jpg; 7915_3.jpg; 7915_1.jpg; 7915_1.jpg; 7915_6.jpg; 7912_11.jpg; 8064_11.jpg; 8065_7.jpg; 7376_20.jpg; 7821_12.jpg; 7456_20.jpg; 7821_23.jpg; 7916_19.jpg; 7912_9.jpg; 8065_14.jpg; 7917_7.jpg; 7821_10.jpg; 7918_10.jpg; 7918_20.jpg; 7915_1.jpg; 7915_3.jpg; 8060_7.jpg; 8059_9.jpg; 7809_7.jpg; 4049_17.jpg; 7821_11.jpg; 5774_8.jpg; 683_9.jpg; 7869_17.jpg; 3484_6.jpg; 5125_12.jpg
8004,[중고] MCR-S-10-50-UI-SW-DCI PHOENIX CONTACT,[Used] MCR-S-10-50-UI-SW-DCI PHOENIX CONTACT,MCR-S-10-50-UI-SW-DCI,44000,40.19,,Electrical parts and other,,8004_1.jpg; 8004_1.jpg; 8004_3.jpg; 8004_1.jpg; 8004_1.jpg; 8004_6.jpg; 7483_20.jpg; 7483_15.jpg; 7483_24.jpg; 7483_18.jpg; 8059_7.jpg; 7483_11.jpg; 8059_9.jpg; 7483_13.jpg; 7068_17.jpg; 7483_12.jpg; 7483_19.jpg; 8059_15.jpg; 7483_10.jpg; 7483_14.jpg; 8004_1.jpg; 8004_3.jpg; 8006_16.jpg; 8059_9.jpg; 7809_7.jpg; 4049_17.jpg; 7821_11.jpg; 5774_8.jpg; 683_9.jpg; 7869_17.jpg; 3484_6.jpg; 5125_12.jpg
7973,[미사용] PFXGP4501 TADW 프로페이스 터치스크린 Pro-Face Proface,[Unused] PFXGP4501 TADW Pro Face Touch Screen Pro-Face Proface,PFXGP4501,1100000,1004.85,,touch screen,,7973_1.jpg; 7973_1.jpg; 7973_3.jpg; 7973_1.jpg; 7973_1.jpg; 7973_6.jpg; 7973_7.jpg; 7669_11.jpg; 7981_12.jpg; 7669_14.jpg; 7669_8.jpg; 7981_19.jpg; 7981_11.jpg; 7973_14.jpg; 7669_23.jpg; 7669_13.jpg; 7669_18.jpg; 7981_10.jpg; 7669_17.jpg; 7981_17.jpg; 2319_16.jpg; 7973_1.jpg; 7973_3.jpg; 8024_14.jpg; 8060_7.jpg; 8059_9.jpg; 7809_7.jpg; 4049_17.jpg; 7821_11.jpg; 5774_8.jpg; 683_9.jpg; 7869_17.jpg; 3484_6.jpg
8018,[중고] SMC 압력게이지 ISE40-01-22L ZSE40-01-22L ZSE40-C6-22-M ZSE30A-C4L-C ZSE5B-02-27L ISE5B-02-27L ZSE30-01-25 ZSE30-01-65,[Used] SMC pressure gauge ISE40-01-22L ZSE40-01-22L ZSE40-C6-22-M ZSE30A-C4L-C ZSE5B-02-27L ISE5B-02-27L ZSE30-01-25 ZSE30-01-65,ISE40-01-22L,11000,10.05,,Pneumatic parts (PNEUMATIC),,8018_1.jpg; 8018_1.jpg; 8018_3.jpg; 8018_1.jpg; 8018_1.jpg; 8018_6.jpg; 8018_7.jpg; 8018_8.jpg; 7757_16.jpg; 7757_14.jpg; 7757_25.jpg; 7757_17.jpg; 7573_14.jpg; 7757_20.jpg; 7757_11.jpg; 7633_19.jpg; 7573_10.jpg; 7757_19.jpg; 7573_12.jpg; 7573_17.jpg; 7757_13.jpg; 8018_1.jpg; 8018_3.jpg; 7757_10.jpg; 8024_14.jpg; 8060_7.jpg; 8059_9.jpg; 7809_7.jpg; 4049_17.jpg; 7821_11.jpg; 5774_8.jpg; 683_9.jpg; 7869_17.jpg
4694,[중고] NXC100 ERCR-NS01-B004-E1 XU-RC820M-F01 야스카와 로봇,[Used] NXC100 ERCR-NS01-B004-E1 XU-RC820M-F01 Yaskawa Robot,NXC100,11000000,10048.5,,gas cabinet,,4694_1.jpg; 4694_1.jpg; 4694_3.jpg; 4694_1.jpg; 4694_5.jpg; 6631_21.jpg; 5820_11.jpg; 7440_29.jpg; 8029_15.jpg; 6632_11.jpg; 8029_13.jpg; 6631_10.jpg; 7530_7.jpg; 7747_23.jpg; 8029_23.jpg; 6631_18.jpg; 6631_23.jpg; 6631_12.jpg; 7747_19.jpg; 4694_1.jpg; 4694_3.jpg; 7903_11.jpg; 7757_10.jpg; 8024_14.jpg; 8060_7.jpg; 8059_9.jpg; 7809_7.jpg; 4049_17.jpg; 7821_11.jpg; 5774_8.jpg; 683_9.jpg
7735,[중고] PY2E015A3MH1P00 / P50B03003PXS01UW,[Used] PY2E015A3MH1P00 / P50B03003PXS01UW,PY2E015A3MH1P00,385000,351.7,YASKAWA,Servo motor/servo driver,,7735_1.jpg; 7735_1.jpg; 7735_3.jpg; 7735_4.jpg; 7735_1.jpg; 7735_6.jpg; 7628_21.jpg; 7736_19.jpg; 7628_16.jpg; 7883_24.jpg; 7628_22.jpg; 7736_15.jpg; 7629_10.jpg; 7736_9.jpg; 7736_18.jpg; 7628_10.jpg; 7628_12.jpg; 7628_14.jpg; 7628_20.jpg; 7628_18.jpg; 7735_1.jpg; 7735_3.jpg; 7628_13.jpg; 7903_11.jpg; 7757_10.jpg; 8024_14.jpg; 8060_7.jpg; 8059_9.jpg; 7809_7.jpg; 4049_17.jpg; 7821_11.jpg; 5774_8.jpg
7603,MCU-MP EUMP1N79088 eMOTIONTek,MCU-MP EUMP1N79088 eMOTIONTek,EUMP1N79088,55000,50.24,,communication module,,7603_1.jpg; 7603_1.jpg; 7603_3.jpg; 7603_1.jpg; 7603_1.jpg; 7603_6.jpg; 5166_25.jpg; 8065_18.jpg; 7912_19.jpg; 7914_9.jpg; 7916_12.jpg; 7914_12.jpg; 7719_11.jpg; 7918_20.jpg; 8060_12.jpg; 7916_10.jpg; 8060_20.jpg; 7376_11.jpg; 8065_9.jpg; 7375_19.jpg; 7603_1.jpg; 7603_3.jpg; 8060_9.jpg; 7628_13.jpg; 7903_11.jpg; 7757_10.jpg; 8024_14.jpg; 8060_7.jpg; 8059_9.jpg; 7809_7.jpg; 4049_17.jpg; 7821_11.jpg
6920,[중고]  G3PB-215B G3PB-215B-VD G3PE-215B 옴론 OMRON SSR,[Used] G3PB-215B G3PB-215B-VD G3PE-215B Omron OMRON SSR,G3PB-215B,2200,2.01,OMRON,Electrical parts and other,,6920_1.jpg; 6920_1.jpg; 6920_3.jpg; 6920_1.jpg; 6920_1.jpg; 6920_6.jpg; 7483_14.jpg; 8059_19.jpg; 7483_16.jpg; 7483_21.jpg; 8059_7.jpg; 7483_15.jpg; 7483_17.jpg; 7483_19.jpg; 7483_12.jpg; 8059_9.jpg; 7483_13.jpg; 7483_10.jpg; 7483_11.jpg; 8006_19.jpg; 6920_1.jpg; 6920_3.jpg; 7483_18.jpg; 8060_9.jpg; 7628_13.jpg; 7903_11.jpg; 7757_10.jpg; 8024_14.jpg; 8060_7.jpg; 8059_9.jpg; 7809_7.jpg; 4049_17.jpg
5998,[중고] KSS (93/28mm) 볼스크류 볼나사 Ballscrew TM스크류 베어링 삼익THK 자동화부품 조각기 3D프린터 제작부품 자작 DIY,[Used] KSS (93/28mm) Ball Screw Ball Screw Ballscrew TM Screw Bearing Samik THK Automation Parts Engraver 3D Printer Manufacturing Parts DIY,93/28mm,11000,10.05,THK,Ball screw/spline (SPLINE),,5998_1.jpg; 5998_1.jpg; 5998_3.jpg; 5998_1.jpg; 5998_1.jpg; 5998_6.jpg; 6012_13.jpg; 5579_17.jpg; 6012_12.jpg; 6012_11.jpg; 853_21.jpg; 6012_15.jpg; 853_26.jpg; 6012_20.jpg; 6012_23.jpg; 6012_10.jpg; 6012_17.jpg; 6002_17.jpg; 6008_19.jpg; 853_10.jpg; 5998_1.jpg; 5998_3.jpg; 6012_8.jpg; 7483_18.jpg; 8060_9.jpg; 7628_13.jpg; 7903_11.jpg; 7757_10.jpg; 8024_14.jpg; 8060_7.jpg; 8059_9.jpg; 7809_7.jpg
2169,[중고] Automatic-3,[Used] Automatic-3,Automatic-3,110000,100.48,,Dispenser,,2169_1.jpg; 2169_1.jpg; 2169_3.jpg; 2169_1.jpg; 2169_1.jpg; 2169_6.jpg; 2169_7.jpg; 2169_8.jpg; 2168_12.jpg; 2169_1.jpg; 2169_3.jpg; 2168_9.jpg; 6012_8.jpg; 7483_18.jpg; 8060_9.jpg; 7628_13.jpg; 7903_11.jpg; 7757_10.jpg; 8024_14.jpg; 8060_7.jpg; 8059_9.jpg
2323,[중고] EYELA Pair stripper PS-100,[Used] EYELA Pair stripper PS-100,PS-100,200000,182.7,,"Measuring instruments, optics, experimental equipment",,2323_1.jpg; 2323_1.jpg; 2323_3.jpg; 2323_1.jpg; 2323_1.jpg; 2323_6.jpg; 2323_7.jpg; 2323_8.jpg; 2325_11.jpg; 2325_14.jpg; 2325_13.jpg; 2325_17.jpg; 2323_1.jpg; 2323_3.jpg; 2325_12.jpg; 6012_8.jpg; 7483_18.jpg; 8060_9.jpg; 7628_13.jpg; 7903_11.jpg; 7757_10.jpg; 8024_14.jpg; 8060_7.jpg; 8059_9.jpg
8012,[중고] DR-60-15(15V 4A) 파워써플라이 파워서플라이 POWER SUPPLY SMPS(15V),[Used] DR-60-15(15V 4A) Power supply Power supply POWER SUPPLY SMPS(15V),DR-60-15,11000,10.05,OMRON,Power supply SMPS,,8012_1.jpg; 8012_1.jpg; 8012_3.jpg; 8012_1.jpg; 8012_1.jpg; 8012_6.jpg; 8010_14.jpg; 8010_13.jpg; 7783_19.jpg; 7783_7.jpg; 3068_20.jpg; 8010_11.jpg; 8010_15.jpg; 7783_23.jpg; 7783_8.jpg; 7783_13.jpg; 8010_8.jpg; 8010_10.jpg; 7783_15.jpg; 7760_20.jpg; 8012_1.jpg; 8012_3.jpg; 8010_20.jpg; 2325_12.jpg; 6012_8.jpg; 7483_18.jpg; 8060_9.jpg; 7628_13.jpg; 7903_11.jpg; 7757_10.jpg; 8024_14.jpg; 8060_7.jpg
3476,"[중고] XYZ-Axis Stage (60 x 60) X,Y Stroke 10mm Z Stroke 20mm",[Used] XYZ-Axis Stage (60 x 60),10mm,176000,160.78,,Precision stage,,3476_1.jpg; 3476_1.jpg; 3476_3.jpg; 3476_1.jpg; 3476_5.jpg; 7298_11.jpg; 5148_9.jpg; 5148_10.jpg; 5148_8.jpg; 5148_11.jpg; 3476_1.jpg; 3476_3.jpg; 5148_7.jpg; 8010_20.jpg; 2325_12.jpg; 6012_8.jpg; 7483_18.jpg; 8060_9.jpg; 7628_13.jpg; 7903_11.jpg; 7757_10.jpg; 8024_14.jpg
7836,[중고] PFXGP4501TAD GP-4501T Pro-face,[Used] PFXGP4501TAD GP-4501T Pro-face,PFXGP4501TAD,220000,200.97,,touch screen,,7836_1.jpg; 7836_1.jpg; 7836_3.jpg; 7836_1.jpg; 7836_1.jpg; 7836_6.jpg; 7836_7.jpg; 2319_16.jpg; 7669_17.jpg; 8024_14.jpg; 7981_19.jpg; 7981_12.jpg; 7669_11.jpg; 7669_20.jpg; 7669_23.jpg; 7981_11.jpg; 7669_13.jpg; 7669_19.jpg; 7669_14.jpg; 7669_7.jpg; 7981_17.jpg; 7836_1.jpg; 7836_3.jpg; 7973_14.jpg; 5148_7.jpg; 8010_20.jpg; 2325_12.jpg; 6012_8.jpg; 7483_18.jpg; 8060_9.jpg; 7628_13.jpg; 7903_11.jpg; 7757_10.jpg
8007,[중고] XPS-AR XPSAR311144P,[Used] XPS-AR XPSAR311144P,XPSAR311144P,55000,50.24,,Electrical parts and other,,8007_1.jpg; 8007_1.jpg; 8007_3.jpg; 8007_1.jpg; 8007_1.jpg; 8007_6.jpg; 7483_9.jpg; 8059_7.jpg; 8059_15.jpg; 7068_18.jpg; 7483_20.jpg; 7483_11.jpg; 7068_17.jpg; 7483_18.jpg; 7483_16.jpg; 8059_19.jpg; 7483_15.jpg; 7483_8.jpg; 7483_24.jpg; 8006_19.jpg; 8007_1.jpg; 8007_3.jpg; 7483_12.jpg; 5148_7.jpg; 8010_20.jpg; 2325_12.jpg; 6012_8.jpg; 7483_18.jpg; 8060_9.jpg; 7628_13.jpg; 7903_11.jpg; 7757_10.jpg
7075,[중고] KONICS DPU12B-JB 120A DIGIPOWER2000  THYRISTOR REGULATOR TPR 사이리스터,[Used] KONICS DPU12B-JB 120A DIGIPOWER2000 THYRISTOR REGULATOR TPR Thyristor,DPU12B-JB,66000,60.29,,Electrical parts and other,,7075_1.jpg; 7075_1.jpg; 7075_3.jpg; 7075_1.jpg; 7075_5.jpg; 7075_6.jpg; 7075_1.jpg; 7907_10.jpg; 7907_16.jpg; 7907_12.jpg; 7907_11.jpg; 7907_9.jpg; 7075_1.jpg; 7075_3.jpg; 7907_13.jpg; 7483_12.jpg; 5148_7.jpg; 8010_20.jpg; 2325_12.jpg; 6012_8.jpg; 7483_18.jpg; 8060_9.jpg; 7628_13.jpg; 7903_11.jpg
5793,[중고] DMC10D2TR0200 DMC10D4TV0000 azbil 온도콘트롤러 온도컨트롤러 디지털 인디케이터 인디케이터 indicator,[Used] DMC10D2TR0200 DMC10D4TV0000 azbil temperature controller temperature controller digital indicator indicator indicator,DMC10D2TR0200,220000,200.97,,Temperature controller/indicator,,5793_1.jpg; 5793_1.jpg; 5793_3.jpg; 5793_1.jpg; 5793_1.jpg; 5793_6.jpg; 7489_17.jpg; 7236_7.jpg; 7474_21.jpg; 7366_23.jpg; 7489_23.jpg; 6802_17.jpg; 7026_14.jpg; 7474_13.jpg; 5599_17.jpg; 7407_8.jpg; 7026_12.jpg; 8025_13.jpg; 7474_15.jpg; 7668_13.jpg; 5793_1.jpg; 5793_3.jpg; 7474_12.jpg; 7483_12.jpg; 5148_7.jpg; 8010_20.jpg; 2325_12.jpg; 6012_8.jpg; 7483_18.jpg; 8060_9.jpg; 7628_13.jpg; 7903_11.jpg
7418,[중고] MOXA EDS-308 EtherDevice Switch,[Used] MOXA EDS-308 EtherDevice Switch,EDS-308,66000,60.29,OMRON,communication module,,7418_1.jpg; 7418_1.jpg; 7418_3.jpg; 7418_1.jpg; 7418_1.jpg; 7418_6.jpg; 8065_7.jpg; 7457_8.jpg; 7918_13.jpg; 7918_14.jpg; 7605_18.jpg; 8060_16.jpg; 8065_23.jpg; 8060_19.jpg; 7375_8.jpg; 7376_14.jpg; 8060_8.jpg; 7918_15.jpg; 7914_8.jpg; 7912_7.jpg; 7418_1.jpg; 7418_3.jpg; 8064_11.jpg; 7474_12.jpg; 7483_12.jpg; 5148_7.jpg; 8010_20.jpg; 2325_12.jpg; 6012_8.jpg; 7483_18.jpg; 8060_9.jpg; 7628_13.jpg
7166,[중고] CHILLER ORION RKS1500F-VW,[Used] CHILLER ORION RKS1500F-VW,RKS1500F-VW,2200000,2009.7,,CHILLER,,7166_1.jpg; 7166_2.jpg; 7166_1.jpg; 7166_1.jpg; 7166_5.jpg; 7166_6.jpg; 7166_7.jpg; 7166_8.jpg; 7166_9.jpg; 5737_14.jpg; 7159_13.jpg; 7168_12.jpg; 7168_10.jpg; 7159_10.jpg; 7159_9.jpg; 7166_1.jpg; 7166_2.jpg; 7159_8.jpg; 8064_11.jpg; 7474_12.jpg; 7483_12.jpg; 5148_7.jpg; 8010_20.jpg; 2325_12.jpg; 6012_8.jpg; 7483_18.jpg; 8060_9.jpg
6830,[중고] 삼익 SC12UUN 400mm 580mm 리니어부싱 환봉 리니어가이드 자동화부품 정밀부품 조각기 3D프린터 제작부품 삼익 THK 베어링,[Used] Samik SC12UUN 400mm 580mm Linear Bushing Round Bar Linear Guide Automation Parts Precision Parts Engraver 3D Printer Manufacturing Parts Samick THK Bearing,SC12UUN,22000,20.1,THK,LM GUIDE / BUSHING,,6830_1.jpg; 6830_1.jpg; 6830_3.jpg; 6830_1.jpg; 6830_1.jpg; 6830_6.jpg; 6830_7.jpg; 6830_8.jpg; 6831_13.jpg; 6831_9.jpg; 6830_1.jpg; 6830_3.jpg; 6831_10.jpg; 7159_8.jpg; 8064_11.jpg; 7474_12.jpg; 7483_12.jpg; 5148_7.jpg; 8010_20.jpg; 2325_12.jpg; 6012_8.jpg; 7483_18.jpg
7654,[중고] AMKB300B20LCK 파나소닉 서보모터 서보 PANASONIC 자동화 자동화부품 공장자동화 산업용부품 조각기 3D프린터 부품 AC서보 SERVO SERVOMOTOR,[Used] AMKB300B20LCK Panasonic servo motor servo PANASONIC automation automation parts factory automation industrial parts engraver 3D printer parts AC servo SERVO SERVOMOTOR,AMKB300B20LCK,165000,150.73,,Servo motor/servo driver,,7654_1.jpg; 7654_1.jpg; 7654_3.jpg; 7654_1.jpg; 7654_1.jpg; 7654_6.jpg; 7654_7.jpg; 7654_8.jpg; 7654_9.jpg; 7654_10.jpg; 7654_11.jpg; 7654_12.jpg; 7654_13.jpg; 7654_14.jpg; 7654_15.jpg; 7654_16.jpg; 7654_17.jpg; 7654_18.jpg; 7654_19.jpg; 7654_20.jpg; 7654_21.jpg; 7654_1.jpg; 7654_3.jpg; 7654_24.jpg; 6831_10.jpg; 7159_8.jpg; 8064_11.jpg; 7474_12.jpg; 7483_12.jpg; 5148_7.jpg; 8010_20.jpg; 2325_12.jpg; 6012_8.jpg
3104,[미사용] CK-8-P0-C7 성일 HNC 대성정밀 볼스크류고정 볼스크류서포트유니트 SUPPORTUNIT BALLSCREW 자동화부품 자동화 기계,[Unused] CK-8-P0-C7 Seongil HNC Daesung Precision Ball Screw Fixing Ball Screw Support Unit SUPPORTUNIT BALLSCREW Automation Parts Automation Machine,CK-8-P0-C7,29900,27.31,,Ball screw/spline (SPLINE),,3104_1.jpg; 3104_1.jpg; 3104_3.jpg; 3104_1.jpg; 3104_1.jpg; 3104_6.jpg; 2894_7.jpg; 2894_14.jpg; 2894_19.jpg; 2894_11.jpg; 2894_15.jpg; 2894_10.jpg; 2894_9.jpg; 2894_13.jpg; 2894_12.jpg; 2894_8.jpg; 3104_1.jpg; 3104_3.jpg; 2894_16.jpg; 7654_24.jpg; 6831_10.jpg; 7159_8.jpg; 8064_11.jpg; 7474_12.jpg; 7483_12.jpg; 5148_7.jpg; 8010_20.jpg; 2325_12.jpg
8057,[중고] G9SX-ADA222-T15-RT OMRON FLEXIBLE SAFETY UNIT,[Used] G9SX-ADA222-T15-RT OMRON FLEXIBLE SAFETY UNIT,G9SX-ADA222-T15-RT,55000,50.24,OMRON,communication module,,8057_1.jpg; 8057_1.jpg; 8057_3.jpg; 8057_1.jpg; 8057_1.jpg; 8057_6.jpg; 8060_19.jpg; 7916_14.jpg; 7918_17.jpg; 8060_14.jpg; 7605_18.jpg; 7375_8.jpg; 7821_23.jpg; 8065_9.jpg; 5166_25.jpg; 8065_20.jpg; 7375_24.jpg; 7912_9.jpg; 7840_24.jpg; 7375_19.jpg; 8057_1.jpg; 8057_3.jpg; 7821_15.jpg; 2894_16.jpg; 7654_24.jpg; 6831_10.jpg; 7159_8.jpg; 8064_11.jpg; 7474_12.jpg; 7483_12.jpg; 5148_7.jpg; 8010_20.jpg
7793,[중고] GM6-B08M LS PLC 피엘씨 Base,[Used] GM6-B08M LS PLC PLC Base,GM6-B08M,33000,30.15,,PLC,,7793_1.jpg; 7793_1.jpg; 7793_3.jpg; 7793_1.jpg; 7793_1.jpg; 7793_6.jpg; 7790_13.jpg; 7796_10.jpg; 7797_23.jpg; 7790_8.jpg; 7796_19.jpg; 7797_13.jpg; 7794_23.jpg; 7797_14.jpg; 7790_19.jpg; 7794_20.jpg; 7794_9.jpg; 7798_15.jpg; 7794_8.jpg; 7795_7.jpg; 7793_1.jpg; 7793_3.jpg; 7796_18.jpg; 7793_24.jpg; 2894_16.jpg; 7654_24.jpg; 6831_10.jpg; 7159_8.jpg; 8064_11.jpg; 7474_12.jpg; 7483_12.jpg; 5148_7.jpg
8003,[중고] RKC SSN-15F (15A) SSR,[Used] RKC SSN-15F (15A) SSR,SSN-15F,22000,20.1,,Electrical parts and other,,8003_1.jpg; 8003_1.jpg; 8003_3.jpg; 8003_1.jpg; 8003_1.jpg; 8003_6.jpg; 7483_24.jpg; 7483_15.jpg; 8006_19.jpg; 7483_10.jpg; 7068_17.jpg; 7483_14.jpg; 7483_8.jpg; 7068_18.jpg; 7483_12.jpg; 8059_9.jpg; 8006_16.jpg; 8059_7.jpg; 7483_18.jpg; 7483_19.jpg; 8003_1.jpg; 8003_3.jpg; 8059_15.jpg; 7796_18.jpg; 7793_24.jpg; 2894_16.jpg; 7654_24.jpg; 6831_10.jpg; 7159_8.jpg; 8064_11.jpg; 7474_12.jpg; 7483_12.jpg
5666,[중고] IKO LWL12 BCS (길이195mm/블럭2개) LM가이드 엘엠가이드 LM GUIDE THK IKO NSK 자동화부품 정밀부품 조각기 3D프린터 제작부품 삼익THK 베어링,[Used] IKO LWL12 BCS (length 195mm/2 blocks) LM Guide LM Guide THK IKO NSK Automation Parts Precision Parts Engraver 3D Printer Manufacturing Parts Samik THK Bearing,LWL12,22000,20.1,THK,LM GUIDE / BUSHING,,5666_1.jpg; 5666_1.jpg; 5666_3.jpg; 5666_1.jpg; 5666_1.jpg; 5665_12.jpg; 5665_18.jpg; 5665_12.jpg; 5665_12.jpg; 5665_12.jpg; 5665_9.jpg; 5665_10.jpg; 5665_7.jpg; 5665_17.jpg; 5665_14.jpg; 5665_13.jpg; 5665_8.jpg; 7709_25.jpg; 5665_16.jpg; 5666_1.jpg; 5666_3.jpg; 5665_11.jpg; 8059_15.jpg; 7796_18.jpg; 7793_24.jpg; 2894_16.jpg; 7654_24.jpg; 6831_10.jpg; 7159_8.jpg; 8064_11.jpg; 7474_12.jpg
7759,[중고] MEAN WELL SE-600-48 (48V 12.5A) 파워써플라이 파워서플라이 POWER SUPPLY SMPS,[Used] MEAN WELL SE-600-48 (48V 12.5A) Power supply Power supply POWER SUPPLY SMPS,SE-600-48,66000,60.29,,Power supply SMPS,,7759_1.jpg; 7759_1.jpg; 7759_3.jpg; 7759_1.jpg; 7759_5.jpg; 7759_1.jpg; 7598_8.jpg; 7598_10.jpg; 7598_13.jpg; 7598_7.jpg; 7759_1.jpg; 7759_3.jpg; 7598_9.jpg; 5665_11.jpg; 8059_15.jpg; 7796_18.jpg; 7793_24.jpg; 2894_16.jpg; 7654_24.jpg; 6831_10.jpg; 7159_8.jpg; 8064_11.jpg
5402,[중고] S6DA50B SPG기어드모터 감속기 기어헤드 인덕션모터 AC모터 AC기어드모터,[Used] S6DA50B SPG geared motor reducer gear head induction motor AC motor AC geared motor,S6DA50B,22000,20.1,,AC motor/geared motor/DC motor,,5402_1.jpg; 5402_1.jpg; 5402_3.jpg; 5402_1.jpg; 5402_1.jpg; 5972_14.jpg; 5972_20.jpg; 4735_10.jpg; 4735_16.jpg; 4735_7.jpg; 5972_13.jpg; 5388_12.jpg; 5401_15.jpg; 5972_12.jpg; 5972_16.jpg; 5380_13.jpg; 4735_22.jpg; 5380_6.jpg; 5378_15.jpg; 5402_1.jpg; 5402_3.jpg; 5975_17.jpg; 7598_9.jpg; 5665_11.jpg; 8059_15.jpg; 7796_18.jpg; 7793_24.jpg; 2894_16.jpg; 7654_24.jpg; 6831_10.jpg; 7159_8.jpg
7913,[중고] MOXA EDS-308 EtherDevice Switch,[Used] MOXA EDS-308 EtherDevice Switch,EDS-308,66000,60.29,,communication module,,7913_1.jpg; 7913_1.jpg; 7913_3.jpg; 7913_1.jpg; 7913_1.jpg; 8065_7.jpg; 7801_9.jpg; 8060_10.jpg; 7605_20.jpg; 7376_20.jpg; 7917_9.jpg; 7456_20.jpg; 7375_14.jpg; 8065_14.jpg; 7376_15.jpg; 8060_16.jpg; 8060_8.jpg; 7376_14.jpg; 7916_17.jpg; 7913_1.jpg; 7913_3.jpg; 6964_14.jpg; 5975_17.jpg; 7598_9.jpg; 5665_11.jpg; 8059_15.jpg; 7796_18.jpg; 7793_24.jpg; 2894_16.jpg; 7654_24.jpg; 6831_10.jpg
5083,[중고] TDK TAS300 TYPE:E4 LoadPort FOUP OPENER 300mm wafer 12inch,[Used] TDK TAS300 TYPE:E4 LoadPort FOUP OPENER 300mm wafer 12inch,TAS300,3300000,3014.55,,LOAD PORT,,5083_1.jpg; 5083_1.jpg; 5083_3.jpg; 5083_1.jpg; 5083_5.jpg; 5083_1.jpg; 5083_3.jpg; 5083_8.jpg; 6964_14.jpg; 5975_17.jpg; 7598_9.jpg; 5665_11.jpg; 8059_15.jpg; 7796_18.jpg; 7793_24.jpg; 2894_16.jpg; 7654_24.jpg
6964,[중고] A975GOT-TBA-B / A9GT-BUSS 미쓰비시 터치스크린 TOUCH SCREEN 터치 MITSUBISHI,[Used] A975GOT-TBA-B / A9GT-BUSS Mitsubishi Touch Screen TOUCH SCREEN Touch MITSUBISHI,A975GOT-TBA-B,462000,422.04,,touch screen,,6964_1.jpg; 6964_1.jpg; 6964_3.jpg; 6964_1.jpg; 6964_1.jpg; 6964_6.jpg; 6964_7.jpg; 6964_8.jpg; 6964_9.jpg; 6964_10.jpg; 6964_1.jpg; 6964_3.jpg; 6964_13.jpg; 6964_14.jpg; 5975_17.jpg; 7598_9.jpg; 5665_11.jpg; 8059_15.jpg; 7796_18.jpg; 7793_24.jpg; 2894_16.jpg; 7654_24.jpg
6877,[중고] 002-4037-03 Brooks Automation 파워팩 PowerPak Magnatran7,[Used] 002-4037-03 Brooks Automation PowerPak PowerPak Magnatran7,Magnatran7,880000,803.88,RORZE,semiconductor equipment,,6877_1.jpg; 6877_1.jpg; 6877_3.jpg; 6877_1.jpg; 6877_5.jpg; 6877_6.jpg; 6877_7.jpg; 6877_8.jpg; 6877_9.jpg; 6877_10.jpg; 7934_21.jpg; 8050_18.jpg; 8054_13.jpg; 7934_23.jpg; 8028_24.jpg; 7747_13.jpg; 8029_15.jpg; 6631_10.jpg; 8029_24.jpg; 7440_19.jpg; 7440_21.jpg; 7440_15.jpg; 5729_13.jpg; 6631_18.jpg; 6877_1.jpg; 6877_3.jpg; 6631_23.jpg; 6964_13.jpg; 6964_14.jpg; 5975_17.jpg; 7598_9.jpg; 5665_11.jpg; 8059_15.jpg; 7796_18.jpg; 7793_24.jpg; 2894_16.jpg
7782,[중고] S82R-6328 (V1: 15VDC 1A V2: 15VDC 1A) OMRON,[Used] S82R-6328 (V1: 15VDC 1A V2: 15VDC 1A) OMRON,S82R-6328,22000,20.1,OMRON,Power supply SMPS,,7782_1.jpg; 7782_1.jpg; 7782_3.jpg; 7782_1.jpg; 7782_1.jpg; 7782_6.jpg; 7782_7.jpg; 8010_20.jpg; 8010_10.jpg; 7783_7.jpg; 7782_11.jpg; 7783_13.jpg; 8010_13.jpg; 8010_7.jpg; 8010_16.jpg; 7783_23.jpg; 7783_8.jpg; 7783_19.jpg; 3068_20.jpg; 8010_15.jpg; 8010_19.jpg; 7782_1.jpg; 7782_3.jpg; 8010_12.jpg; 6631_23.jpg; 6964_13.jpg; 6964_14.jpg; 5975_17.jpg; 7598_9.jpg; 5665_11.jpg; 8059_15.jpg; 7796_18.jpg; 7793_24.jpg
7926,[중고] ULSTA-300 NIKKI DENSO ULVAC ROBOT,[Used] ULSTA-300 NIKKI DENSO ULVAC ROBOT,ULSTA-300,440000,401.94,,"Wafer transfer robot, aligner",,7926_1.jpg; 7926_1.jpg; 7926_3.jpg; 7926_1.jpg; 7926_5.jpg; 7926_1.jpg; 7926_7.jpg; 7932_20.jpg; 7923_9.jpg; 7923_12.jpg; 7923_10.jpg; 7920_13.jpg; 7932_9.jpg; 7923_8.jpg; 7925_25.jpg; 7932_24.jpg; 7932_13.jpg; 7930_17.jpg; 7932_14.jpg; 7932_8.jpg; 7932_17.jpg; 7926_1.jpg; 7926_3.jpg; 7932_18.jpg; 6631_23.jpg; 6964_13.jpg; 6964_14.jpg; 5975_17.jpg; 7598_9.jpg; 5665_11.jpg; 8059_15.jpg; 7796_18.jpg; 7793_24.jpg
5079,[중고] Brooks 200mm(8inch)용 LoadPort,[Used] LoadPort for Brooks 200mm (8inch),200mm,2200000,2009.7,BROOKS,LOAD PORT,,5079_1.jpg; 5079_1.jpg; 5079_3.jpg; 5079_1.jpg; 5079_1.jpg; 5079_6.jpg; 5079_7.jpg; 5079_8.jpg; 5810_10.jpg; 5810_13.jpg; 5810_11.jpg; 5810_12.jpg; 5810_16.jpg; 5079_1.jpg; 5079_3.jpg; 5810_9.jpg; 8010_12.jpg; 6631_23.jpg; 6964_13.jpg; 6964_14.jpg; 5975_17.jpg; 7598_9.jpg; 5665_11.jpg; 8059_15.jpg; 7796_18.jpg
7910,[중고] VLINX ESR902,[Used] VLINX ESR902,ESR902,55000,50.24,RORZE,communication module,,7910_1.jpg; 7910_1.jpg; 7910_3.jpg; 7910_1.jpg; 7910_1.jpg; 7910_6.jpg; 7916_10.jpg; 8065_17.jpg; 7821_15.jpg; 8065_8.jpg; 7375_19.jpg; 7457_8.jpg; 7375_8.jpg; 7376_11.jpg; 7605_14.jpg; 6964_14.jpg; 8060_18.jpg; 8065_12.jpg; 7918_14.jpg; 7821_12.jpg; 7910_1.jpg; 7910_3.jpg; 7914_7.jpg; 8010_12.jpg; 6631_23.jpg; 6964_13.jpg; 6964_14.jpg; 5975_17.jpg; 7598_9.jpg; 5665_11.jpg; 8059_15.jpg; 7796_18.jpg
7765,[중고] PARKER 944AOPLPNCSFSFF VERIFLO,[Used] PARKER 944AOPPLPNCSFSFF VERIFLO,944AOPLPNCSFSFF,55000,50.24,PARKER,Gas valve/regulator/pressure gauge,,7765_1.jpg; 7765_1.jpg; 7765_3.jpg; 7765_1.jpg; 7765_1.jpg; 7765_6.jpg; 7961_11.jpg; 7961_8.jpg; 7961_10.jpg; 7961_7.jpg; 7961_9.jpg; 5894_21.jpg; 7765_1.jpg; 7765_3.jpg; 7961_12.jpg; 7914_7.jpg; 8010_12.jpg; 6631_23.jpg; 6964_13.jpg; 6964_14.jpg; 5975_17.jpg; 7598_9.jpg; 5665_11.jpg; 8059_15.jpg
5762,[미사용] PRT30-10DO 오토닉스 PROXIMITY 센서,[Unused] PRT30-10DO Autonics PROXIMITY sensor,PRT30-10DO,11000,10.05,,Sensors / various cables,,5762_1.jpg; 5762_1.jpg; 5762_3.jpg; 5762_1.jpg; 5762_1.jpg; 5762_6.jpg; 5609_21.jpg; 8022_17.jpg; 5991_14.jpg; 5161_7.jpg; 5163_15.jpg; 5163_20.jpg; 5991_11.jpg; 7354_25.jpg; 5159_9.jpg; 5163_23.jpg; 8022_16.jpg; 5991_13.jpg; 5609_22.jpg; 5991_9.jpg; 5762_1.jpg; 5762_3.jpg; 5159_17.jpg; 7914_7.jpg; 8010_12.jpg; 6631_23.jpg; 6964_13.jpg; 6964_14.jpg; 5975_17.jpg; 7598_9.jpg; 5665_11.jpg; 8059_15.jpg
7612,[중고] HORIBA SEF-Z512KX NH3 N2 STEC Z500 Series,[Used] HORIBA SEF-Z512KX NH3 N2 STEC Z500 Series,SEF-Z512KX,110000,100.48,,MFC/MFM,,7612_1.jpg; 7612_1.jpg; 7612_3.jpg; 7612_1.jpg; 7612_1.jpg; 7612_6.jpg; 7612_7.jpg; 7612_8.jpg; 7950_14.jpg; 7588_20.jpg; 7610_15.jpg; 7999_24.jpg; 7950_11.jpg; 7950_21.jpg; 7618_23.jpg; 7950_7.jpg; 7950_7.jpg; 7950_13.jpg; 7950_7.jpg; 7618_11.jpg; 7588_21.jpg; 7950_6.jpg; 7612_1.jpg; 7612_3.jpg; 7618_14.jpg; 5159_17.jpg; 7914_7.jpg; 8010_12.jpg; 6631_23.jpg; 6964_13.jpg; 6964_14.jpg; 5975_17.jpg; 7598_9.jpg; 5665_11.jpg
7682,"[중고] HORIBA STEC SEC-F730 Series SEC-F730M B1 ClF3,NH3,N2,SiH2Cl2,1%PH3/He / SEC-F730M A1 NF3 MFC","[Used] HORIBA STEC SEC-F730 Series SEC-F730M B1 ClF3,NH3,N2,SiH2Cl2,1%PH3/He / SEC-F730M A1 NF3 MFC",SEC-F730,110000,100.48,,MFC/MFM,,7682_1.jpg; 7682_1.jpg; 7682_3.jpg; 7682_1.jpg; 7682_1.jpg; 7682_6.jpg; 7618_17.jpg; 7610_9.jpg; 7588_17.jpg; 7950_17.jpg; 7950_7.jpg; 7618_19.jpg; 7610_7.jpg; 7618_23.jpg; 7682_15.jpg; 7610_17.jpg; 7950_7.jpg; 7610_15.jpg; 7950_14.jpg; 7950_7.jpg; 7682_1.jpg; 7682_3.jpg; 7954_16.jpg; 7618_14.jpg; 5159_17.jpg; 7914_7.jpg; 8010_12.jpg; 6631_23.jpg; 6964_13.jpg; 6964_14.jpg; 5975_17.jpg; 7598_9.jpg
8035,[중고] S8VM-03024 CD (24V 1.3A) OMRON,[Used] S8VM-03024 CD (24V 1.3A) OMRON,S8VM-03024,22000,20.1,OMRON,Power supply SMPS,,8035_1.jpg; 8035_1.jpg; 8035_3.jpg; 8035_1.jpg; 8035_5.jpg; 8035_1.jpg; 8016_23.jpg; 7596_12.jpg; 8011_18.jpg; 8016_18.jpg; 8011_9.jpg; 8035_12.jpg; 8011_17.jpg; 8011_8.jpg; 7596_19.jpg; 8011_13.jpg; 8011_16.jpg; 8011_12.jpg; 7596_15.jpg; 7596_8.jpg; 8035_1.jpg; 8035_3.jpg; 7596_10.jpg; 7954_16.jpg; 7618_14.jpg; 5159_17.jpg; 7914_7.jpg; 8010_12.jpg; 6631_23.jpg; 6964_13.jpg; 6964_14.jpg; 5975_17.jpg
7568,[중고] DRT2-AD04H OMRON,[Used] DRT2-AD04H OMRON,DRT2-AD04H,44000,40.19,OMRON,communication module,,7568_1.jpg; 7568_1.jpg; 7568_3.jpg; 7568_1.jpg; 7568_1.jpg; 7568_6.jpg; 7568_7.jpg; 7821_11.jpg; 7918_16.jpg; 7917_7.jpg; 7821_13.jpg; 7375_14.jpg; 7819_20.jpg; 7821_15.jpg; 7376_11.jpg; 8065_23.jpg; 7801_16.jpg; 7375_12.jpg; 7912_9.jpg; 8060_16.jpg; 7916_12.jpg; 7568_1.jpg; 7568_3.jpg; 7918_8.jpg; 7596_10.jpg; 7954_16.jpg; 7618_14.jpg; 5159_17.jpg; 7914_7.jpg; 8010_12.jpg; 6631_23.jpg; 6964_13.jpg; 6964_14.jpg
7305,"[중고] SPG SPI042S-010K (10:1), 서보모터용 감속기, 50,100W","[Used] SPG SPI042S-010K (10:1), reducer for servo motor, 50,100W",SPI042S-010K,88000,80.39,,Reducer/Index/Coupling,,7305_1.jpg; 7305_1.jpg; 7305_3.jpg; 7305_1.jpg; 6990_5.jpg; 7305_1.jpg; 7305_7.jpg; 7305_8.jpg; 6990_11.jpg; 6990_12.jpg; 6990_10.jpg; 6990_15.jpg; 7305_1.jpg; 7305_3.jpg; 6990_9.jpg; 7918_8.jpg; 7596_10.jpg; 7954_16.jpg; 7618_14.jpg; 5159_17.jpg; 7914_7.jpg; 8010_12.jpg; 6631_23.jpg; 6964_13.jpg
8055,[중고] TEM TECH LAB HYPFU-010D-S2/6700,[Used] TEM TECH LAB HYPFU-010D-S2/6700,HYPFU-010D-S2/6700,55000,50.24,,Gas valve/regulator/pressure gauge,,8055_1.jpg; 8055_1.jpg; 8055_3.jpg; 8055_1.jpg; 8055_1.jpg; 8055_6.jpg; 8055_7.jpg; 7823_12.jpg; 7997_13.jpg; 7607_11.jpg; 7997_8.jpg; 7997_23.jpg; 7823_20.jpg; 7823_10.jpg; 7607_8.jpg; 7607_15.jpg; 7567_7.jpg; 7607_13.jpg; 7607_18.jpg; 7607_7.jpg; 7607_14.jpg; 8055_1.jpg; 8055_3.jpg; 7997_20.jpg; 7918_8.jpg; 7596_10.jpg; 7954_16.jpg; 7618_14.jpg; 5159_17.jpg; 7914_7.jpg; 8010_12.jpg; 6631_23.jpg; 6964_13.jpg
5128,[중고] SONY XC-HR70,[Used] SONY XC-HR70,XC-HR70,110000,100.48,,Industrial Cameras/Lens/Lighting,,5127_1.jpg; 5127_1.jpg; 5127_3.jpg; 5127_1.jpg; 5127_1.jpg; 5128_6.jpg; 5131_7.jpg; 5131_11.jpg; 4594_9.jpg; 5131_22.jpg; 5463_13.jpg; 4596_6.jpg; 4594_13.jpg; 4594_16.jpg; 5131_18.jpg; 5463_17.jpg; 5131_15.jpg; 5131_17.jpg; 5131_8.jpg; 5463_21.jpg; 5127_1.jpg; 5127_3.jpg; 5131_11.jpg; 7997_20.jpg; 7918_8.jpg; 7596_10.jpg; 7954_16.jpg; 7618_14.jpg; 5159_17.jpg; 7914_7.jpg; 8010_12.jpg; 6631_23.jpg
7713,[중고] RORZE RV201-F05-009-2 LOAD PORT  FOUP OPENER 300mm wafer 12inch,[Used] RORZE RV201-F05-009-2 LOAD PORT FOUP OPENER 300mm wafer 12inch,RV201-F05-009-2,2200000,2009.7,RORZE,LOAD PORT,,7713_1.jpg; 7713_1.jpg; 7713_3.jpg; 7713_1.jpg; 7713_1.jpg; 7713_6.jpg; 7713_7.jpg; 7713_8.jpg; 7714_13.jpg; 7714_12.jpg; 7714_11.jpg; 7714_10.jpg; 7803_15.jpg; 7713_1.jpg; 7713_3.jpg; 7714_9.jpg; 5131_11.jpg; 7997_20.jpg; 7918_8.jpg; 7596_10.jpg; 7954_16.jpg; 7618_14.jpg; 5159_17.jpg; 7914_7.jpg; 8010_12.jpg
6601,"[중고] 내경20mm-20mm, 외경57mm 커플링 DISK커플링 MICRO커플링 카플링 카프링 서보커플링 모터커플링 자동화부품 자동화 기계","[Used] Inner diameter 20mm-20mm, Outer diameter 57mm Coupling DISK coupling MICRO coupling Coupling Coupling Servo coupling Motor coupling Automation parts Automation machine","내경20mm-20mm,",33000,30.15,,Reducer/Index/Coupling,,6601_1.jpg; 6601_1.jpg; 6601_3.jpg; 6601_1.jpg; 6601_1.jpg; 6601_6.jpg; 6600_14.jpg; 6600_9.jpg; 6600_12.jpg; 6600_16.jpg; 6600_10.jpg; 6600_11.jpg; 6600_15.jpg; 6600_13.jpg; 6600_19.jpg; 6600_7.jpg; 6601_1.jpg; 6601_3.jpg; 6600_8.jpg; 7879_14.jpg; 7714_9.jpg; 5131_11.jpg; 7997_20.jpg; 7918_8.jpg; 7596_10.jpg; 7954_16.jpg; 7618_14.jpg; 5159_17.jpg
7879,[중고] KXPD60-ABZ 서보 서보드라이버 자동화 자동화부품 공장자동화 SERVO DRIVER 서보앰프 3D프린터 부품 서보드라이브,[Used] KXPD60-ABZ Servo Servo Driver Automation Automation Parts Factory Automation SERVO DRIVER Servo Amplifier 3D Printer Parts Servo Drive,KXPD60-ABZ,110000,100.48,,Servo motor/servo driver,,7879_1.jpg; 7879_1.jpg; 7879_3.jpg; 7879_1.jpg; 7879_1.jpg; 7879_6.jpg; 7879_7.jpg; 7879_8.jpg; 7879_9.jpg; 7879_10.jpg; 7879_1.jpg; 7879_3.jpg; 7879_13.jpg; 7879_14.jpg; 7714_9.jpg; 5131_11.jpg; 7997_20.jpg; 7918_8.jpg; 7596_10.jpg; 7954_16.jpg; 7618_14.jpg; 5159_17.jpg
7541,[중고] AJINEXTEK SMC-2V02 V3.0  V3.0.2 AXT BPHR  T36-PR 아진 모션카드 2축 모션보드 Motion Board Motion Card,[Used] AJINEXTEK SMC-2V02 V3.0 V3.0.2 AXT BPHR T36-PR AJIN motion card 2-axis motion board Motion Board Motion Card,SMC-2V02,198000,180.87,,Computer/Computer-related parts,,7541_1.jpg; 7541_1.jpg; 7541_3.jpg; 7541_1.jpg; 7541_1.jpg; 7541_6.jpg; 7509_10.jpg; 6916_9.jpg; 7214_10.jpg; 6916_18.jpg; 6911_12.jpg; 6850_11.jpg; 7129_18.jpg; 7510_18.jpg; 7081_20.jpg; 7293_9.jpg; 7127_10.jpg; 7999_13.jpg; 7293_10.jpg; 7127_13.jpg; 7541_1.jpg; 7541_3.jpg; 7164_18.jpg; 7879_14.jpg; 7714_9.jpg; 5131_11.jpg; 7997_20.jpg; 7918_8.jpg; 7596_10.jpg; 7954_16.jpg; 7618_14.jpg; 5159_17.jpg
6820,[중고] RKC REX-F700 CODE:FK09-8*AB-5N5-NN Z-161 온도콘트롤러 온도컨트롤러 디지털 인디케이터 인디케이터 indicator,[Used] RKC REX-F700 CODE:FK09-8*AB-5N5-NN Z-161 temperature controller temperature controller digital indicator indicator indicator,REX-F700,110000,100.48,,Temperature controller/indicator,,6820_1.jpg; 6820_1.jpg; 6820_3.jpg; 6820_1.jpg; 6820_1.jpg; 6820_6.jpg; 7474_24.jpg; 7489_18.jpg; 7715_11.jpg; 7236_7.jpg; 7407_15.jpg; 5695_23.jpg; 7407_8.jpg; 7366_7.jpg; 5694_17.jpg; 6802_10.jpg; 7668_13.jpg; 7475_11.jpg; 6802_17.jpg; 7026_12.jpg; 6820_1.jpg; 6820_3.jpg; 6802_19.jpg; 7879_14.jpg; 7714_9.jpg; 5131_11.jpg; 7997_20.jpg; 7918_8.jpg; 7596_10.jpg; 7954_16.jpg; 7618_14.jpg; 5159_17.jpg
7971,[중고] TEM TECH LAB SKPTFV-WD420,[Used] TEM TECH LAB SKPTFV-WD420,SKPTFV-WD420,22000,20.1,,Gas valve/regulator/pressure gauge,,7971_1.jpg; 7971_1.jpg; 7971_3.jpg; 7971_1.jpg; 7971_1.jpg; 7971_6.jpg; 7607_10.jpg; 7997_18.jpg; 7607_11.jpg; 7607_12.jpg; 7997_12.jpg; 7997_15.jpg; 7997_14.jpg; 7971_14.jpg; 8056_13.jpg; 7823_10.jpg; 7567_7.jpg; 7997_23.jpg; 7997_13.jpg; 7997_16.jpg; 7971_1.jpg; 7971_3.jpg; 7823_15.jpg; 7164_18.jpg; 7879_14.jpg; 7714_9.jpg; 5131_11.jpg; 7997_20.jpg; 7918_8.jpg; 7596_10.jpg; 7954_16.jpg; 7618_14.jpg
8005,[중고] Bede scientific E.D.R. Detector Interface,[Used] Bede scientific E.D.R. Detector Interface,,550000,502.42,,Controller/Other,,8005_1.jpg; 8005_1.jpg; 8005_3.jpg; 8005_1.jpg; 8005_1.jpg; 8005_6.jpg; 8005_7.jpg; 8052_8.jpg; 8052_11.jpg; 8052_13.jpg; 8052_10.jpg; 8052_17.jpg; 8052_19.jpg; 8052_14.jpg; 5463_25.jpg; 8052_16.jpg; 8052_15.jpg; 8052_12.jpg; 8052_18.jpg; 8052_9.jpg; 8005_1.jpg; 8005_3.jpg; 8052_20.jpg; 7465_17.jpg; 7164_18.jpg; 7879_14.jpg; 7714_9.jpg; 5131_11.jpg; 7997_20.jpg; 7918_8.jpg; 7596_10.jpg; 7954_16.jpg
7547,[중고] Swagelok SS-44S6 BALL VALVE,[중고] Swagelok SS-44S6 BALL VALVE,SS-44S6,22000,20.1,,Valve/tube fitting parts,,7547_1.jpg; 7547_1.jpg; 7547_3.jpg; 7547_1.jpg; 7547_1.jpg; 7547_6.jpg; 7296_8.jpg; 7296_9.jpg; 7296_10.jpg; 7296_14.jpg; 7547_1.jpg; 7547_3.jpg; 7296_11.jpg; 8052_20.jpg; 7465_17.jpg; 7164_18.jpg; 7879_14.jpg; 7714_9.jpg; 5131_11.jpg; 7997_20.jpg; 7918_8.jpg; 7596_10.jpg
5999,[중고] ISSOKU (210/90mm) 볼스크류 볼나사 Ballscrew TM스크류 베어링 삼익THK 자동화부품 조각기 3D프린터 제작부품 자작 DIY,[Used] ISSOKU (210/90mm) Ballscrew Ball Screw Ballscrew TM Screw Bearing Samik THK Automation Parts Engraver 3D Printer Manufacturing Parts DIY,210/90mm,44000,40.19,THK,Ball screw/spline (SPLINE),,5999_1.jpg; 5999_1.jpg; 5999_3.jpg; 5999_1.jpg; 5999_1.jpg; 5999_6.jpg; 853_13.jpg; 6012_11.jpg; 6012_14.jpg; 6008_19.jpg; 853_10.jpg; 6008_23.jpg; 6012_12.jpg; 6012_16.jpg; 6012_8.jpg; 6012_18.jpg; 6012_17.jpg; 6012_20.jpg; 853_26.jpg; 6012_23.jpg; 5999_1.jpg; 5999_3.jpg; 6012_13.jpg; 7296_11.jpg; 8052_20.jpg; 7465_17.jpg; 7164_18.jpg; 7879_14.jpg; 7714_9.jpg; 5131_11.jpg; 7997_20.jpg; 7918_8.jpg
7528,[중고] HSR20-R형 (길이520mm/블럭2개) LM가이드 엘엠가이드 LM GUIDE THK IKO NSK 자동화부품 정밀부품 조각기 3D프린터 제작부품 삼익THK 베어링,[Used] HSR20-R type (length 520mm/2 blocks) LM Guide LM Guide LM GUIDE THK IKO NSK Automation Parts Precision Parts Engraver 3D Printer Manufacturing Parts Samik THK Bearing,HSR20-R,55000,50.24,THK,LM GUIDE / BUSHING,,7528_1.jpg; 7528_1.jpg; 7528_3.jpg; 7528_1.jpg; 7528_1.jpg; 7528_6.jpg; 7833_17.jpg; 7833_23.jpg; 7833_18.jpg; 7834_17.jpg; 7833_7.jpg; 7834_11.jpg; 7834_7.jpg; 7834_9.jpg; 7834_6.jpg; 7834_10.jpg; 7834_13.jpg; 7834_12.jpg; 7834_15.jpg; 7834_16.jpg; 7528_1.jpg; 7528_3.jpg; 7658_14.jpg; 6012_13.jpg; 7296_11.jpg; 8052_20.jpg; 7465_17.jpg; 7164_18.jpg; 7879_14.jpg; 7714_9.jpg; 5131_11.jpg; 7997_20.jpg
7335,[중고] XU-RC350D-S01 ERCR-NS01-B004 NXC100 YASKAWA ATM ROBOT,[Used] XU-RC350D-S01 ERCR-NS01-B004 NXC100 YASKAWA ATM ROBOT,XU-RC350D-S01,8800000,8038.8,RORZE,semiconductor equipment,,7335_1.jpg; 7335_1.jpg; 7335_3.jpg; 7335_1.jpg; 7335_1.jpg; 7335_6.jpg; 7335_7.jpg; 7335_8.jpg; 7335_9.jpg; 8054_21.jpg; 7997_24.jpg; 8029_17.jpg; 8050_18.jpg; 8050_14.jpg; 8029_25.jpg; 6631_18.jpg; 8029_18.jpg; 8050_15.jpg; 6631_23.jpg; 8029_21.jpg; 6631_18.jpg; 8050_19.jpg; 8029_14.jpg; 7335_1.jpg; 7335_3.jpg; 5820_11.jpg; 7658_14.jpg; 6012_13.jpg; 7296_11.jpg; 8052_20.jpg; 7465_17.jpg; 7164_18.jpg; 7879_14.jpg; 7714_9.jpg; 5131_11.jpg
7663,[중고] 6ES7 332-5HD01-0AB0,[Used] 6ES7 332-5HD01-0AB0,6ES7,295000,269.48,,PLC,,7663_1.jpg; 7663_1.jpg; 7663_3.jpg; 7663_1.jpg; 7663_1.jpg; 7662_1.jpg; 7662_8.jpg; 7662_9.jpg; 7662_13.jpg; 7959_12.jpg; 7662_7.jpg; 7662_11.jpg; 7662_10.jpg; 7663_1.jpg; 7663_3.jpg; 7662_12.jpg; 5820_11.jpg; 7658_14.jpg; 6012_13.jpg; 7296_11.jpg; 8052_20.jpg; 7465_17.jpg; 7164_18.jpg; 7879_14.jpg; 7714_9.jpg
7642,"[중고] YOKOGAWA 2축 LINEAR SERVO ACTUATOR DYNASERV (TM10501045-2SN,TM21001045-2SN,LM10510E00-0BS2,LM21010H00-0BS4)","[Used] YOKOGAWA 2-axis LINEAR SERVO ACTUATOR DYNASERV (TM10501045-2SN,TM21001045-2SN,LM10510E00-0BS2,LM21010H00-0BS4)","TM10501045-2SN,TM21001045-2SN,LM10510E00-0BS2,LM21010H00-0BS4",1980000,1808.73,,Cartesian robot/actuator,,7642_1.jpg; 7642_1.jpg; 7642_3.jpg; 7642_1.jpg; 7642_5.jpg; 7642_6.jpg; 7642_7.jpg; 7642_8.jpg; 7642_9.jpg; 7640_11.jpg; 7640_13.jpg; 7640_17.jpg; 7640_14.jpg; 7640_10.jpg; 7642_1.jpg; 7642_3.jpg; 7640_12.jpg; 7662_12.jpg; 5820_11.jpg; 7658_14.jpg; 6012_13.jpg; 7296_11.jpg; 8052_20.jpg; 7465_17.jpg; 7164_18.jpg; 7879_14.jpg
5993,[중고] SUNX FX-301 FX-301P NAVI 디지털 레이저센서 앰프,[Used] SUNX FX-301 FX-301P NAVI Digital Laser Sensor Amplifier,FX-301,55000,50.24,,Sensors / various cables,,5993_1.jpg; 5993_1.jpg; 5993_3.jpg; 5993_1.jpg; 5993_1.jpg; 5609_24.jpg; 5991_9.jpg; 5163_14.jpg; 5161_22.jpg; 5991_17.jpg; 5161_15.jpg; 5983_13.jpg; 5287_12.jpg; 8036_23.jpg; 8036_24.jpg; 5159_10.jpg; 5609_20.jpg; 5991_10.jpg; 5163_7.jpg; 5993_1.jpg; 5993_3.jpg; 5609_11.jpg; 7640_12.jpg; 7662_12.jpg; 5820_11.jpg; 7658_14.jpg; 6012_13.jpg; 7296_11.jpg; 8052_20.jpg; 7465_17.jpg; 7164_18.jpg
8015,[중고] SP-150-24 (24V 6.3A) 파워써플라이 파워서플라이 POWER SUPPLY SMPS,[Used] SP-150-24 (24V 6.3A) Power supply Power supply POWER SUPPLY SMPS,SP-150-24,33000,30.15,,Power supply SMPS,,8015_1.jpg; 8015_1.jpg; 8015_3.jpg; 8015_1.jpg; 8015_1.jpg; 8015_6.jpg; 8013_18.jpg; 8015_8.jpg; 8015_9.jpg; 8013_23.jpg; 8015_11.jpg; 8015_12.jpg; 8015_13.jpg; 8013_20.jpg; 8015_15.jpg; 8015_16.jpg; 8013_13.jpg; 7784_7.jpg; 8013_17.jpg; 7784_9.jpg; 8015_1.jpg; 8015_3.jpg; 8015_23.jpg; 5609_11.jpg; 7640_12.jpg; 7662_12.jpg; 5820_11.jpg; 7658_14.jpg; 6012_13.jpg; 7296_11.jpg; 8052_20.jpg; 7465_17.jpg
7421,MKS 626B11TBE 10Torr Baratron,MKS 626B11TBE 10Torr Baratron,626B11TBE,660000,602.91,MKS,vacuum gauge,,7421_1.jpg; 7421_1.jpg; 7421_3.jpg; 7421_1.jpg; 7421_1.jpg; 7421_6.jpg; 7421_7.jpg; 7561_20.jpg; 7465_20.jpg; 7561_19.jpg; 7142_20.jpg; 7332_10.jpg; 7465_10.jpg; 7561_8.jpg; 7465_13.jpg; 7561_18.jpg; 7818_21.jpg; 7465_11.jpg; 7465_17.jpg; 7561_11.jpg; 7585_10.jpg; 7421_1.jpg; 7421_3.jpg; 7332_17.jpg; 5609_11.jpg; 7640_12.jpg; 7662_12.jpg; 5820_11.jpg; 7658_14.jpg; 6012_13.jpg; 7296_11.jpg; 8052_20.jpg; 7465_17.jpg
7632,[중고] MKS PR4000-F2V1N,[Used] MKS PR4000-F2V1N,PR4000-F2V1N,1100000,1004.85,MKS,Pressure controller/gas analyzer,,7632_1.jpg; 7632_1.jpg; 7632_3.jpg; 7632_1.jpg; 7632_1.jpg; 7632_6.jpg; 7789_11.jpg; 6235_19.jpg; 7640_18.jpg; 7789_8.jpg; 7789_9.jpg; 7789_9.jpg; 7789_19.jpg; 7789_15.jpg; 7789_12.jpg; 6235_14.jpg; 6262_5.jpg; 7789_18.jpg; 7789_16.jpg; 7789_17.jpg; 7632_1.jpg; 7632_3.jpg; 6235_15.jpg; 7332_17.jpg; 5609_11.jpg; 7640_12.jpg; 7662_12.jpg; 5820_11.jpg; 7658_14.jpg; 6012_13.jpg; 7296_11.jpg; 8052_20.jpg
6266,[중고] GPC3000-00-0-0 Pressure & Flow Controller GAT ATOVAC,[Used] GPC3000-00-0-0 Pressure & Flow Controller GAT ATOVAC,GPC3000-00-0-0,220000,200.97,,Pressure controller/gas analyzer,,6266_1.jpg; 6266_1.jpg; 6266_3.jpg; 6266_1.jpg; 6266_5.jpg; 7789_15.jpg; 7640_18.jpg; 7789_20.jpg; 7789_14.jpg; 7789_13.jpg; 7789_17.jpg; 7789_21.jpg; 7789_9.jpg; 7789_16.jpg; 7789_19.jpg; 7789_12.jpg; 6262_9.jpg; 6235_14.jpg; 7789_11.jpg; 6266_1.jpg; 6266_3.jpg; 6235_19.jpg; 6235_15.jpg; 7332_17.jpg; 5609_11.jpg; 7640_12.jpg; 7662_12.jpg; 5820_11.jpg; 7658_14.jpg; 6012_13.jpg; 7296_11.jpg
8045,[중고] SHIMADZU TMP-4203LMC EI-D4203M Turbo molecular pump,[Used] SHIMADZU TMP-4203LMC EI-D4203M Turbo molecular pump,TMP-4203LMC,9900000,9043.65,EDWARDS,vacuum pump,,8045_1.jpg; 8045_1.jpg; 8045_3.jpg; 8045_1.jpg; 8045_1.jpg; 8045_6.jpg; 8045_7.jpg; 8045_8.jpg; 8045_9.jpg; 6447_7.jpg; 6447_12.jpg; 6447_9.jpg; 6447_13.jpg; 6447_10.jpg; 6447_6.jpg; 7674_25.jpg; 6447_8.jpg; 8045_1.jpg; 8045_3.jpg; 6447_11.jpg; 6235_15.jpg; 7332_17.jpg; 5609_11.jpg; 7640_12.jpg; 7662_12.jpg; 5820_11.jpg; 7658_14.jpg; 6012_13.jpg; 7296_11.jpg
8061,[중고] DRT1-COM OMRON,[Used] DRT1-COM OMRON,DRT1-COM,33000,30.15,OMRON,communication module,,8061_1.jpg; 8061_1.jpg; 8061_3.jpg; 8061_1.jpg; 8061_1.jpg; 8061_6.jpg; 7918_14.jpg; 7916_18.jpg; 7914_12.jpg; 7918_8.jpg; 6964_14.jpg; 7918_15.jpg; 7605_14.jpg; 5166_25.jpg; 7801_9.jpg; 7801_16.jpg; 7914_8.jpg; 8060_14.jpg; 7821_12.jpg; 8065_8.jpg; 8061_1.jpg; 8061_3.jpg; 7375_19.jpg; 6447_11.jpg; 6235_15.jpg; 7332_17.jpg; 5609_11.jpg; 7640_12.jpg; 7662_12.jpg; 5820_11.jpg; 7658_14.jpg; 6012_13.jpg
6520,[중고] Advanced Energy M/N 3155301-008C MATCH RF Navigator,[Used] Advanced Energy M/N 3155301-008C MATCH RF Navigator,3155301-008C,3300000,3014.55,,RF/DC/MATCH,,6520_1.jpg; 6520_1.jpg; 6520_3.jpg; 6520_1.jpg; 6520_1.jpg; 6520_6.jpg; 6520_7.jpg; 6512_16.jpg; 6594_19.jpg; 6503_16.jpg; 6594_13.jpg; 6512_15.jpg; 6594_10.jpg; 6503_14.jpg; 6594_15.jpg; 6594_21.jpg; 6594_12.jpg; 6512_18.jpg; 6594_18.jpg; 6512_22.jpg; 6503_18.jpg; 6520_1.jpg; 6520_3.jpg; 6594_8.jpg; 6447_11.jpg; 6235_15.jpg; 7332_17.jpg; 5609_11.jpg; 7640_12.jpg; 7662_12.jpg; 5820_11.jpg; 7658_14.jpg; 6012_13.jpg
8032,[중고] SGMAH-04A1F-YA11 야스카와 서보 서보모터 AC서보모터 YASKAWA 시그마 자동화부품 조각기 3D프린터 부품 산업용 자동화설비,[Used] SGMAH-04A1F-YA11 YASKAWA Servo Servo Motor AC Servo Motor YASKAWA Sigma Automation Parts Engraver 3D Printer Parts Industrial Automation Equipment,SGMAH-04A1F-YA11,198000,180.87,YASKAWA,Servo motor/servo driver,,8032_1.jpg; 8032_1.jpg; 8032_3.jpg; 8032_1.jpg; 8032_1.jpg; 8032_6.jpg; 7733_23.jpg; 7733_19.jpg; 7731_9.jpg; 8032_10.jpg; 7733_8.jpg; 8027_25.jpg; 7709_19.jpg; 7616_9.jpg; 7968_22.jpg; 7733_20.jpg; 7968_19.jpg; 7968_21.jpg; 7142_18.jpg; 7732_12.jpg; 8032_1.jpg; 8032_3.jpg; 7732_16.jpg; 6594_8.jpg; 6447_11.jpg; 6235_15.jpg; 7332_17.jpg; 5609_11.jpg; 7640_12.jpg; 7662_12.jpg; 5820_11.jpg; 7658_14.jpg
5816,[중고] RORZE RR741L1512-411-11X-1 CURR-8451-1 웨이퍼 핸들링 로봇 ATM ROBOT,[Used] RORZE RR741L1512-411-11X-1 CURR-8451-1 wafer handling robot ATM ROBOT,RR741L1512-411-11X-1,16500000,15072.75,RORZE,semiconductor equipment,,5816_1.jpg; 5816_1.jpg; 5816_3.jpg; 5816_1.jpg; 5816_1.jpg; 5816_6.jpg; 5816_7.jpg; 5816_8.jpg; 5816_9.jpg; 6631_23.jpg; 7934_21.jpg; 8029_19.jpg; 7440_23.jpg; 8029_25.jpg; 8054_15.jpg; 8054_19.jpg; 5820_10.jpg; 7292_16.jpg; 8028_24.jpg; 7440_29.jpg; 7440_24.jpg; 7226_7.jpg; 8030_17.jpg; 5816_1.jpg; 5816_3.jpg; 6631_21.jpg; 6594_8.jpg; 6447_11.jpg; 6235_15.jpg; 7332_17.jpg; 5609_11.jpg; 7640_12.jpg; 7662_12.jpg; 5820_11.jpg; 7658_14.jpg
7902,[중고] SMI GCF-TICL4 LCSS 200H,[Used] SMI GCF-TICL4 LCSS 200H,GCF-TICL4,3300000,3014.55,,gas cabinet,,7902_1.jpg; 7902_1.jpg; 7902_3.jpg; 7902_1.jpg; 7902_1.jpg; 7902_6.jpg; 7902_7.jpg; 7902_8.jpg; 7902_9.jpg; 7902_10.jpg; 7903_10.jpg; 6631_26.jpg; 7903_8.jpg; 7903_17.jpg; 6632_24.jpg; 7903_11.jpg; 7748_18.jpg; 7902_1.jpg; 7902_3.jpg; 7903_12.jpg; 6594_8.jpg; 6447_11.jpg; 6235_15.jpg; 7332_17.jpg; 5609_11.jpg; 7640_12.jpg; 7662_12.jpg; 5820_11.jpg; 7658_14.jpg
6816,[중고] MC9_8R-K1-SS-3-2 HANYOUNG NUX 한영넉스 온도컨트롤러 디지털 인디케이터 인디케이터 indicator,[Used] MC9_8R-K1-SS-3-2 HANYOUNG NUX Temperature controller digital indicator indicator indicator,MC9_8R-K1-SS-3-2,165000,150.73,,Temperature controller/indicator,,6816_1.jpg; 6816_1.jpg; 6816_3.jpg; 6816_1.jpg; 6816_1.jpg; 6816_6.jpg; 7348_12.jpg; 6804_17.jpg; 6804_20.jpg; 5694_15.jpg; 7489_13.jpg; 7474_14.jpg; 6804_12.jpg; 7474_19.jpg; 5694_14.jpg; 6804_16.jpg; 5694_23.jpg; 7366_12.jpg; 6821_27.jpg; 6804_7.jpg; 6816_1.jpg; 6816_3.jpg; 6804_9.jpg; 7903_12.jpg; 6594_8.jpg; 6447_11.jpg; 6235_15.jpg; 7332_17.jpg; 5609_11.jpg; 7640_12.jpg; 7662_12.jpg; 5820_11.jpg
7661,[중고] 6ES7 390-1AF30-0AA0,[Used] 6ES7 390-1AF30-0AA0,6ES7,33000,30.15,,PLC,,7661_1.jpg; 7661_1.jpg; 7661_3.jpg; 7661_1.jpg; 7661_5.jpg; 7661_1.jpg; 7662_7.jpg; 7662_10.jpg; 7662_12.jpg; 7662_9.jpg; 7959_12.jpg; 7662_13.jpg; 7662_8.jpg; 7661_1.jpg; 7661_3.jpg; 7662_11.jpg; 7903_12.jpg; 6594_8.jpg; 6447_11.jpg; 6235_15.jpg; 7332_17.jpg; 5609_11.jpg; 7640_12.jpg; 7662_12.jpg; 5820_11.jpg
7643,[중고] GTR AF2SZ15-120M100S1  ~100W 120:1 중공축,[Used] GTR AF2SZ15-120M100S1 ~100W 120:1 hollow shaft,AF2SZ15-120M100S1,110000,100.48,,Reducer/Index/Coupling,,7643_1.jpg; 7643_1.jpg; 7643_3.jpg; 7643_1.jpg; 6990_5.jpg; 7643_6.jpg; 7643_1.jpg; 7643_8.jpg; 7617_21.jpg; 7617_9.jpg; 7617_10.jpg; 7627_10.jpg; 7617_17.jpg; 7617_15.jpg; 7627_13.jpg; 7617_14.jpg; 7072_14.jpg; 7627_15.jpg; 7627_21.jpg; 7617_11.jpg; 5897_17.jpg; 6994_25.jpg; 7643_1.jpg; 7643_3.jpg; 7617_19.jpg; 7662_11.jpg; 7903_12.jpg; 6594_8.jpg; 6447_11.jpg; 6235_15.jpg; 7332_17.jpg; 5609_11.jpg; 7640_12.jpg; 7662_12.jpg
5409,[중고] HAMAMATSU C4742,[Used] HAMAMATSU C4742,C4742,330000,301.45,,Industrial Cameras/Lens/Lighting,,5409_1.jpg; 5409_1.jpg; 5409_3.jpg; 5409_1.jpg; 5409_1.jpg; 5409_6.jpg; 5131_14.jpg; 5131_19.jpg; 5131_11.jpg; 5131_22.jpg; 5131_17.jpg; 5463_9.jpg; 5131_7.jpg; 5131_10.jpg; 5463_21.jpg; 5131_8.jpg; 4594_9.jpg; 5463_16.jpg; 5463_17.jpg; 5131_13.jpg; 5409_1.jpg; 5409_3.jpg; 5131_12.jpg; 7617_19.jpg; 7662_11.jpg; 7903_12.jpg; 6594_8.jpg; 6447_11.jpg; 6235_15.jpg; 7332_17.jpg; 5609_11.jpg; 7640_12.jpg
7835,[중고] HSR20-A형 (길이880mm/블럭1개) LM가이드 엘엠가이드 LM GUIDE THK IKO NSK 자동화부품 정밀부품 조각기 3D프린터 제작부품 삼익THK 베어링,[Used] HSR20-A type (length 880mm/1 block) LM Guide LM Guide LM GUIDE THK IKO NSK Automation Parts Precision Parts Engraver 3D Printer Manufacturing Parts Samik THK Bearing,HSR20-A,55000,50.24,THK,LM GUIDE / BUSHING,,7835_1.jpg; 7835_1.jpg; 7835_3.jpg; 7835_1.jpg; 7835_1.jpg; 7835_6.jpg; 7834_15.jpg; 7834_7.jpg; 7833_17.jpg; 7834_21.jpg; 7833_18.jpg; 7834_16.jpg; 7834_11.jpg; 7834_5.jpg; 7833_23.jpg; 7834_10.jpg; 7834_14.jpg; 7834_12.jpg; 7834_8.jpg; 7834_6.jpg; 7835_1.jpg; 7835_3.jpg; 7834_9.jpg; 5131_12.jpg; 7617_19.jpg; 7662_11.jpg; 7903_12.jpg; 6594_8.jpg; 6447_11.jpg; 6235_15.jpg; 7332_17.jpg; 5609_11.jpg
7773,[중고] ST-7188 CREVIS DeviceNet,[Used] ST-7188 CREVIS DeviceNet,ST-7188,55000,50.24,,communication module,,7773_1.jpg; 7773_1.jpg; 7773_3.jpg; 7773_1.jpg; 7773_5.jpg; 7773_6.jpg; 7918_19.jpg; 7376_11.jpg; 7916_14.jpg; 7914_12.jpg; 7419_17.jpg; 8060_20.jpg; 8060_14.jpg; 8060_11.jpg; 6964_14.jpg; 7375_20.jpg; 7918_10.jpg; 8065_9.jpg; 8064_11.jpg; 7914_7.jpg; 7773_1.jpg; 7773_3.jpg; 7914_15.jpg; 7834_9.jpg; 5131_12.jpg; 7617_19.jpg; 7662_11.jpg; 7903_12.jpg; 6594_8.jpg; 6447_11.jpg; 6235_15.jpg; 7332_17.jpg
7539,[중고] PCI-1730 Rev.A1 01-3,[Used] PCI-1730 Rev.A1 01-3,PCI-1730,99000,90.44,,Computer/Computer-related parts,,7539_1.jpg; 7539_1.jpg; 7539_3.jpg; 7539_1.jpg; 7539_5.jpg; 7539_6.jpg; 6911_12.jpg; 7999_16.jpg; 6911_19.jpg; 7127_17.jpg; 7127_13.jpg; 6916_9.jpg; 7938_10.jpg; 7164_14.jpg; 6916_10.jpg; 6823_12.jpg; 7127_20.jpg; 6916_13.jpg; 6911_9.jpg; 6850_9.jpg; 7539_1.jpg; 7539_3.jpg; 7127_11.jpg; 7834_9.jpg; 5131_12.jpg; 7617_19.jpg; 7662_11.jpg; 7903_12.jpg; 6594_8.jpg; 6447_11.jpg; 6235_15.jpg; 7332_17.jpg
5601,[중고] IAI ROBO CYLINDER (RCS-RB7525-I-60-0-GS2-M-50-S-B-A3),[Used] IAI ROBO CYLINDER (RCS-RB7525-I-60-0-GS2-M-50-S-B-A3),RCS-RB7525-I-60-0-GS2-M-50-S-B-A3,330000,301.45,,Cartesian robot/actuator,,5601_1.jpg; 5601_1.jpg; 5601_3.jpg; 5601_1.jpg; 5601_5.jpg; 5601_6.jpg; 7215_22.jpg; 7215_24.jpg; 7650_17.jpg; 7653_17.jpg; 7215_17.jpg; 7215_21.jpg; 5769_22.jpg; 7215_18.jpg; 7215_23.jpg; 7215_27.jpg; 7650_24.jpg; 5274_20.jpg; 7215_16.jpg; 5274_14.jpg; 5601_1.jpg; 5601_3.jpg; 7215_19.jpg; 7127_11.jpg; 7834_9.jpg; 5131_12.jpg; 7617_19.jpg; 7662_11.jpg; 7903_12.jpg; 6594_8.jpg; 6447_11.jpg; 6235_15.jpg
7625,[중고] TEM TECH LAB HYPFU-010D-S2/6700,[Used] TEM TECH LAB HYPFU-010D-S2/6700,HYPFU-010D-S2/6700,55000,50.24,,Gas valve/regulator/pressure gauge,,7625_1.jpg; 7625_1.jpg; 7625_3.jpg; 7625_1.jpg; 7625_5.jpg; 7625_6.jpg; 7625_7.jpg; 7823_12.jpg; 7607_15.jpg; 7997_13.jpg; 7607_7.jpg; 7607_12.jpg; 7567_7.jpg; 7997_16.jpg; 7607_11.jpg; 7997_20.jpg; 8056_18.jpg; 7607_8.jpg; 8056_13.jpg; 7997_17.jpg; 7997_23.jpg; 7625_1.jpg; 7625_3.jpg; 7997_8.jpg; 7215_19.jpg; 7127_11.jpg; 7834_9.jpg; 5131_12.jpg; 7617_19.jpg; 7662_11.jpg; 7903_12.jpg; 6594_8.jpg; 6447_11.jpg
5116,[중고] Safty Sensor BW40-10P BW40-08P BW40-04P Autonics,[Used] Safty Sensor BW40-10P BW40-08P BW40-04P Autonics,BW40-10P,66000,60.29,,Sensors / various cables,,5116_1.jpg; 5116_1.jpg; 5116_3.jpg; 5116_1.jpg; 5116_1.jpg; 5116_6.jpg; 5163_14.jpg; 5991_16.jpg; 5609_18.jpg; 5609_21.jpg; 5609_12.jpg; 5609_22.jpg; 5159_9.jpg; 8022_10.jpg; 8022_17.jpg; 5163_23.jpg; 5991_14.jpg; 5159_20.jpg; 5609_19.jpg; 5983_15.jpg; 5116_1.jpg; 5116_3.jpg; 8036_11.jpg; 7215_19.jpg; 7127_11.jpg; 7834_9.jpg; 5131_12.jpg; 7617_19.jpg; 7662_11.jpg; 7903_12.jpg; 6594_8.jpg; 6447_11.jpg
6793,[중고] KEYENCE MT-260 터치스크린,[Used] KEYENCE MT-260 Touch Screen,MT-260,176000,160.78,,touch screen,,6793_1.jpg; 6793_1.jpg; 6793_3.jpg; 6793_1.jpg; 6793_1.jpg; 6793_6.jpg; 6793_7.jpg; 6799_9.jpg; 6799_12.jpg; 6793_1.jpg; 6793_3.jpg; 6799_8.jpg; 7997_8.jpg; 7215_19.jpg; 7127_11.jpg; 7834_9.jpg; 5131_12.jpg; 7617_19.jpg; 7662_11.jpg; 7903_12.jpg; 6594_8.jpg
6958,[중고] MKS PR4000-F2V1N,[Used] MKS PR4000-F2V1N,PR4000-F2V1N,1100000,1004.85,MKS,Pressure controller/gas analyzer,,6958_1.jpg; 6958_1.jpg; 6958_3.jpg; 6958_1.jpg; 6958_1.jpg; 6958_6.jpg; 6958_7.jpg; 7789_11.jpg; 7789_17.jpg; 7789_13.jpg; 6235_19.jpg; 7789_9.jpg; 6262_9.jpg; 6235_15.jpg; 7789_12.jpg; 7789_19.jpg; 7789_16.jpg; 7789_21.jpg; 6235_14.jpg; 7789_8.jpg; 7640_18.jpg; 6958_1.jpg; 6958_3.jpg; 7789_15.jpg; 6799_8.jpg; 7997_8.jpg; 7215_19.jpg; 7127_11.jpg; 7834_9.jpg; 5131_12.jpg; 7617_19.jpg; 7662_11.jpg; 7903_12.jpg
8009,[중고] SMC 레귤레이터 AW3000-N02B-6RW AW3000-03B,[Used] SMC Regulator AW3000-N02B-6RW AW3000-03B,AW3000-N02B-6RW,16500,15.07,,Pneumatic parts (PNEUMATIC),,8009_1.jpg; 8009_1.jpg; 8009_3.jpg; 8009_1.jpg; 8009_1.jpg; 8009_6.jpg; 8009_7.jpg; 8009_8.jpg; 8009_9.jpg; 8009_10.jpg; 8009_11.jpg; 8009_12.jpg; 8009_13.jpg; 8009_14.jpg; 8009_15.jpg; 8009_16.jpg; 8009_17.jpg; 8009_18.jpg; 8009_19.jpg; 8009_20.jpg; 8009_21.jpg; 8009_22.jpg; 8009_1.jpg; 8009_3.jpg; 8009_25.jpg; 7789_15.jpg; 6799_8.jpg; 7997_8.jpg; 7215_19.jpg; 7127_11.jpg; 7834_9.jpg; 5131_12.jpg; 7617_19.jpg; 7662_11.jpg
7788,[중고] GPC3000-00-0-0 Pressure & Flow Controller GAT ATOVAC,[Used] GPC3000-00-0-0 Pressure & Flow Controller GAT ATOVAC,GPC3000-00-0-0,220000,200.97,,Pressure controller/gas analyzer,,7788_1.jpg; 7788_1.jpg; 7788_3.jpg; 7788_1.jpg; 7788_1.jpg; 7788_6.jpg; 7788_7.jpg; 7788_8.jpg; 7789_15.jpg; 6262_9.jpg; 7789_18.jpg; 7789_8.jpg; 7789_19.jpg; 7789_17.jpg; 7789_21.jpg; 7789_14.jpg; 7789_9.jpg; 6235_16.jpg; 7640_18.jpg; 6235_15.jpg; 7789_16.jpg; 7789_9.jpg; 7788_1.jpg; 7788_3.jpg; 7789_12.jpg; 7789_15.jpg; 6799_8.jpg; 7997_8.jpg; 7215_19.jpg; 7127_11.jpg; 7834_9.jpg; 5131_12.jpg; 7617_19.jpg; 7662_11.jpg
4300,[중고] COHERENT AVIA355-14 LASER 석정반,[Used] COHERENT AVIA355-14 LASER stone granite,AVIA355-14,8800000,8038.8,,Industrial Cameras/Lens/Lighting,,4300_1.jpg; 4300_1.jpg; 4300_3.jpg; 4300_1.jpg; 4300_5.jpg; 7298_10.jpg; 7298_6.jpg; 4300_1.jpg; 4300_3.jpg; 7298_7.jpg; 7789_12.jpg; 7789_15.jpg; 6799_8.jpg; 7997_8.jpg; 7215_19.jpg; 7127_11.jpg; 7834_9.jpg; 5131_12.jpg; 7617_19.jpg
7592,[중고] CJ1W-OD233,[Used] CJ1W-OD233,CJ1W-OD233,66000,60.29,,PLC,,7592_1.jpg; 7592_1.jpg; 7592_3.jpg; 7592_1.jpg; 7592_1.jpg; 7592_6.jpg; 7991_20.jpg; 7991_18.jpg; 7991_13.jpg; 7992_12.jpg; 7990_25.jpg; 7991_16.jpg; 7990_22.jpg; 7988_12.jpg; 7992_11.jpg; 7991_10.jpg; 7988_11.jpg; 7592_18.jpg; 7592_19.jpg; 7990_15.jpg; 7592_1.jpg; 7592_3.jpg; 7991_7.jpg; 7298_7.jpg; 7789_12.jpg; 7789_15.jpg; 6799_8.jpg; 7997_8.jpg; 7215_19.jpg; 7127_11.jpg; 7834_9.jpg; 5131_12.jpg
6596,[중고] NP NPM-2KEM-V01 MATCHER 13.56MHz,[Used] NP NPM-2KEM-V01 MATCHER 13.56MHz,NPM-2KEM-V01,660000,602.91,,RF/DC/MATCH,,6596_1.jpg; 6596_1.jpg; 6596_3.jpg; 6596_1.jpg; 6596_1.jpg; 6596_6.jpg; 6596_7.jpg; 6596_8.jpg; 6512_15.jpg; 6503_14.jpg; 6594_16.jpg; 6512_14.jpg; 6594_14.jpg; 6512_18.jpg; 6594_8.jpg; 6512_22.jpg; 6594_12.jpg; 6594_9.jpg; 6594_21.jpg; 6503_18.jpg; 6512_16.jpg; 6594_13.jpg; 6596_1.jpg; 6596_3.jpg; 6594_19.jpg; 7991_7.jpg; 7298_7.jpg; 7789_12.jpg; 7789_15.jpg; 6799_8.jpg; 7997_8.jpg; 7215_19.jpg; 7127_11.jpg; 7834_9.jpg
7904,[중고] TGR-214 가스 케비넷 (PN2) GAS CABINET GAS RACK Hanyang ENG,[Used] TGR-214 Gas Cabinet (PN2) GAS CABINET GAS RACK Hanyang ENG,TGR-214,2200000,2009.7,,gas cabinet,,7904_1.jpg; 7904_1.jpg; 7904_3.jpg; 7904_1.jpg; 7904_1.jpg; 7904_6.jpg; 7904_7.jpg; 7904_8.jpg; 7904_9.jpg; 7904_10.jpg; 7903_8.jpg; 6632_24.jpg; 6631_26.jpg; 7903_11.jpg; 7748_18.jpg; 7903_12.jpg; 7903_17.jpg; 7904_1.jpg; 7904_3.jpg; 7903_10.jpg; 7991_7.jpg; 7298_7.jpg; 7789_12.jpg; 7789_15.jpg; 6799_8.jpg; 7997_8.jpg; 7215_19.jpg; 7127_11.jpg; 7834_9.jpg
6268,[중고] GPC3000-00-0-0 Pressure & Flow Controller GAT ATOVAC,[Used] GPC3000-00-0-0 Pressure & Flow Controller GAT ATOVAC,GPC3000-00-0-0,220000,200.97,,Pressure controller/gas analyzer,,6268_1.jpg; 6268_1.jpg; 6268_3.jpg; 6268_1.jpg; 6268_5.jpg; 7789_15.jpg; 6235_15.jpg; 6235_14.jpg; 7789_13.jpg; 7789_9.jpg; 7789_19.jpg; 7789_12.jpg; 7789_20.jpg; 7789_21.jpg; 7789_14.jpg; 7640_18.jpg; 7789_17.jpg; 7789_8.jpg; 7789_16.jpg; 6268_1.jpg; 6268_3.jpg; 7789_18.jpg; 7991_7.jpg; 7298_7.jpg; 7789_12.jpg; 7789_15.jpg; 6799_8.jpg; 7997_8.jpg; 7215_19.jpg; 7127_11.jpg; 7834_9.jpg
7693,[중고]LS30 (길이200mm/블럭1개) LM가이드 엘엠가이드 LM GUIDE THK IKO NSK 자동화부품 정밀부품 조각기 3D프린터 제작부품 삼익THK 베어링,[Used] LS30 (Length 200mm/1 block) LM Guide LM Guide LM GUIDE THK IKO NSK Automation Parts Precision Parts Engraver 3D Printer Manufacturing Parts Samik THK Bearing,LS30,27500,25.12,THK,LM GUIDE / BUSHING,,7693_1.jpg; 7693_1.jpg; 7693_3.jpg; 7693_1.jpg; 7693_1.jpg; 7693_6.jpg; 7178_11.jpg; 6838_14.jpg; 6838_11.jpg; 6838_17.jpg; 6838_15.jpg; 6838_13.jpg; 6838_9.jpg; 7178_5.jpg; 6838_10.jpg; 7178_4.jpg; 6838_18.jpg; 6838_8.jpg; 6838_22.jpg; 6838_7.jpg; 7693_1.jpg; 7693_3.jpg; 6838_19.jpg; 7789_18.jpg; 7991_7.jpg; 7298_7.jpg; 7789_12.jpg; 7789_15.jpg; 6799_8.jpg; 7997_8.jpg; 7215_19.jpg; 7127_11.jpg
6742,[중고] COMDEL CPMX-3000 FP2334RB MatchPro,[Used] COMDEL CPMX-3000 FP2334RB MatchPro,CPMX-3000,2200000,2009.7,,RF/DC/MATCH,,6742_1.jpg; 6742_1.jpg; 6742_3.jpg; 6742_1.jpg; 6742_1.jpg; 6742_6.jpg; 6742_7.jpg; 6742_8.jpg; 6512_22.jpg; 6594_10.jpg; 6512_15.jpg; 6512_16.jpg; 6594_21.jpg; 6594_11.jpg; 6594_17.jpg; 6512_14.jpg; 6512_18.jpg; 6594_20.jpg; 6594_16.jpg; 6594_14.jpg; 6594_18.jpg; 6594_9.jpg; 6742_1.jpg; 6742_3.jpg; 6503_14.jpg; 6838_19.jpg; 7789_18.jpg; 7991_7.jpg; 7298_7.jpg; 7789_12.jpg; 7789_15.jpg; 6799_8.jpg; 7997_8.jpg; 7215_19.jpg
7706,[중고] NW25 TERA-G/V-NW25[MH] 앵글밸브,[Used] NW25 TERA-G/V-NW25[MH] Angle valve,NW25,55000,50.24,,vacuum valve,,7706_1.jpg; 7706_1.jpg; 7706_3.jpg; 7706_1.jpg; 7706_1.jpg; 7706_6.jpg; 7706_7.jpg; 7706_8.jpg; 7690_19.jpg; 7690_11.jpg; 8038_25.jpg; 6804_24.jpg; 8038_20.jpg; 7706_14.jpg; 7879_14.jpg; 7706_16.jpg; 7942_14.jpg; 8038_9.jpg; 7706_19.jpg; 7942_18.jpg; 7942_20.jpg; 7706_1.jpg; 7706_3.jpg; 7706_24.jpg; 6503_14.jpg; 6838_19.jpg; 7789_18.jpg; 7991_7.jpg; 7298_7.jpg; 7789_12.jpg; 7789_15.jpg; 6799_8.jpg; 7997_8.jpg
5382,[중고] S8I25GD SPG기어드모터 인덕션모터 AC모터 AC기어드모터,[Used] S8I25GD SPG geared motor induction motor AC motor AC geared motor,S8I25GD,22000,20.1,,AC motor/geared motor/DC motor,,5382_1.jpg; 5382_1.jpg; 5382_3.jpg; 5382_1.jpg; 5382_1.jpg; 5972_12.jpg; 5972_17.jpg; 5972_20.jpg; 5972_13.jpg; 5383_6.jpg; 5401_9.jpg; 5380_6.jpg; 5972_10.jpg; 5401_15.jpg; 5972_11.jpg; 5388_12.jpg; 5972_15.jpg; 5401_14.jpg; 4735_22.jpg; 5382_1.jpg; 5382_3.jpg; 5380_10.jpg; 5382_23.jpg; 7706_24.jpg; 6503_14.jpg; 6838_19.jpg; 7789_18.jpg; 7991_7.jpg; 7298_7.jpg; 7789_12.jpg; 7789_15.jpg
6915,[중고] SRCP_BBC4P,[Used] SRCP_BBC4P,SRCP_BBC4P,165000,150.73,,Computer/Computer-related parts,,6915_1.jpg; 6915_1.jpg; 6915_3.jpg; 6915_1.jpg; 6915_1.jpg; 6915_6.jpg; 6916_11.jpg; 7081_17.jpg; 7132_15.jpg; 7214_10.jpg; 7293_10.jpg; 6916_19.jpg; 7938_13.jpg; 6911_24.jpg; 7999_16.jpg; 7081_21.jpg; 6911_19.jpg; 6916_8.jpg; 7509_11.jpg; 7510_15.jpg; 6915_1.jpg; 6915_3.jpg; 6916_18.jpg; 5380_10.jpg; 5382_23.jpg; 7706_24.jpg; 6503_14.jpg; 6838_19.jpg; 7789_18.jpg; 7991_7.jpg; 7298_7.jpg; 7789_12.jpg
5740,[중고] PMI MSA25 (길이900mm/블럭2개) LM가이드 엘엠가이드 LM GUIDE THK IKO NSK 자동화부품 정밀부품 조각기 3D프린터 제작부품 베어링,[Used] PMI MSA25 (length 900mm/2 blocks) LM Guide LM Guide THK IKO NSK Automation Parts Precision Parts Engraver 3D Printer Manufacturing Parts Bearing,MSA25,66000,60.29,THK,LM GUIDE / BUSHING,,5740_1.jpg; 5740_1.jpg; 5740_3.jpg; 5740_1.jpg; 5740_1.jpg; 5737_9.jpg; 5737_7.jpg; 5737_8.jpg; 5737_13.jpg; 5737_10.jpg; 5740_1.jpg; 5740_3.jpg; 5737_6.jpg; 6916_18.jpg; 5380_10.jpg; 5382_23.jpg; 7706_24.jpg; 6503_14.jpg; 6838_19.jpg; 7789_18.jpg; 7991_7.jpg; 7298_7.jpg
4531,[중고] FR-E740-2.2K (2.2KW) 3마력 인버터 미쓰비시 INVERTER,[Used] FR-E740-2.2K (2.2KW) 3 horsepower inverter Mitsubishi INVERTER,FR-E740-2.2K,242000,221.07,,INVERTER,,4531_1.jpg; 4531_1.jpg; 4531_3.jpg; 4531_1.jpg; 4531_5.jpg; 3208_10.jpg; 3208_14.jpg; 3208_13.jpg; 3208_18.jpg; 3208_7.jpg; 3208_15.jpg; 3208_12.jpg; 3208_11.jpg; 3208_9.jpg; 3208_6.jpg; 4531_1.jpg; 4531_3.jpg; 3208_8.jpg; 6916_18.jpg; 5380_10.jpg; 5382_23.jpg; 7706_24.jpg; 6503_14.jpg; 6838_19.jpg; 7789_18.jpg; 7991_7.jpg; 7298_7.jpg
8068,[중고] SP-480-24 (24V 20A) 파워써플라이 파워서플라이 POWER SUPPLY SMPS,[Used] SP-480-24 (24V 20A) Power supply Power supply POWER SUPPLY SMPS,SP-480-24,66000,60.29,,Power supply SMPS,,8068_1.jpg; 8068_1.jpg; 8068_3.jpg; 8068_1.jpg; 8068_1.jpg; 8068_6.jpg; 8015_11.jpg; 8068_8.jpg; 7784_12.jpg; 7784_15.jpg; 7784_14.jpg; 8068_12.jpg; 8013_20.jpg; 8013_8.jpg; 8068_15.jpg; 8013_7.jpg; 8068_17.jpg; 8013_14.jpg; 8068_19.jpg; 8068_20.jpg; 8068_1.jpg; 8068_3.jpg; 8013_10.jpg; 6916_18.jpg; 5380_10.jpg; 5382_23.jpg; 7706_24.jpg; 6503_14.jpg; 6838_19.jpg; 7789_18.jpg; 7991_7.jpg; 7298_7.jpg
5323,"[중고] THK KR20 1축 엑츄에이터 리드1mm 스트로크40mm 자작 DIY CNC부품, 3D프린터 제작","[Used] THK KR20 1-axis actuator lead 1mm stroke 40mm self-made DIY CNC parts, 3D printer production",KR20,99000,90.44,THK,Cartesian robot/actuator,,5323_1.jpg; 5323_1.jpg; 5323_3.jpg; 5323_1.jpg; 5323_5.jpg; 5274_20.jpg; 7215_23.jpg; 7215_22.jpg; 5404_13.jpg; 7215_15.jpg; 7650_17.jpg; 5274_14.jpg; 7215_24.jpg; 5769_22.jpg; 5274_9.jpg; 7215_19.jpg; 7215_26.jpg; 7653_17.jpg; 7650_14.jpg; 5323_1.jpg; 5323_3.jpg; 7215_18.jpg; 3208_8.jpg; 6916_18.jpg; 5380_10.jpg; 5382_23.jpg; 7706_24.jpg; 6503_14.jpg; 6838_19.jpg; 7789_18.jpg; 7991_7.jpg
4673,[중고] Z축 AUTO 스테이지 1축 스테이지 오트스테이지 정밀스테이지 MMT 광학 스테이지,[Used] Z-axis AUTO stage 1-axis stage Auto stage Precision stage MMT optical stage,,330000,301.45,,Precision stage,,4673_1.jpg; 4673_1.jpg; 4673_3.jpg; 4673_1.jpg; 4673_5.jpg; 4673_6.jpg; 4673_7.jpg; 3012_19.jpg; 3012_14.jpg; 3012_22.jpg; 3012_13.jpg; 3012_17.jpg; 3012_16.jpg; 3012_18.jpg; 4673_1.jpg; 4673_3.jpg; 3012_15.jpg; 7215_18.jpg; 3208_8.jpg; 6916_18.jpg; 5380_10.jpg; 5382_23.jpg; 7706_24.jpg; 6503_14.jpg; 6838_19.jpg; 7789_18.jpg
7761,[중고] Mitutoyo 미츠토요 마이크로미터 헤드 0.0001mm,[Used] Mitutoyo Micrometer Head 0.0001mm,0.0001mm,22000,20.1,,Indicator/Gauge/Measuring Tool,,7761_1.jpg; 7761_1.jpg; 7761_3.jpg; 7761_1.jpg; 7761_1.jpg; 7761_6.jpg; 7761_7.jpg; 7323_10.jpg; 7323_14.jpg; 7323_9.jpg; 7761_1.jpg; 7761_3.jpg; 7323_11.jpg; 3012_15.jpg; 7215_18.jpg; 3208_8.jpg; 6916_18.jpg; 5380_10.jpg; 5382_23.jpg; 7706_24.jpg; 6503_14.jpg; 6838_19.jpg
8014,[중고]LAMBDA RS660-5 (5V 132A) EWS1500-5 (5V 300A) SR230-5 (5V 46A) EWS 25-5 (5V 5A) 파워써플라이 파워서플라이 POWER SUPPLY SMPS(5V),[Used] LAMBDA RS660-5 (5V 132A) EWS1500-5 (5V 300A) SR230-5 (5V 46A) EWS 25-5 (5V 5A) Power supply Power supply POWER SUPPLY SMPS (5V),RS660-5,66000,60.29,,Power supply SMPS,,8014_1.jpg; 8014_1.jpg; 8014_3.jpg; 8014_1.jpg; 8014_1.jpg; 8014_6.jpg; 7780_18.jpg; 7780_21.jpg; 7780_10.jpg; 7780_14.jpg; 7780_9.jpg; 7780_14.jpg; 7780_15.jpg; 7780_12.jpg; 7780_7.jpg; 7780_8.jpg; 7780_16.jpg; 7780_13.jpg; 8014_1.jpg; 8014_3.jpg; 7780_11.jpg; 7323_11.jpg; 3012_15.jpg; 7215_18.jpg; 3208_8.jpg; 6916_18.jpg; 5380_10.jpg; 5382_23.jpg; 7706_24.jpg; 6503_14.jpg
7080,[중고] COMI-SD403 V3.0 COMIZOA 커미조아,[Used] COMI-SD403 V3.0 COMIZOA,COMI-SD403,55000,50.24,,Computer/Computer-related parts,,7080_1.jpg; 7080_1.jpg; 7080_3.jpg; 7080_1.jpg; 7080_1.jpg; 7080_6.jpg; 7080_7.jpg; 7080_8.jpg; 7080_9.jpg; 6914_24.jpg; 7999_19.jpg; 7509_15.jpg; 7129_23.jpg; 7129_7.jpg; 6916_14.jpg; 7509_7.jpg; 7080_17.jpg; 6911_9.jpg; 7127_10.jpg; 6911_11.jpg; 7127_16.jpg; 7127_11.jpg; 6911_17.jpg; 7080_1.jpg; 7080_3.jpg; 6916_9.jpg; 7323_11.jpg; 3012_15.jpg; 7215_18.jpg; 3208_8.jpg; 6916_18.jpg; 5380_10.jpg; 5382_23.jpg; 7706_24.jpg; 6503_14.jpg
5969,[중고] SM9N090DB SYM기어드모터 감속기 기어헤드 인덕션모터 AC모터 AC기어드모터,[Used] SM9N090DB SYM geared motor reducer gear head induction motor AC motor AC geared motor,SM9N090DB,33000,30.15,,AC motor/geared motor/DC motor,,5969_1.jpg; 5969_1.jpg; 5969_3.jpg; 5969_1.jpg; 5969_1.jpg; 5966_6.jpg; 5966_11.jpg; 5966_8.jpg; 5969_1.jpg; 5969_3.jpg; 5966_7.jpg; 6916_9.jpg; 7323_11.jpg; 3012_15.jpg; 7215_18.jpg; 3208_8.jpg; 6916_18.jpg; 5380_10.jpg; 5382_23.jpg; 7706_24.jpg
863,[중고] NSK (106/50mm) 볼스크류 볼나사 Ballscrew TM스크류 베어링 삼익THK 자동화부품 조각기 3D프린터 제작부품 자작 DIY,[Used] NSK (106/50mm) Ball Screw Ball Screw Ballscrew TM Screw Bearing Samick THK Automation Parts Engraver 3D Printer Manufacturing Parts DIY,106/50mm,11000,10.05,THK,Ball screw/spline (SPLINE),,863_1.jpg; 863_1.jpg; 863_3.jpg; 863_1.jpg; 863_1.jpg; 863_6.jpg; 863_7.jpg; 863_8.jpg; 863_9.jpg; 6012_11.jpg; 6012_15.jpg; 6012_20.jpg; 853_13.jpg; 6012_23.jpg; 6002_17.jpg; 6012_7.jpg; 6008_23.jpg; 6002_10.jpg; 6012_18.jpg; 5579_17.jpg; 853_10.jpg; 6012_19.jpg; 6012_17.jpg; 863_1.jpg; 863_3.jpg; 6012_10.jpg; 863_27.jpg; 5966_7.jpg; 6916_9.jpg; 7323_11.jpg; 3012_15.jpg; 7215_18.jpg; 3208_8.jpg; 6916_18.jpg; 5380_10.jpg
8058,[중고] OMRON V640-HAM11-V3,[Used] OMRON V640-HAM11-V3,V640-HAM11-V3,220000,200.97,OMRON,communication module,,8058_1.jpg; 8058_1.jpg; 8058_3.jpg; 8058_1.jpg; 8058_1.jpg; 8058_6.jpg; 8058_7.jpg; 8060_14.jpg; 8060_16.jpg; 7840_24.jpg; 8065_12.jpg; 7914_11.jpg; 8060_11.jpg; 7605_7.jpg; 7914_9.jpg; 8065_23.jpg; 8060_13.jpg; 7914_8.jpg; 7821_23.jpg; 7912_9.jpg; 8065_9.jpg; 8058_1.jpg; 8058_3.jpg; 7916_12.jpg; 6012_10.jpg; 863_27.jpg; 5966_7.jpg; 6916_9.jpg; 7323_11.jpg; 3012_15.jpg; 7215_18.jpg; 3208_8.jpg; 6916_18.jpg
6577,[중고] AXIS 210 CCTV 카메라 CCD 산업용카메라,[Used] AXIS 210 CCTV Camera CCD Industrial Camera,,440000,401.94,,Industrial Cameras/Lens/Lighting,,6577_1.jpg; 6577_1.jpg; 6577_3.jpg; 6577_1.jpg; 6577_1.jpg; 6577_6.jpg; 6577_7.jpg; 5463_18.jpg; 5131_9.jpg; 5131_17.jpg; 5131_14.jpg; 5131_18.jpg; 4594_16.jpg; 5131_22.jpg; 5463_21.jpg; 5463_14.jpg; 5463_9.jpg; 4594_13.jpg; 4594_7.jpg; 5463_17.jpg; 5131_16.jpg; 6577_1.jpg; 6577_3.jpg; 5131_6.jpg; 7916_12.jpg; 6012_10.jpg; 863_27.jpg; 5966_7.jpg; 6916_9.jpg; 7323_11.jpg; 3012_15.jpg; 7215_18.jpg; 3208_8.jpg
7302,[중고] X축 스테이지 Stroke:90mm 1축 스테이지 오토스테이지 정밀스테이지,[Used] X-axis stage Stroke: 90mm 1-axis stage Auto stage Precision stage,Stroke:90mm,110000,100.48,,Precision stage,,7302_1.jpg; 7302_1.jpg; 7302_3.jpg; 7302_1.jpg; 7302_5.jpg; 7302_1.jpg; 7302_7.jpg; 7302_8.jpg; 3012_13.jpg; 3012_15.jpg; 3012_19.jpg; 3012_16.jpg; 3012_14.jpg; 3012_22.jpg; 3012_17.jpg; 7302_1.jpg; 7302_3.jpg; 3012_18.jpg; 5131_6.jpg; 7916_12.jpg; 6012_10.jpg; 863_27.jpg; 5966_7.jpg; 6916_9.jpg; 7323_11.jpg; 3012_15.jpg; 7215_18.jpg
8034,[중고]LAMBDA RWS50A-24/A(24V 2.1A) DLP75-24-1(24V 3.1A) JWS75-24/A(24V 3.2A) FAW24-4.2K(24V 4.2A) EWS120-24(24V 5A) VHR-11(24V 5A) RWS30A-24/A(24V 1.3A) HWS50-24/A(24V 2.2A) JWS100-24/A(24V 4.5A) 파워써플라이 파워서플라이 POWER SUPPLY SMPS(24V),[Used]LAMBDA RWS50A-24/A(24V 2.1A) DLP75-24-1(24V 3.1A) JWS75-24/A(24V 3.2A) FAW24-4.2K(24V 4.2A) EWS120-24(24V 5A) VHR-11(24V 5A) RWS30A-24/A(24V 1.3A) HWS50-24/A(24V 2.2A) JWS100-24/A(24V 4.5A) Power supply Power supply POWER SUPPLY SMPS(24V),RWS50A-24/A,11000,10.05,,Power supply SMPS,,8034_1.jpg; 8034_1.jpg; 8034_3.jpg; 8034_1.jpg; 8034_5.jpg; 8034_6.jpg; 8034_7.jpg; 8034_8.jpg; 8011_12.jpg; 7596_13.jpg; 8011_10.jpg; 8035_12.jpg; 8016_23.jpg; 8011_17.jpg; 8011_13.jpg; 8011_7.jpg; 7554_12.jpg; 7596_12.jpg; 7596_23.jpg; 7596_19.jpg; 7596_8.jpg; 8011_20.jpg; 8034_1.jpg; 8034_3.jpg; 8011_9.jpg; 3012_18.jpg; 5131_6.jpg; 7916_12.jpg; 6012_10.jpg; 863_27.jpg; 5966_7.jpg; 6916_9.jpg; 7323_11.jpg; 3012_15.jpg
7884,[중고] ASD24A-A,[Used] ASD24A-A,ASD24A-A,154000,140.68,,Stepping motor/driver/BLDC,,7884_1.jpg; 7884_1.jpg; 7884_3.jpg; 7884_1.jpg; 7884_5.jpg; 7884_1.jpg; 7884_7.jpg; 7799_14.jpg; 7883_7.jpg; 7883_9.jpg; 7883_16.jpg; 7883_20.jpg; 7881_15.jpg; 7883_17.jpg; 7881_11.jpg; 7883_8.jpg; 7881_10.jpg; 7883_10.jpg; 7799_19.jpg; 7883_18.jpg; 7883_11.jpg; 7884_1.jpg; 7884_3.jpg; 7883_19.jpg; 8011_9.jpg; 3012_18.jpg; 5131_6.jpg; 7916_12.jpg; 6012_10.jpg; 863_27.jpg; 5966_7.jpg; 6916_9.jpg; 7323_11.jpg
7996,[중고] 930AOPLPNCSFSMM VERIFLEO,[Used] 930AOPPLPNCSFSMM VERIFLEO,930AOPLPNCSFSMM,22000,20.1,,Gas valve/regulator/pressure gauge,,7996_1.jpg; 7996_1.jpg; 7996_3.jpg; 7996_1.jpg; 7996_1.jpg; 7996_6.jpg; 7996_7.jpg; 7996_8.jpg; 7996_9.jpg; 7996_10.jpg; 7996_11.jpg; 7996_12.jpg; 7996_13.jpg; 7996_14.jpg; 7996_15.jpg; 7996_16.jpg; 7996_17.jpg; 7996_18.jpg; 7996_19.jpg; 7996_20.jpg; 7961_8.jpg; 7961_11.jpg; 7961_12.jpg; 7961_7.jpg; 7961_9.jpg; 5894_21.jpg; 7996_1.jpg; 7996_3.jpg; 7961_10.jpg; 8011_9.jpg; 3012_18.jpg; 5131_6.jpg; 7916_12.jpg; 6012_10.jpg; 863_27.jpg; 5966_7.jpg; 6916_9.jpg; 7323_11.jpg
5978,[중고] 002-4037-03 Brooks Automation 파워팩 PowerPak Magnatran7,[Used] 002-4037-03 Brooks Automation PowerPak PowerPak Magnatran7,Magnatran7,880000,803.88,BROOKS,semiconductor equipment,,5831_1.jpg; 5831_1.jpg; 5831_3.jpg; 5831_1.jpg; 5978_5.jpg; 7934_21.jpg; 7440_15.jpg; 5729_13.jpg; 8030_21.jpg; 7440_14.jpg; 7934_19.jpg; 8029_25.jpg; 8054_24.jpg; 8050_18.jpg; 8000_16.jpg; 7747_13.jpg; 7997_24.jpg; 7934_18.jpg; 8029_24.jpg; 5831_1.jpg; 5831_3.jpg; 6631_18.jpg; 7961_10.jpg; 8011_9.jpg; 3012_18.jpg; 5131_6.jpg; 7916_12.jpg; 6012_10.jpg; 863_27.jpg; 5966_7.jpg; 6916_9.jpg
6518,[중고] PLASMART PF0313-0121A-1 Path Finder MATCH 3.0kW 13.56MHz,[Used] PLASMART PF0313-0121A-1 Path Finder MATCH 3.0kW 13.56MHz,PF0313-0121A-1,550000,502.42,,RF/DC/MATCH,,6518_1.jpg; 6518_1.jpg; 6518_3.jpg; 6518_1.jpg; 6518_1.jpg; 6518_6.jpg; 6503_18.jpg; 6594_19.jpg; 6512_22.jpg; 6512_14.jpg; 6512_18.jpg; 6594_21.jpg; 6503_16.jpg; 6594_15.jpg; 6594_11.jpg; 6594_8.jpg; 6512_16.jpg; 6594_18.jpg; 6594_17.jpg; 6594_12.jpg; 6518_1.jpg; 6518_3.jpg; 6594_9.jpg; 6631_18.jpg; 7961_10.jpg; 8011_9.jpg; 3012_18.jpg; 5131_6.jpg; 7916_12.jpg; 6012_10.jpg; 863_27.jpg; 5966_7.jpg
5698,[중고] S9I40GTH SPG기어드모터 인덕션모터 AC모터 AC기어드모터,[Used] S9I40GTH SPG geared motor induction motor AC motor AC geared motor,S9I40GTH,33000,30.15,,AC motor/geared motor/DC motor,,5698_1.jpg; 5698_1.jpg; 5698_3.jpg; 5698_1.jpg; 5698_1.jpg; 5972_15.jpg; 5378_11.jpg; 5401_19.jpg; 5401_9.jpg; 5388_12.jpg; 5380_13.jpg; 4735_16.jpg; 4735_22.jpg; 5972_8.jpg; 5972_13.jpg; 5972_18.jpg; 5380_10.jpg; 5972_17.jpg; 5972_11.jpg; 5698_1.jpg; 5698_3.jpg; 5383_7.jpg; 6594_9.jpg; 6631_18.jpg; 7961_10.jpg; 8011_9.jpg; 3012_18.jpg; 5131_6.jpg; 7916_12.jpg; 6012_10.jpg; 863_27.jpg
5120,[중고] POINTGREY FL2-14S3M-C,[Used] POINTGREY FL2-14S3M-C,FL2-14S3M-C,110000,100.48,,Industrial Cameras/Lens/Lighting,,5120_1.jpg; 5120_1.jpg; 5120_3.jpg; 5120_1.jpg; 5120_1.jpg; 5120_6.jpg; 4594_9.jpg; 5131_11.jpg; 5131_19.jpg; 4594_6.jpg; 5463_18.jpg; 4594_7.jpg; 5131_11.jpg; 5131_8.jpg; 5131_6.jpg; 5463_11.jpg; 5131_22.jpg; 5131_12.jpg; 5131_17.jpg; 4594_12.jpg; 5120_1.jpg; 5120_3.jpg; 5122_15.jpg; 5383_7.jpg; 6594_9.jpg; 6631_18.jpg; 7961_10.jpg; 8011_9.jpg; 3012_18.jpg; 5131_6.jpg; 7916_12.jpg; 6012_10.jpg
4638,[중고] CIMR-VT2A0012BAA (2.2KW) 인버터 야스카와인버터 INVERTER,[Used] CIMR-VT2A0012BAA (2.2KW) Inverter Yaskawa Inverter INVERTER,CIMR-VT2A0012BAA,187000,170.82,,INVERTER,,4638_1.jpg; 4638_1.jpg; 4638_3.jpg; 4638_1.jpg; 4638_5.jpg; 5056_8.jpg; 4049_7.jpg; 5056_13.jpg; 5056_7.jpg; 4638_1.jpg; 4638_3.jpg; 4049_14.jpg; 5122_15.jpg; 5383_7.jpg; 6594_9.jpg; 6631_18.jpg; 7961_10.jpg; 8011_9.jpg; 3012_18.jpg; 5131_6.jpg; 7916_12.jpg
2161,[중고] wisebath WHB-6,[Used] wisebath WHB-6,WHB-6,300000,274.05,,"Measuring instruments, optics, experimental equipment",,2161_1.jpg; 2161_1.jpg; 2161_3.jpg; 2161_1.jpg; 2161_1.jpg; 2161_6.jpg; 2161_7.jpg; 2161_8.jpg; 2325_17.jpg; 2325_12.jpg; 2325_11.jpg; 2325_13.jpg; 2161_1.jpg; 2161_3.jpg; 2325_14.jpg; 4049_14.jpg; 5122_15.jpg; 5383_7.jpg; 6594_9.jpg; 6631_18.jpg; 7961_10.jpg; 8011_9.jpg; 3012_18.jpg; 5131_6.jpg
7580,[중고] VAT Angle 26424-KA11-BAV1 26424-KA41-BCF1 26428-KA11-0001 26534-KA21-BCI1 62032-KA18-AAT1 29028-KA21-AFE1 valve 앵글밸브,[Used] VAT Angle 26424-KA11-BAV1 26424-KA41-BCF1 26428-KA11-0001 26534-KA21-BCI1 62032-KA18-AAT1 29028-KA21-AFE1 valve angle valve,26424-KA11-BAV1,55000,50.24,VAT,vacuum valve,,7580_1.jpg; 7580_1.jpg; 7580_3.jpg; 7580_1.jpg; 7580_5.jpg; 7580_6.jpg; 7580_7.jpg; 7580_8.jpg; 7580_9.jpg; 7803_9.jpg; 7803_11.jpg; 7803_8.jpg; 7803_7.jpg; 7803_14.jpg; 7580_1.jpg; 7580_3.jpg; 7803_10.jpg; 2325_14.jpg; 4049_14.jpg; 5122_15.jpg; 5383_7.jpg; 6594_9.jpg; 6631_18.jpg; 7961_10.jpg; 8011_9.jpg; 3012_18.jpg
6878,[중고] AMEC Robostar EFEM,[Used] AMEC Robostar EFEM,,22000000,20097,,semiconductor equipment,,6878_1.jpg; 6632_10.jpg; 6631_13.jpg; 7530_7.jpg; 6632_16.jpg; 7803_10.jpg; 2325_14.jpg; 4049_14.jpg; 5122_15.jpg; 5383_7.jpg; 6594_9.jpg; 6631_18.jpg; 7961_10.jpg; 8011_9.jpg
7620,[중고] PK566AWM,[Used] PK566AWM,PK566AWM,44000,40.19,,Stepping motor/driver/BLDC,,7620_1.jpg; 7620_1.jpg; 7620_3.jpg; 7620_1.jpg; 7620_1.jpg; 7620_6.jpg; 7899_14.jpg; 7899_10.jpg; 7899_16.jpg; 7870_37.jpg; 7868_24.jpg; 7868_25.jpg; 7868_22.jpg; 7868_31.jpg; 7870_34.jpg; 7906_11.jpg; 7906_10.jpg; 7865_7.jpg; 7866_26.jpg; 7866_19.jpg; 7620_1.jpg; 7620_3.jpg; 7868_18.jpg; 7676_15.jpg; 6632_16.jpg; 7803_10.jpg; 2325_14.jpg; 4049_14.jpg; 5122_15.jpg; 5383_7.jpg; 6594_9.jpg; 6631_18.jpg
7549,"[중고] Swagelok SS-63TS8 BALL VALVE 1/2"",[Used] Swagelok SS-63TS8 BALL VALVE 1/2""""",SS-63TS8,66000,60.29,,,Valve/tube fitting parts,7549_1.jpg; 7549_1.jpg; 7549_3.jpg; 7549_1.jpg; 7549_1.jpg; 7549_6.jpg; 7296_14.jpg; 7296_10.jpg; 7296_11.jpg; 7296_9.jpg; 7549_1.jpg; 7549_3.jpg; 7296_8.jpg; 7818_21.jpg; 7676_15.jpg; 6632_16.jpg; 7803_10.jpg; 2325_14.jpg; 4049_14.jpg; 5122_15.jpg; 5383_7.jpg; 6594_9.jpg,
8062,[중고] GT1-TS04P OMRON,[Used] GT1-TS04P OMRON,GT1-TS04P,33000,30.15,OMRON,communication module,,8062_1.jpg; 8062_1.jpg; 8062_3.jpg; 8062_1.jpg; 8062_1.jpg; 8062_6.jpg; 7456_18.jpg; 7719_11.jpg; 8065_20.jpg; 7916_20.jpg; 8060_7.jpg; 7456_14.jpg; 8060_14.jpg; 8060_9.jpg; 7821_12.jpg; 8065_11.jpg; 7819_20.jpg; 7821_23.jpg; 7916_14.jpg; 8060_20.jpg; 8062_1.jpg; 8062_3.jpg; 7912_7.jpg; 7818_21.jpg; 7676_15.jpg; 6632_16.jpg; 7803_10.jpg; 2325_14.jpg; 4049_14.jpg; 5122_15.jpg; 5383_7.jpg; 6594_9.jpg
7179,"[중고] THK KR33A 1축 엑츄에이터 리드10mm 스트로크80mm 자작/DIY CNC부품, 3D프린터 제작","[Used] THK KR33A 1-axis actuator lead 10mm stroke 80mm DIY/DIY CNC parts, 3D printer production",KR33A,110000,100.48,THK,Cartesian robot/actuator,,7179_1.jpg; 7179_1.jpg; 7179_3.jpg; 7179_1.jpg; 7179_1.jpg; 7179_6.jpg; 7179_7.jpg; 7179_8.jpg; 7179_9.jpg; 7179_10.jpg; 7179_11.jpg; 7179_12.jpg; 7179_13.jpg; 5274_12.jpg; 7650_14.jpg; 7215_23.jpg; 7215_25.jpg; 5274_9.jpg; 5769_17.jpg; 5274_15.jpg; 7215_18.jpg; 7215_14.jpg; 7215_21.jpg; 7215_27.jpg; 5274_20.jpg; 7215_22.jpg; 7227_18.jpg; 7179_1.jpg; 7179_3.jpg; 7650_22.jpg; 7912_7.jpg; 7818_21.jpg; 7676_15.jpg; 6632_16.jpg; 7803_10.jpg; 2325_14.jpg; 4049_14.jpg; 5122_15.jpg; 5383_7.jpg
4806,[중고] FR-E520-0.4K (400W),[Used] FR-E520-0.4K (400W),FR-E520-0.4K,55000,50.24,,INVERTER,,4806_1.jpg; 4806_1.jpg; 4806_3.jpg; 4806_1.jpg; 4806_5.jpg; 3208_13.jpg; 3208_14.jpg; 3208_7.jpg; 3208_8.jpg; 3208_12.jpg; 3208_9.jpg; 3208_6.jpg; 3208_10.jpg; 3208_18.jpg; 3208_11.jpg; 4806_1.jpg; 4806_3.jpg; 3208_15.jpg; 7650_22.jpg; 7912_7.jpg; 7818_21.jpg; 7676_15.jpg; 6632_16.jpg; 7803_10.jpg; 2325_14.jpg; 4049_14.jpg; 5122_15.jpg
6608,[중고] THV-1PZ045-8*HN-9 RKC,[Used] THV-1PZ045-8*HN-9 RKC,THV-1PZ045-8*HN-9,187000,170.82,,Electrical parts and other,,6608_1.jpg; 6608_1.jpg; 6608_3.jpg; 6608_1.jpg; 6608_1.jpg; 6608_6.jpg; 7907_11.jpg; 7907_10.jpg; 7907_9.jpg; 7907_13.jpg; 7907_16.jpg; 6608_1.jpg; 6608_3.jpg; 7907_12.jpg; 3208_15.jpg; 7650_22.jpg; 7912_7.jpg; 7818_21.jpg; 7676_15.jpg; 6632_16.jpg; 7803_10.jpg; 2325_14.jpg; 4049_14.jpg
7743,[중고] MKS 683B02K291016/ 683B-26033 Circular gate valve,[Used] MKS 683B02K291016/ 683B-26033 Circular gate valve,683B02K291016/,550000,502.42,MKS,vacuum valve,,7743_1.jpg; 7743_1.jpg; 7743_3.jpg; 7743_1.jpg; 7743_5.jpg; 7743_6.jpg; 7743_7.jpg; 7586_13.jpg; 7586_15.jpg; 7586_12.jpg; 7586_10.jpg; 7586_9.jpg; 7586_18.jpg; 7586_11.jpg; 7743_1.jpg; 7743_3.jpg; 7586_14.jpg; 7907_12.jpg; 3208_15.jpg; 7650_22.jpg; 7912_7.jpg; 7818_21.jpg; 7676_15.jpg; 6632_16.jpg; 7803_10.jpg; 2325_14.jpg
6259,[중고] THERMOVAC TM22,[Used] THERMOVAC TM22,TM22,1100000,1004.85,,Pressure controller/gas analyzer,,6259_1.jpg; 6259_1.jpg; 6259_3.jpg; 6259_1.jpg; 6259_5.jpg; 7789_8.jpg; 7640_18.jpg; 6235_15.jpg; 7789_18.jpg; 7789_20.jpg; 7789_13.jpg; 7789_11.jpg; 6235_19.jpg; 7789_16.jpg; 7789_14.jpg; 6235_16.jpg; 7789_21.jpg; 6262_5.jpg; 7789_9.jpg; 6259_1.jpg; 6259_3.jpg; 7789_17.jpg; 7586_14.jpg; 7907_12.jpg; 3208_15.jpg; 7650_22.jpg; 7912_7.jpg; 7818_21.jpg; 7676_15.jpg; 6632_16.jpg; 7803_10.jpg
7911,[중고] G9S-2002 OMRON,[Used] G9S-2002 OMRON,G9S-2002,22000,20.1,OMRON,communication module,,7911_1.jpg; 7911_1.jpg; 7911_3.jpg; 7911_1.jpg; 7911_1.jpg; 7911_6.jpg; 7376_18.jpg; 8060_7.jpg; 8060_13.jpg; 7375_20.jpg; 7914_8.jpg; 7375_24.jpg; 7821_12.jpg; 7918_18.jpg; 7918_16.jpg; 8060_8.jpg; 7375_19.jpg; 7914_16.jpg; 7821_16.jpg; 7918_19.jpg; 7911_1.jpg; 7911_3.jpg; 7914_18.jpg; 7789_17.jpg; 7586_14.jpg; 7907_12.jpg; 3208_15.jpg; 7650_22.jpg; 7912_7.jpg; 7818_21.jpg; 7676_15.jpg; 6632_16.jpg
6599,[중고] UWL-75S-25D3050 UNITEC SYSTEM  WORM REDUCER 감속기 서보용 웜 감속기,[Used] UWL-75S-25D3050 UNITEC SYSTEM WORM REDUCER Reducer Worm reducer for servo,UWL-75S-25D3050,165000,150.73,,Reducer/Index/Coupling,,6599_1.jpg; 6599_1.jpg; 6599_3.jpg; 6599_1.jpg; 6990_5.jpg; 6599_6.jpg; 6599_1.jpg; 6599_8.jpg; 6599_9.jpg; 6597_16.jpg; 6597_12.jpg; 6597_10.jpg; 6597_11.jpg; 6599_1.jpg; 6599_3.jpg; 6597_13.jpg; 7914_18.jpg; 7789_17.jpg; 7586_14.jpg; 7907_12.jpg; 3208_15.jpg; 7650_22.jpg; 7912_7.jpg; 7818_21.jpg; 7676_15.jpg
7141,"[중고] 1축 엑츄에이터 리드20mm 스트로크 1,100mm 자작/DIY CNC부품, 3D프린터 제작","[Used] 1-axis actuator lead 20mm stroke 1,100mm do-it-yourself/DIY CNC parts, 3D printer production",리드20mm,330000,301.45,,Cartesian robot/actuator,,7141_1.jpg; 7141_1.jpg; 7141_3.jpg; 7141_1.jpg; 7141_1.jpg; 7141_6.jpg; 7141_7.jpg; 7141_8.jpg; 7141_9.jpg; 7141_10.jpg; 7141_11.jpg; 7215_16.jpg; 5274_13.jpg; 7215_15.jpg; 7650_13.jpg; 7650_22.jpg; 7227_18.jpg; 5274_14.jpg; 7650_17.jpg; 7653_17.jpg; 5769_22.jpg; 7215_27.jpg; 7650_14.jpg; 7215_22.jpg; 5274_24.jpg; 7141_1.jpg; 7141_3.jpg; 5274_15.jpg; 6597_13.jpg; 7914_18.jpg; 7789_17.jpg; 7586_14.jpg; 7907_12.jpg; 3208_15.jpg; 7650_22.jpg; 7912_7.jpg; 7818_21.jpg
7523,[중고] RORZE EFEM 3Port Load Port  RR741L1512-411-11X-1 CURR-8452-0 / RV201-F06-A02,[Used] RORZE EFEM 3Port Load Port RR741L1512-411-11X-1 CURR-8452-0 / RV201-F06-A02,3Port,22000000,20097,RORZE,semiconductor equipment,,7523_1.jpg; 7523_1.jpg; 7523_3.jpg; 7523_1.jpg; 7523_5.jpg; 6632_16.jpg; 6631_13.jpg; 6632_10.jpg; 7523_1.jpg; 7523_3.jpg; 7530_7.jpg; 5274_15.jpg; 6597_13.jpg; 7914_18.jpg; 7789_17.jpg; 7586_14.jpg; 7907_12.jpg; 3208_15.jpg; 7650_22.jpg; 7912_7.jpg
8049,[중고] G-P300NL Aligner,[Used] G-P300NL Aligner,G-P300NL,990000,904.37,,"Wafer transfer robot, aligner",,8049_1.jpg; 8049_1.jpg; 8049_3.jpg; 8049_1.jpg; 8049_1.jpg; 8049_6.jpg; 8049_7.jpg; 5729_14.jpg; 5729_19.jpg; 5731_12.jpg; 5729_13.jpg; 5729_10.jpg; 5729_15.jpg; 7440_23.jpg; 5729_9.jpg; 5729_17.jpg; 5729_21.jpg; 5729_16.jpg; 5729_8.jpg; 5729_18.jpg; 5729_12.jpg; 8049_1.jpg; 8049_3.jpg; 5729_11.jpg; 7530_7.jpg; 5274_15.jpg; 6597_13.jpg; 7914_18.jpg; 7789_17.jpg; 7586_14.jpg; 7907_12.jpg; 3208_15.jpg; 7650_22.jpg
6913,[중고] PCI-DIO-96 NATIONAL INSTRUMENTS,[Used] PCI-DIO-96 NATIONAL INSTRUMENTS,PCI-DIO-96,110000,100.48,,Computer/Computer-related parts,,6913_1.jpg; 6913_1.jpg; 6913_3.jpg; 6913_1.jpg; 6913_1.jpg; 6913_6.jpg; 6913_7.jpg; 7129_23.jpg; 7164_18.jpg; 7509_9.jpg; 7214_13.jpg; 7999_17.jpg; 7129_7.jpg; 7510_15.jpg; 7938_13.jpg; 6911_14.jpg; 6823_12.jpg; 6916_18.jpg; 7999_11.jpg; 7510_20.jpg; 6911_18.jpg; 6913_1.jpg; 6913_3.jpg; 7509_7.jpg; 5729_11.jpg; 7530_7.jpg; 5274_15.jpg; 6597_13.jpg; 7914_18.jpg; 7789_17.jpg; 7586_14.jpg; 7907_12.jpg; 3208_15.jpg
7660,[중고] NT620S-ST211-EK OMRON,[Used] NT620S-ST211-EK OMRON,NT620S-ST211-EK,165000,150.73,OMRON,touch screen,,7660_1.jpg; 7660_1.jpg; 7660_3.jpg; 7660_1.jpg; 7660_1.jpg; 7660_6.jpg; 7660_7.jpg; 7975_10.jpg; 7660_1.jpg; 7660_3.jpg; 7975_7.jpg; 7509_7.jpg; 5729_11.jpg; 7530_7.jpg; 5274_15.jpg; 6597_13.jpg; 7914_18.jpg; 7789_17.jpg; 7586_14.jpg; 7907_12.jpg
6991,"[중고] ATG PGX44-H-7 (7:1), 서보모터용 감속기, 50,100W","[Used] ATG PGX44-H-7 (7:1), reducer for servo motor, 50,100W",PGX44-H-7,88000,80.39,,Reducer/Index/Coupling,,6991_1.jpg; 6991_1.jpg; 6991_3.jpg; 6991_1.jpg; 6990_5.jpg; 6991_1.jpg; 6991_7.jpg; 6991_8.jpg; 5897_17.jpg; 7617_9.jpg; 7617_17.jpg; 7627_10.jpg; 7617_18.jpg; 6994_25.jpg; 7627_14.jpg; 7617_15.jpg; 7617_16.jpg; 7627_21.jpg; 7627_15.jpg; 7072_14.jpg; 7627_19.jpg; 7617_21.jpg; 6991_1.jpg; 6991_3.jpg; 7627_17.jpg; 7975_7.jpg; 7509_7.jpg; 5729_11.jpg; 7530_7.jpg; 5274_15.jpg; 6597_13.jpg; 7914_18.jpg; 7789_17.jpg; 7586_14.jpg
5637,[중고] INFICON Transpector HPR Model:HPR-1100 가스 분석기,[Used] INFICON Transpector HPR Model:HPR-1100 Gas Analyzer,Model:HPR-1100,5500000,5024.25,,Pressure controller/gas analyzer,,5637_1.jpg; 5637_1.jpg; 5637_3.jpg; 5637_1.jpg; 5638_5.jpg; 5637_6.jpg; 5638_9.jpg; 5638_12.jpg; 5638_8.jpg; 5637_1.jpg; 5637_3.jpg; 5638_7.jpg; 7627_17.jpg; 7975_7.jpg; 7509_7.jpg; 5729_11.jpg; 7530_7.jpg; 5274_15.jpg; 6597_13.jpg; 7914_18.jpg; 7789_17.jpg
3711,[중고] Z축 AUTO 스테이지 1축 스테이지 오트스테이지 정밀스테이지 MMT 광학 스테이지,[Used] Z-axis AUTO stage 1-axis stage Auto stage Precision stage MMT optical stage,,330000,301.45,,Precision stage,,3711_1.jpg; 3711_1.jpg; 3711_3.jpg; 3711_1.jpg; 3711_5.jpg; 3012_19.jpg; 3012_14.jpg; 3012_15.jpg; 3012_22.jpg; 3012_18.jpg; 3012_16.jpg; 3012_13.jpg; 3711_1.jpg; 3711_3.jpg; 3012_17.jpg; 5638_7.jpg; 7627_17.jpg; 7975_7.jpg; 7509_7.jpg; 5729_11.jpg; 7530_7.jpg; 5274_15.jpg; 6597_13.jpg; 7914_18.jpg
